********  (C) Copyright Rosetta Commons Member Institutions.  ***************
* Use of Rosetta for commercial purposes may require purchase of a license. *
********  See LICENSE.md or email license@uw.edu for more details. **********
core.init: Checking for fconfig files in pwd and ./rosetta/flags 
core.init: Rosetta version: 2025.37+HEAD.df75a9c48e df75a9c48e763e52a7aa3f5dfba077f4da88dbf5 https://github.com/RosettaCommons/rosetta.git 2025-09-03T12:23:30
core.init: Rosetta extras: []
core.init: command: rosetta_scripts @flags_relax_v3_nstruct_10
basic.random.init_random_generator: 'RNG device' seed mode, using '/dev/urandom', seed=296100254 seed_offset=0 real_seed=296100254
basic.random.init_random_generator: RandomGenerator:init: Normal mode, seed=296100254 RG_type=mt19937
core.init: found database environment variable ROSETTA3_DB: /usr/local/database
protocols.jd2.PDBJobInputter: Instantiate PDBJobInputter
protocols.jd2.PDBJobInputter: PDBJobInputter::fill_jobs
protocols.jd2.PDBJobInputter: pushed structure.pdb nstruct indices 1 - 10
protocols.evaluation.ChiWellRmsdEvaluatorCreator: Evaluation Creator active ... 
protocols.jd2.PDBJobInputter: PDBJobInputter::pose_from_job
protocols.jd2.PDBJobInputter: filling pose from PDB structure.pdb
core.chemical.GlobalResidueTypeSet: Finished initializing fa_standard residue type set.  Created 985 residue types
core.chemical.GlobalResidueTypeSet: Total time to initialize 0.539575 seconds.
core.import_pose.import_pose: File 'structure.pdb' automatically determined to be of type PDB from contents.
protocols.rosetta_scripts.RosettaScriptsParser: dock_design_filename=relax_v3.xml
protocols.rosetta_scripts.RosettaScriptsParser: Validating input script...
protocols.rosetta_scripts.RosettaScriptsSchemaValidator: Generating XML Schema for rosetta_scripts...
protocols.rosetta_scripts.RosettaScriptsSchemaValidator: ...done
protocols.rosetta_scripts.RosettaScriptsSchemaValidator: Initializing schema validator...
protocols.rosetta_scripts.RosettaScriptsSchemaValidator: ...done
protocols.rosetta_scripts.RosettaScriptsParser: ...done
protocols.rosetta_scripts.RosettaScriptsParser: Parsed script:
<ROSETTASCRIPTS>
	<SCOREFXNS>
		<ScoreFunction name="beta_sf" weights="beta_nov16_cart"/>
	</SCOREFXNS>
	<MOVERS>
		<MutateResidue name="mutant" new_res="ALA" target="55A"/>
		<FastRelax cartesian="true" disable_design="true" name="relax" repeats="10" scorefxn="beta_sf"/>
	</MOVERS>
	<PROTOCOLS>
		<Add mover_name="mutant"/>
		<Add mover_name="relax"/>
	</PROTOCOLS>
	<OUTPUT scorefxn="beta_sf"/>
</ROSETTASCRIPTS>
core.scoring.ScoreFunctionFactory: SCOREFUNCTION: beta_nov16_cart.wts
core.scoring.etable: Starting energy table calculation
core.scoring.etable: smooth_etable: changing atr/rep split to bottom of energy well
core.scoring.etable: smooth_etable: spline smoothing lj etables (maxdis = 6)
core.scoring.etable: smooth_etable: spline smoothing solvation etables (max_dis = 6)
core.scoring.etable: Finished calculating energy tables.
basic.io.database: Database file opened: scoring/score_functions/hbonds/ref2015_params/HBPoly1D.csv
basic.io.database: Database file opened: scoring/score_functions/hbonds/ref2015_params/HBFadeIntervals.csv
basic.io.database: Database file opened: scoring/score_functions/hbonds/ref2015_params/HBEval.csv
basic.io.database: Database file opened: scoring/score_functions/hbonds/ref2015_params/DonStrength.csv
basic.io.database: Database file opened: scoring/score_functions/hbonds/ref2015_params/AccStrength.csv
basic.io.database: Database file opened: scoring/score_functions/rama/fd_beta_nov2016/all.ramaProb
basic.io.database: Database file opened: scoring/score_functions/rama/fd_beta_nov2016/prepro.ramaProb
basic.io.database: Database file opened: scoring/score_functions/omega/omega_ppdep.all.txt
basic.io.database: Database file opened: scoring/score_functions/omega/omega_ppdep.gly.txt
basic.io.database: Database file opened: scoring/score_functions/omega/omega_ppdep.pro.txt
basic.io.database: Database file opened: scoring/score_functions/omega/omega_ppdep.valile.txt
basic.io.database: Database file opened: scoring/score_functions/P_AA_pp/P_AA
basic.io.database: Database file opened: scoring/score_functions/P_AA_pp/P_AA_n
core.scoring.P_AA: shapovalov_lib::shap_p_aa_pp_smooth_level of 1( aka low_smooth ) got activated.
basic.io.database: Database file opened: scoring/score_functions/P_AA_pp/shapovalov/10deg/kappa131/a20.prop
basic.io.database: Database file opened: scoring/score_functions/bondlength_bondangle/hydroxyl_torsion_preference.txt
core.energy_methods.CartesianBondedEnergy: Initializing IdealParametersDatabase with default Ks=300 , 80 , 80 , 10 , 80
basic.io.database: Database file opened: scoring/score_functions/bondlength_bondangle/default-lengths.txt
core.energy_methods.CartesianBondedEnergy: Read 759 bb-independent lengths.
basic.io.database: Database file opened: scoring/score_functions/bondlength_bondangle/default-angles.txt
core.energy_methods.CartesianBondedEnergy: Read 1434 bb-independent angles.
basic.io.database: Database file opened: scoring/score_functions/bondlength_bondangle/default-torsions.txt
core.energy_methods.CartesianBondedEnergy: Read 1 bb-independent torsions.
basic.io.database: Database file opened: scoring/score_functions/bondlength_bondangle/default-improper.txt
core.energy_methods.CartesianBondedEnergy: Read 529 bb-independent improper tors.
core.scoring.etable: Starting energy table calculation
core.scoring.etable: smooth_etable: changing atr/rep split to bottom of energy well
core.scoring.etable: smooth_etable: spline smoothing lj etables (maxdis = 6)
core.scoring.etable: smooth_etable: spline smoothing solvation etables (max_dis = 6)
core.scoring.etable: Finished calculating energy tables.
basic.io.database: Database file opened: scoring/score_functions/PairEPotential/pdb_pair_stats_fine
basic.io.database: Database file opened: scoring/score_functions/InterchainPotential/interchain_env_log.txt
basic.io.database: Database file opened: scoring/score_functions/InterchainPotential/interchain_pair_log.txt
basic.io.database: Database file opened: scoring/score_functions/EnvPairPotential/env_log.txt
basic.io.database: Database file opened: scoring/score_functions/EnvPairPotential/cbeta_den.txt
basic.io.database: Database file opened: scoring/score_functions/EnvPairPotential/pair_log.txt
basic.io.database: Database file opened: scoring/score_functions/EnvPairPotential/cenpack_log.txt
core.scoring.ramachandran: shapovalov_lib::shap_rama_smooth_level of 4( aka highest_smooth ) got activated.
basic.io.database: Database file opened: scoring/score_functions/rama/shapovalov/kappa25/all.ramaProb
protocols.jd2.parser.ScoreFunctionLoader: defined score function "beta_sf" with weights "beta_nov16_cart"
protocols.rosetta_scripts.RosettaScriptsParser: Defined mover named "mutant" of type MutateResidue
protocols.relax.RelaxScriptManager: Reading relax scripts list from database.
core.scoring.ScoreFunctionFactory: SCOREFUNCTION: beta_nov16_cart.wts
protocols.relax.RelaxScriptManager: Looking for MonomerRelax2019.txt
protocols.relax.RelaxScriptManager: ================== Reading script file: /usr/local/database/sampling/relax_scripts/MonomerRelax2019.txt ==================
protocols.relax.RelaxScriptManager: repeat %%nrepeats%%
protocols.relax.RelaxScriptManager: coord_cst_weight 1.0
protocols.relax.RelaxScriptManager: scale:fa_rep 0.040
protocols.relax.RelaxScriptManager: repack
protocols.relax.RelaxScriptManager: scale:fa_rep 0.051
protocols.relax.RelaxScriptManager: min 0.01
protocols.relax.RelaxScriptManager: coord_cst_weight 0.5
protocols.relax.RelaxScriptManager: scale:fa_rep 0.265
protocols.relax.RelaxScriptManager: repack
protocols.relax.RelaxScriptManager: scale:fa_rep 0.280
protocols.relax.RelaxScriptManager: min 0.01
protocols.relax.RelaxScriptManager: coord_cst_weight 0.0
protocols.relax.RelaxScriptManager: scale:fa_rep 0.559
protocols.relax.RelaxScriptManager: repack
protocols.relax.RelaxScriptManager: scale:fa_rep 0.581
protocols.relax.RelaxScriptManager: min 0.01
protocols.relax.RelaxScriptManager: coord_cst_weight 0.0
protocols.relax.RelaxScriptManager: scale:fa_rep 1
protocols.relax.RelaxScriptManager: repack
protocols.relax.RelaxScriptManager: min 0.00001
protocols.relax.RelaxScriptManager: accept_to_best
protocols.relax.RelaxScriptManager: endrepeat
protocols.rosetta_scripts.RosettaScriptsParser: Defined mover named "relax" of type FastRelax
protocols.rosetta_scripts.ParsedProtocol: ParsedProtocol mover with the following settings
protocols.rosetta_scripts.ParsedProtocol: Added mover "mutant"
protocols.rosetta_scripts.ParsedProtocol: Added mover "relax"
protocols.jd2.PDBJobInputter: PDBJobInputter::pose_from_job
protocols.jd2.PDBJobInputter: filling pose from saved copy structure.pdb
protocols.rosetta_scripts.ParsedProtocol: =======================BEGIN MOVER MutateResidue - mutant=======================
protocols.rosetta_scripts.ParsedProtocol: =======================BEGIN MOVER FastRelax - relax=======================
core.energy_methods.CartesianBondedEnergy: Creating new peptide-bonded energy container (75)
basic.io.database: Database file opened: scoring/score_functions/elec_cp_reps.dat
core.scoring.elec.util: Read 40 countpair representative atoms
core.pack.dunbrack.RotamerLibrary: shapovalov_lib_fixes_enable option is true.
core.pack.dunbrack.RotamerLibrary: Binary rotamer library selected: /usr/local/database/rotamer/beta_nov2016/Dunbrack10.lib.bin
core.pack.dunbrack.RotamerLibrary: Using Dunbrack library binary file '/usr/local/database/rotamer/beta_nov2016/Dunbrack10.lib.bin'.
core.pack.dunbrack.RotamerLibrary: Dunbrack 2010 library took 0.10766 seconds to load from binary
protocols.relax.FastRelax: CMD: repeat  -173.549  0  0  0.55
protocols.relax.FastRelax: CMD: coord_cst_weight  -173.549  0  0  0.55
protocols.relax.FastRelax: CMD: scale:fa_rep  -217.971  0  0  0.022
core.pack.task: Packer task: initialize from command line() 
core.pack.pack_rotamers: built 1065 rotamers at 75 positions.
core.pack.interaction_graph.interaction_graph_factory: Instantiating DensePDInteractionGraph
protocols.relax.FastRelax: CMD: repack  -258.505  0  0  0.022
protocols.relax.FastRelax: CMD: scale:fa_rep  -256.263  0  0  0.02805
protocols.relax.FastRelax: CMD: min  -347.807  0.81664  0.81664  0.02805
protocols.relax.FastRelax: CMD: coord_cst_weight  -347.807  0.81664  0.81664  0.02805
protocols.relax.FastRelax: CMD: scale:fa_rep  -201.676  0.81664  0.81664  0.14575
core.pack.task: Packer task: initialize from command line() 
core.pack.pack_rotamers: built 981 rotamers at 75 positions.
core.pack.interaction_graph.interaction_graph_factory: Instantiating DensePDInteractionGraph
protocols.relax.FastRelax: CMD: repack  -197.209  0.81664  0.81664  0.14575
protocols.relax.FastRelax: CMD: scale:fa_rep  -187.308  0.81664  0.81664  0.154
protocols.relax.FastRelax: CMD: min  -293.13  0.552316  0.552316  0.154
protocols.relax.FastRelax: CMD: coord_cst_weight  -293.13  0.552316  0.552316  0.154
protocols.relax.FastRelax: CMD: scale:fa_rep  -254.226  0.552316  0.552316  0.30745
core.pack.task: Packer task: initialize from command line() 
core.pack.pack_rotamers: built 951 rotamers at 75 positions.
core.pack.interaction_graph.interaction_graph_factory: Instantiating DensePDInteractionGraph
protocols.relax.FastRelax: CMD: repack  -254.45  0.552316  0.552316  0.30745
protocols.relax.FastRelax: CMD: scale:fa_rep  -251.386  0.552316  0.552316  0.31955
protocols.relax.FastRelax: CMD: min  -265.929  0.439293  0.439293  0.31955
protocols.relax.FastRelax: CMD: coord_cst_weight  -265.929  0.439293  0.439293  0.31955
protocols.relax.FastRelax: CMD: scale:fa_rep  -237.115  0.439293  0.439293  0.55
core.pack.task: Packer task: initialize from command line() 
core.pack.pack_rotamers: built 938 rotamers at 75 positions.
core.pack.interaction_graph.interaction_graph_factory: Instantiating DensePDInteractionGraph
protocols.relax.FastRelax: CMD: repack  -237.115  0.439293  0.439293  0.55
protocols.relax.FastRelax: CMD: min  -245.299  0.409292  0.409292  0.55
protocols.relax.FastRelax: MRP: 0  -245.299  -245.299  0.409292  0.409292  
protocols.relax.FastRelax: CMD: accept_to_best  -245.299  0.409292  0.409292  0.55
protocols.relax.FastRelax: CMD: endrepeat  -245.299  0.409292  0.409292  0.55
protocols.relax.FastRelax: CMD: coord_cst_weight  -245.299  0.409292  0.409292  0.55
protocols.relax.FastRelax: CMD: scale:fa_rep  -286.552  0.409292  0.409292  0.022
core.pack.task: Packer task: initialize from command line() 
core.pack.pack_rotamers: built 1102 rotamers at 75 positions.
core.pack.interaction_graph.interaction_graph_factory: Instantiating DensePDInteractionGraph
protocols.relax.FastRelax: CMD: repack  -290.488  0.409292  0.409292  0.022
protocols.relax.FastRelax: CMD: scale:fa_rep  -289.235  0.409292  0.409292  0.02805
protocols.relax.FastRelax: CMD: min  -357.226  0.888311  0.888311  0.02805
protocols.relax.FastRelax: CMD: coord_cst_weight  -357.226  0.888311  0.888311  0.02805
protocols.relax.FastRelax: CMD: scale:fa_rep  -203.979  0.888311  0.888311  0.14575
core.pack.task: Packer task: initialize from command line() 
core.pack.pack_rotamers: built 1007 rotamers at 75 positions.
core.pack.interaction_graph.interaction_graph_factory: Instantiating DensePDInteractionGraph
protocols.relax.FastRelax: CMD: repack  -204.208  0.888311  0.888311  0.14575
protocols.relax.FastRelax: CMD: scale:fa_rep  -193.61  0.888311  0.888311  0.154
protocols.relax.FastRelax: CMD: min  -297.049  0.612976  0.612976  0.154
protocols.relax.FastRelax: CMD: coord_cst_weight  -297.049  0.612976  0.612976  0.154
protocols.relax.FastRelax: CMD: scale:fa_rep  -258.873  0.612976  0.612976  0.30745
core.pack.task: Packer task: initialize from command line() 
core.pack.pack_rotamers: built 929 rotamers at 75 positions.
core.pack.interaction_graph.interaction_graph_factory: Instantiating DensePDInteractionGraph
protocols.relax.FastRelax: CMD: repack  -258.873  0.612976  0.612976  0.30745
protocols.relax.FastRelax: CMD: scale:fa_rep  -255.863  0.612976  0.612976  0.31955
protocols.relax.FastRelax: CMD: min  -268.711  0.527462  0.527462  0.31955
protocols.relax.FastRelax: CMD: coord_cst_weight  -268.711  0.527462  0.527462  0.31955
protocols.relax.FastRelax: CMD: scale:fa_rep  -239.328  0.527462  0.527462  0.55
core.pack.task: Packer task: initialize from command line() 
core.pack.pack_rotamers: built 913 rotamers at 75 positions.
core.pack.interaction_graph.interaction_graph_factory: Instantiating DensePDInteractionGraph
protocols.relax.FastRelax: CMD: repack  -239.328  0.527462  0.527462  0.55
protocols.relax.FastRelax: CMD: min  -246.504  0.468055  0.468055  0.55
protocols.relax.FastRelax: MRP: 1  -246.504  -246.504  0.468055  0.468055  
protocols.relax.FastRelax: CMD: accept_to_best  -246.504  0.468055  0.468055  0.55
protocols.relax.FastRelax: CMD: endrepeat  -246.504  0.468055  0.468055  0.55
protocols.relax.FastRelax: CMD: coord_cst_weight  -246.504  0.468055  0.468055  0.55
protocols.relax.FastRelax: CMD: scale:fa_rep  -287.623  0.468055  0.468055  0.022
core.pack.task: Packer task: initialize from command line() 
core.pack.pack_rotamers: built 1079 rotamers at 75 positions.
core.pack.interaction_graph.interaction_graph_factory: Instantiating DensePDInteractionGraph
protocols.relax.FastRelax: CMD: repack  -291.378  0.468055  0.468055  0.022
protocols.relax.FastRelax: CMD: scale:fa_rep  -290.101  0.468055  0.468055  0.02805
protocols.relax.FastRelax: CMD: min  -357.932  0.885013  0.885013  0.02805
protocols.relax.FastRelax: CMD: coord_cst_weight  -357.932  0.885013  0.885013  0.02805
protocols.relax.FastRelax: CMD: scale:fa_rep  -208.063  0.885013  0.885013  0.14575
core.pack.task: Packer task: initialize from command line() 
core.pack.pack_rotamers: built 982 rotamers at 75 positions.
core.pack.interaction_graph.interaction_graph_factory: Instantiating DensePDInteractionGraph
protocols.relax.FastRelax: CMD: repack  -208.063  0.885013  0.885013  0.14575
protocols.relax.FastRelax: CMD: scale:fa_rep  -197.558  0.885013  0.885013  0.154
protocols.relax.FastRelax: CMD: min  -297.178  0.620403  0.620403  0.154
protocols.relax.FastRelax: CMD: coord_cst_weight  -297.178  0.620403  0.620403  0.154
protocols.relax.FastRelax: CMD: scale:fa_rep  -259.238  0.620403  0.620403  0.30745
core.pack.task: Packer task: initialize from command line() 
core.pack.pack_rotamers: built 929 rotamers at 75 positions.
core.pack.interaction_graph.interaction_graph_factory: Instantiating DensePDInteractionGraph
protocols.relax.FastRelax: CMD: repack  -259.238  0.620403  0.620403  0.30745
protocols.relax.FastRelax: CMD: scale:fa_rep  -256.246  0.620403  0.620403  0.31955
protocols.relax.FastRelax: CMD: min  -268.783  0.533557  0.533557  0.31955
protocols.relax.FastRelax: CMD: coord_cst_weight  -268.783  0.533557  0.533557  0.31955
protocols.relax.FastRelax: CMD: scale:fa_rep  -239.516  0.533557  0.533557  0.55
core.pack.task: Packer task: initialize from command line() 
core.pack.pack_rotamers: built 918 rotamers at 75 positions.
core.pack.interaction_graph.interaction_graph_factory: Instantiating DensePDInteractionGraph
protocols.relax.FastRelax: CMD: repack  -239.516  0.533557  0.533557  0.55
protocols.relax.FastRelax: CMD: min  -246.469  0.475126  0.475126  0.55
protocols.relax.FastRelax: MRP: 2  -246.469  -246.504  0.468055  0.468055  
protocols.relax.FastRelax: CMD: accept_to_best  -246.469  0.475126  0.475126  0.55
protocols.relax.FastRelax: CMD: endrepeat  -246.469  0.475126  0.475126  0.55
protocols.relax.FastRelax: CMD: coord_cst_weight  -246.469  0.475126  0.475126  0.55
protocols.relax.FastRelax: CMD: scale:fa_rep  -287.731  0.475126  0.475126  0.022
core.pack.task: Packer task: initialize from command line() 
core.pack.pack_rotamers: built 1081 rotamers at 75 positions.
core.pack.interaction_graph.interaction_graph_factory: Instantiating DensePDInteractionGraph
protocols.relax.FastRelax: CMD: repack  -291.434  0.475126  0.475126  0.022
protocols.relax.FastRelax: CMD: scale:fa_rep  -290.115  0.475126  0.475126  0.02805
protocols.relax.FastRelax: CMD: min  -357.921  0.888259  0.888259  0.02805
protocols.relax.FastRelax: CMD: coord_cst_weight  -357.921  0.888259  0.888259  0.02805
protocols.relax.FastRelax: CMD: scale:fa_rep  -207.869  0.888259  0.888259  0.14575
core.pack.task: Packer task: initialize from command line() 
core.pack.pack_rotamers: built 983 rotamers at 75 positions.
core.pack.interaction_graph.interaction_graph_factory: Instantiating DensePDInteractionGraph
protocols.relax.FastRelax: CMD: repack  -207.872  0.888259  0.888259  0.14575
protocols.relax.FastRelax: CMD: scale:fa_rep  -197.386  0.888259  0.888259  0.154
protocols.relax.FastRelax: CMD: min  -297.208  0.624659  0.624659  0.154
protocols.relax.FastRelax: CMD: coord_cst_weight  -297.208  0.624659  0.624659  0.154
protocols.relax.FastRelax: CMD: scale:fa_rep  -259.284  0.624659  0.624659  0.30745
core.pack.task: Packer task: initialize from command line() 
core.pack.pack_rotamers: built 927 rotamers at 75 positions.
core.pack.interaction_graph.interaction_graph_factory: Instantiating DensePDInteractionGraph
protocols.relax.FastRelax: CMD: repack  -259.284  0.624659  0.624659  0.30745
protocols.relax.FastRelax: CMD: scale:fa_rep  -256.294  0.624659  0.624659  0.31955
protocols.relax.FastRelax: CMD: min  -268.882  0.524064  0.524064  0.31955
protocols.relax.FastRelax: CMD: coord_cst_weight  -268.882  0.524064  0.524064  0.31955
protocols.relax.FastRelax: CMD: scale:fa_rep  -239.744  0.524064  0.524064  0.55
core.pack.task: Packer task: initialize from command line() 
core.pack.pack_rotamers: built 917 rotamers at 75 positions.
core.pack.interaction_graph.interaction_graph_factory: Instantiating DensePDInteractionGraph
protocols.relax.FastRelax: CMD: repack  -239.744  0.524064  0.524064  0.55
protocols.relax.FastRelax: CMD: min  -246.575  0.464923  0.464923  0.55
protocols.relax.FastRelax: MRP: 3  -246.575  -246.575  0.464923  0.464923  
protocols.relax.FastRelax: CMD: accept_to_best  -246.575  0.464923  0.464923  0.55
protocols.relax.FastRelax: CMD: endrepeat  -246.575  0.464923  0.464923  0.55
protocols.relax.FastRelax: CMD: coord_cst_weight  -246.575  0.464923  0.464923  0.55
protocols.relax.FastRelax: CMD: scale:fa_rep  -287.904  0.464923  0.464923  0.022
core.pack.task: Packer task: initialize from command line() 
core.pack.pack_rotamers: built 1078 rotamers at 75 positions.
core.pack.interaction_graph.interaction_graph_factory: Instantiating DensePDInteractionGraph
protocols.relax.FastRelax: CMD: repack  -291.579  0.464923  0.464923  0.022
protocols.relax.FastRelax: CMD: scale:fa_rep  -290.396  0.464923  0.464923  0.02805
protocols.relax.FastRelax: CMD: min  -357.865  0.888839  0.888839  0.02805
protocols.relax.FastRelax: CMD: coord_cst_weight  -357.865  0.888839  0.888839  0.02805
protocols.relax.FastRelax: CMD: scale:fa_rep  -208.103  0.888839  0.888839  0.14575
core.pack.task: Packer task: initialize from command line() 
core.pack.pack_rotamers: built 983 rotamers at 75 positions.
core.pack.interaction_graph.interaction_graph_factory: Instantiating DensePDInteractionGraph
protocols.relax.FastRelax: CMD: repack  -208.105  0.888839  0.888839  0.14575
protocols.relax.FastRelax: CMD: scale:fa_rep  -197.64  0.888839  0.888839  0.154
protocols.relax.FastRelax: CMD: min  -297.242  0.626088  0.626088  0.154
protocols.relax.FastRelax: CMD: coord_cst_weight  -297.242  0.626088  0.626088  0.154
protocols.relax.FastRelax: CMD: scale:fa_rep  -259.297  0.626088  0.626088  0.30745
core.pack.task: Packer task: initialize from command line() 
core.pack.pack_rotamers: built 926 rotamers at 75 positions.
core.pack.interaction_graph.interaction_graph_factory: Instantiating DensePDInteractionGraph
protocols.relax.FastRelax: CMD: repack  -259.297  0.626088  0.626088  0.30745
protocols.relax.FastRelax: CMD: scale:fa_rep  -256.305  0.626088  0.626088  0.31955
protocols.relax.FastRelax: CMD: min  -268.881  0.525671  0.525671  0.31955
protocols.relax.FastRelax: CMD: coord_cst_weight  -268.881  0.525671  0.525671  0.31955
protocols.relax.FastRelax: CMD: scale:fa_rep  -239.749  0.525671  0.525671  0.55
core.pack.task: Packer task: initialize from command line() 
core.pack.pack_rotamers: built 918 rotamers at 75 positions.
core.pack.interaction_graph.interaction_graph_factory: Instantiating DensePDInteractionGraph
protocols.relax.FastRelax: CMD: repack  -239.749  0.525671  0.525671  0.55
protocols.relax.FastRelax: CMD: min  -246.608  0.461285  0.461285  0.55
protocols.relax.FastRelax: MRP: 4  -246.608  -246.608  0.461285  0.461285  
protocols.relax.FastRelax: CMD: accept_to_best  -246.608  0.461285  0.461285  0.55
protocols.relax.FastRelax: CMD: endrepeat  -246.608  0.461285  0.461285  0.55
protocols.relax.FastRelax: CMD: coord_cst_weight  -246.608  0.461285  0.461285  0.55
protocols.relax.FastRelax: CMD: scale:fa_rep  -287.842  0.461285  0.461285  0.022
core.pack.task: Packer task: initialize from command line() 
core.pack.pack_rotamers: built 1077 rotamers at 75 positions.
core.pack.interaction_graph.interaction_graph_factory: Instantiating DensePDInteractionGraph
protocols.relax.FastRelax: CMD: repack  -291.511  0.461285  0.461285  0.022
protocols.relax.FastRelax: CMD: scale:fa_rep  -290.33  0.461285  0.461285  0.02805
protocols.relax.FastRelax: CMD: min  -358.348  0.89937  0.89937  0.02805
protocols.relax.FastRelax: CMD: coord_cst_weight  -358.348  0.89937  0.89937  0.02805
protocols.relax.FastRelax: CMD: scale:fa_rep  -204.869  0.89937  0.89937  0.14575
core.pack.task: Packer task: initialize from command line() 
core.pack.pack_rotamers: built 991 rotamers at 75 positions.
core.pack.interaction_graph.interaction_graph_factory: Instantiating DensePDInteractionGraph
protocols.relax.FastRelax: CMD: repack  -204.891  0.89937  0.89937  0.14575
protocols.relax.FastRelax: CMD: scale:fa_rep  -194.286  0.89937  0.89937  0.154
protocols.relax.FastRelax: CMD: min  -296.662  0.625672  0.625672  0.154
protocols.relax.FastRelax: CMD: coord_cst_weight  -296.662  0.625672  0.625672  0.154
protocols.relax.FastRelax: CMD: scale:fa_rep  -258.923  0.625672  0.625672  0.30745
core.pack.task: Packer task: initialize from command line() 
core.pack.pack_rotamers: built 929 rotamers at 75 positions.
core.pack.interaction_graph.interaction_graph_factory: Instantiating DensePDInteractionGraph
protocols.relax.FastRelax: CMD: repack  -258.923  0.625672  0.625672  0.30745
protocols.relax.FastRelax: CMD: scale:fa_rep  -255.948  0.625672  0.625672  0.31955
protocols.relax.FastRelax: CMD: min  -268.405  0.526785  0.526785  0.31955
protocols.relax.FastRelax: CMD: coord_cst_weight  -268.405  0.526785  0.526785  0.31955
protocols.relax.FastRelax: CMD: scale:fa_rep  -238.99  0.526785  0.526785  0.55
core.pack.task: Packer task: initialize from command line() 
core.pack.pack_rotamers: built 924 rotamers at 75 positions.
core.pack.interaction_graph.interaction_graph_factory: Instantiating DensePDInteractionGraph
protocols.relax.FastRelax: CMD: repack  -238.99  0.526785  0.526785  0.55
protocols.relax.FastRelax: CMD: min  -246.05  0.469624  0.469624  0.55
protocols.relax.FastRelax: MRP: 5  -246.05  -246.608  0.461285  0.461285  
protocols.relax.FastRelax: CMD: accept_to_best  -246.05  0.469624  0.469624  0.55
protocols.relax.FastRelax: CMD: endrepeat  -246.05  0.469624  0.469624  0.55
protocols.relax.FastRelax: CMD: coord_cst_weight  -246.05  0.469624  0.469624  0.55
protocols.relax.FastRelax: CMD: scale:fa_rep  -287.31  0.469624  0.469624  0.022
core.pack.task: Packer task: initialize from command line() 
core.pack.pack_rotamers: built 1073 rotamers at 75 positions.
core.pack.interaction_graph.interaction_graph_factory: Instantiating DensePDInteractionGraph
protocols.relax.FastRelax: CMD: repack  -291.91  0.469624  0.469624  0.022
protocols.relax.FastRelax: CMD: scale:fa_rep  -290.713  0.469624  0.469624  0.02805
protocols.relax.FastRelax: CMD: min  -357.81  0.888765  0.888765  0.02805
protocols.relax.FastRelax: CMD: coord_cst_weight  -357.81  0.888765  0.888765  0.02805
protocols.relax.FastRelax: CMD: scale:fa_rep  -208.025  0.888765  0.888765  0.14575
core.pack.task: Packer task: initialize from command line() 
core.pack.pack_rotamers: built 996 rotamers at 75 positions.
core.pack.interaction_graph.interaction_graph_factory: Instantiating DensePDInteractionGraph
protocols.relax.FastRelax: CMD: repack  -207.701  0.888765  0.888765  0.14575
protocols.relax.FastRelax: CMD: scale:fa_rep  -197.316  0.888765  0.888765  0.154
protocols.relax.FastRelax: CMD: min  -297.803  0.620569  0.620569  0.154
protocols.relax.FastRelax: CMD: coord_cst_weight  -297.803  0.620569  0.620569  0.154
protocols.relax.FastRelax: CMD: scale:fa_rep  -259.676  0.620569  0.620569  0.30745
core.pack.task: Packer task: initialize from command line() 
core.pack.pack_rotamers: built 933 rotamers at 75 positions.
core.pack.interaction_graph.interaction_graph_factory: Instantiating DensePDInteractionGraph
protocols.relax.FastRelax: CMD: repack  -259.676  0.620569  0.620569  0.30745
protocols.relax.FastRelax: CMD: scale:fa_rep  -256.67  0.620569  0.620569  0.31955
protocols.relax.FastRelax: CMD: min  -269.26  0.521073  0.521073  0.31955
protocols.relax.FastRelax: CMD: coord_cst_weight  -269.26  0.521073  0.521073  0.31955
protocols.relax.FastRelax: CMD: scale:fa_rep  -239.476  0.521073  0.521073  0.55
core.pack.task: Packer task: initialize from command line() 
core.pack.pack_rotamers: built 923 rotamers at 75 positions.
core.pack.interaction_graph.interaction_graph_factory: Instantiating DensePDInteractionGraph
protocols.relax.FastRelax: CMD: repack  -239.476  0.521073  0.521073  0.55
protocols.relax.FastRelax: CMD: min  -246.603  0.46455  0.46455  0.55
protocols.relax.FastRelax: MRP: 6  -246.603  -246.608  0.461285  0.461285  
protocols.relax.FastRelax: CMD: accept_to_best  -246.603  0.46455  0.46455  0.55
protocols.relax.FastRelax: CMD: endrepeat  -246.603  0.46455  0.46455  0.55
protocols.relax.FastRelax: CMD: coord_cst_weight  -246.603  0.46455  0.46455  0.55
protocols.relax.FastRelax: CMD: scale:fa_rep  -288.342  0.46455  0.46455  0.022
core.pack.task: Packer task: initialize from command line() 
core.pack.pack_rotamers: built 1071 rotamers at 75 positions.
core.pack.interaction_graph.interaction_graph_factory: Instantiating DensePDInteractionGraph
protocols.relax.FastRelax: CMD: repack  -292.934  0.46455  0.46455  0.022
protocols.relax.FastRelax: CMD: scale:fa_rep  -291.74  0.46455  0.46455  0.02805
protocols.relax.FastRelax: CMD: min  -359.55  0.879385  0.879385  0.02805
protocols.relax.FastRelax: CMD: coord_cst_weight  -359.55  0.879385  0.879385  0.02805
protocols.relax.FastRelax: CMD: scale:fa_rep  -210.475  0.879385  0.879385  0.14575
core.pack.task: Packer task: initialize from command line() 
core.pack.pack_rotamers: built 964 rotamers at 75 positions.
core.pack.interaction_graph.interaction_graph_factory: Instantiating DensePDInteractionGraph
protocols.relax.FastRelax: CMD: repack  -210.493  0.879385  0.879385  0.14575
protocols.relax.FastRelax: CMD: scale:fa_rep  -200.171  0.879385  0.879385  0.154
protocols.relax.FastRelax: CMD: min  -297.756  0.623324  0.623324  0.154
protocols.relax.FastRelax: CMD: coord_cst_weight  -297.756  0.623324  0.623324  0.154
protocols.relax.FastRelax: CMD: scale:fa_rep  -259.413  0.623324  0.623324  0.30745
core.pack.task: Packer task: initialize from command line() 
core.pack.pack_rotamers: built 934 rotamers at 75 positions.
core.pack.interaction_graph.interaction_graph_factory: Instantiating DensePDInteractionGraph
protocols.relax.FastRelax: CMD: repack  -259.413  0.623324  0.623324  0.30745
protocols.relax.FastRelax: CMD: scale:fa_rep  -256.389  0.623324  0.623324  0.31955
protocols.relax.FastRelax: CMD: min  -269.205  0.525967  0.525967  0.31955
protocols.relax.FastRelax: CMD: coord_cst_weight  -269.205  0.525967  0.525967  0.31955
protocols.relax.FastRelax: CMD: scale:fa_rep  -239.646  0.525967  0.525967  0.55
core.pack.task: Packer task: initialize from command line() 
core.pack.pack_rotamers: built 917 rotamers at 75 positions.
core.pack.interaction_graph.interaction_graph_factory: Instantiating DensePDInteractionGraph
protocols.relax.FastRelax: CMD: repack  -239.646  0.525967  0.525967  0.55
protocols.relax.FastRelax: CMD: min  -246.633  0.463235  0.463235  0.55
protocols.relax.FastRelax: MRP: 7  -246.633  -246.633  0.463235  0.463235  
protocols.relax.FastRelax: CMD: accept_to_best  -246.633  0.463235  0.463235  0.55
protocols.relax.FastRelax: CMD: endrepeat  -246.633  0.463235  0.463235  0.55
protocols.relax.FastRelax: CMD: coord_cst_weight  -246.633  0.463235  0.463235  0.55
protocols.relax.FastRelax: CMD: scale:fa_rep  -288.389  0.463235  0.463235  0.022
core.pack.task: Packer task: initialize from command line() 
core.pack.pack_rotamers: built 1071 rotamers at 75 positions.
core.pack.interaction_graph.interaction_graph_factory: Instantiating DensePDInteractionGraph
protocols.relax.FastRelax: CMD: repack  -292.971  0.463235  0.463235  0.022
protocols.relax.FastRelax: CMD: scale:fa_rep  -291.787  0.463235  0.463235  0.02805
protocols.relax.FastRelax: CMD: min  -359.573  0.880963  0.880963  0.02805
protocols.relax.FastRelax: CMD: coord_cst_weight  -359.573  0.880963  0.880963  0.02805
protocols.relax.FastRelax: CMD: scale:fa_rep  -210.138  0.880963  0.880963  0.14575
core.pack.task: Packer task: initialize from command line() 
core.pack.pack_rotamers: built 986 rotamers at 75 positions.
core.pack.interaction_graph.interaction_graph_factory: Instantiating DensePDInteractionGraph
protocols.relax.FastRelax: CMD: repack  -210.238  0.880963  0.880963  0.14575
protocols.relax.FastRelax: CMD: scale:fa_rep  -200.042  0.880963  0.880963  0.154
protocols.relax.FastRelax: CMD: min  -297.86  0.620025  0.620025  0.154
protocols.relax.FastRelax: CMD: coord_cst_weight  -297.86  0.620025  0.620025  0.154
protocols.relax.FastRelax: CMD: scale:fa_rep  -259.74  0.620025  0.620025  0.30745
core.pack.task: Packer task: initialize from command line() 
core.pack.pack_rotamers: built 933 rotamers at 75 positions.
core.pack.interaction_graph.interaction_graph_factory: Instantiating DensePDInteractionGraph
protocols.relax.FastRelax: CMD: repack  -259.74  0.620025  0.620025  0.30745
protocols.relax.FastRelax: CMD: scale:fa_rep  -256.734  0.620025  0.620025  0.31955
protocols.relax.FastRelax: CMD: min  -269.186  0.528544  0.528544  0.31955
protocols.relax.FastRelax: CMD: coord_cst_weight  -269.186  0.528544  0.528544  0.31955
protocols.relax.FastRelax: CMD: scale:fa_rep  -239.607  0.528544  0.528544  0.55
core.pack.task: Packer task: initialize from command line() 
core.pack.pack_rotamers: built 923 rotamers at 75 positions.
core.pack.interaction_graph.interaction_graph_factory: Instantiating DensePDInteractionGraph
protocols.relax.FastRelax: CMD: repack  -239.607  0.528544  0.528544  0.55
protocols.relax.FastRelax: CMD: min  -246.668  0.46033  0.46033  0.55
protocols.relax.FastRelax: MRP: 8  -246.668  -246.668  0.46033  0.46033  
protocols.relax.FastRelax: CMD: accept_to_best  -246.668  0.46033  0.46033  0.55
protocols.relax.FastRelax: CMD: endrepeat  -246.668  0.46033  0.46033  0.55
protocols.relax.FastRelax: CMD: coord_cst_weight  -246.668  0.46033  0.46033  0.55
protocols.relax.FastRelax: CMD: scale:fa_rep  -288.66  0.46033  0.46033  0.022
core.pack.task: Packer task: initialize from command line() 
core.pack.pack_rotamers: built 1067 rotamers at 75 positions.
core.pack.interaction_graph.interaction_graph_factory: Instantiating DensePDInteractionGraph
protocols.relax.FastRelax: CMD: repack  -293.231  0.46033  0.46033  0.022
protocols.relax.FastRelax: CMD: scale:fa_rep  -292.043  0.46033  0.46033  0.02805
protocols.relax.FastRelax: CMD: min  -359.581  0.879986  0.879986  0.02805
protocols.relax.FastRelax: CMD: coord_cst_weight  -359.581  0.879986  0.879986  0.02805
protocols.relax.FastRelax: CMD: scale:fa_rep  -210.147  0.879986  0.879986  0.14575
core.pack.task: Packer task: initialize from command line() 
core.pack.pack_rotamers: built 979 rotamers at 75 positions.
core.pack.interaction_graph.interaction_graph_factory: Instantiating DensePDInteractionGraph
protocols.relax.FastRelax: CMD: repack  -207.531  0.879986  0.879986  0.14575
protocols.relax.FastRelax: CMD: scale:fa_rep  -197.185  0.879986  0.879986  0.154
protocols.relax.FastRelax: CMD: min  -296.304  0.611315  0.611315  0.154
protocols.relax.FastRelax: CMD: coord_cst_weight  -296.304  0.611315  0.611315  0.154
protocols.relax.FastRelax: CMD: scale:fa_rep  -258.111  0.611315  0.611315  0.30745
core.pack.task: Packer task: initialize from command line() 
core.pack.pack_rotamers: built 934 rotamers at 75 positions.
core.pack.interaction_graph.interaction_graph_factory: Instantiating DensePDInteractionGraph
protocols.relax.FastRelax: CMD: repack  -258.111  0.611315  0.611315  0.30745
protocols.relax.FastRelax: CMD: scale:fa_rep  -255.1  0.611315  0.611315  0.31955
protocols.relax.FastRelax: CMD: min  -267.453  0.523475  0.523475  0.31955
protocols.relax.FastRelax: CMD: coord_cst_weight  -267.453  0.523475  0.523475  0.31955
protocols.relax.FastRelax: CMD: scale:fa_rep  -237.552  0.523475  0.523475  0.55
core.pack.task: Packer task: initialize from command line() 
core.pack.pack_rotamers: built 922 rotamers at 75 positions.
core.pack.interaction_graph.interaction_graph_factory: Instantiating DensePDInteractionGraph
protocols.relax.FastRelax: CMD: repack  -237.552  0.523475  0.523475  0.55
protocols.relax.FastRelax: CMD: min  -244.627  0.46012  0.46012  0.55
protocols.relax.FastRelax: MRP: 9  -244.627  -246.668  0.46033  0.46033  
protocols.relax.FastRelax: CMD: accept_to_best  -244.627  0.46012  0.46012  0.55
protocols.relax.FastRelax: CMD: endrepeat  -244.627  0.46012  0.46012  0.55
protocols::checkpoint: Deleting checkpoints of FastRelax
protocols.rosetta_scripts.ParsedProtocol: setting status to success
protocols.jd2.JobDistributor: flags_relax_v3_nstruct_10_structure_0001 reported success in 152 seconds
protocols.jd2.PDBJobInputter: PDBJobInputter::pose_from_job
protocols.jd2.PDBJobInputter: filling pose from saved copy structure.pdb
protocols.jd2.PDBJobInputter: PDBJobInputter::pose_from_job
protocols.jd2.PDBJobInputter: filling pose from PDB structure.pdb
core.import_pose.import_pose: File 'structure.pdb' automatically determined to be of type PDB from contents.
protocols.rosetta_scripts.ParsedProtocol: =======================BEGIN MOVER MutateResidue - mutant=======================
protocols.rosetta_scripts.ParsedProtocol: =======================BEGIN MOVER FastRelax - relax=======================
core.energy_methods.CartesianBondedEnergy: Creating new peptide-bonded energy container (75)
protocols.relax.FastRelax: CMD: repeat  -173.549  0  0  0.55
protocols.relax.FastRelax: CMD: coord_cst_weight  -173.549  0  0  0.55
protocols.relax.FastRelax: CMD: scale:fa_rep  -217.971  0  0  0.022
core.pack.task: Packer task: initialize from command line() 
core.pack.pack_rotamers: built 1065 rotamers at 75 positions.
core.pack.interaction_graph.interaction_graph_factory: Instantiating DensePDInteractionGraph
protocols.relax.FastRelax: CMD: repack  -258.971  0  0  0.022
protocols.relax.FastRelax: CMD: scale:fa_rep  -257.052  0  0  0.02805
protocols.relax.FastRelax: CMD: min  -343.672  0.776177  0.776177  0.02805
protocols.relax.FastRelax: CMD: coord_cst_weight  -343.672  0.776177  0.776177  0.02805
protocols.relax.FastRelax: CMD: scale:fa_rep  -201.588  0.776177  0.776177  0.14575
core.pack.task: Packer task: initialize from command line() 
core.pack.pack_rotamers: built 989 rotamers at 75 positions.
core.pack.interaction_graph.interaction_graph_factory: Instantiating DensePDInteractionGraph
protocols.relax.FastRelax: CMD: repack  -202.572  0.776177  0.776177  0.14575
protocols.relax.FastRelax: CMD: scale:fa_rep  -192.948  0.776177  0.776177  0.154
protocols.relax.FastRelax: CMD: min  -284.319  0.456845  0.456845  0.154
protocols.relax.FastRelax: CMD: coord_cst_weight  -284.319  0.456845  0.456845  0.154
protocols.relax.FastRelax: CMD: scale:fa_rep  -248.057  0.456845  0.456845  0.30745
core.pack.task: Packer task: initialize from command line() 
core.pack.pack_rotamers: built 967 rotamers at 75 positions.
core.pack.interaction_graph.interaction_graph_factory: Instantiating DensePDInteractionGraph
protocols.relax.FastRelax: CMD: repack  -248.057  0.456845  0.456845  0.30745
protocols.relax.FastRelax: CMD: scale:fa_rep  -245.198  0.456845  0.456845  0.31955
protocols.relax.FastRelax: CMD: min  -258.609  0.285991  0.285991  0.31955
protocols.relax.FastRelax: CMD: coord_cst_weight  -258.609  0.285991  0.285991  0.31955
protocols.relax.FastRelax: CMD: scale:fa_rep  -232.156  0.285991  0.285991  0.55
core.pack.task: Packer task: initialize from command line() 
core.pack.pack_rotamers: built 954 rotamers at 75 positions.
core.pack.interaction_graph.interaction_graph_factory: Instantiating DensePDInteractionGraph
protocols.relax.FastRelax: CMD: repack  -232.156  0.285991  0.285991  0.55
protocols.relax.FastRelax: CMD: min  -237.918  0.246486  0.246486  0.55
protocols.relax.FastRelax: MRP: 0  -237.918  -237.918  0.246486  0.246486  
protocols.relax.FastRelax: CMD: accept_to_best  -237.918  0.246486  0.246486  0.55
protocols.relax.FastRelax: CMD: endrepeat  -237.918  0.246486  0.246486  0.55
protocols.relax.FastRelax: CMD: coord_cst_weight  -237.918  0.246486  0.246486  0.55
protocols.relax.FastRelax: CMD: scale:fa_rep  -276.319  0.246486  0.246486  0.022
core.pack.task: Packer task: initialize from command line() 
core.pack.pack_rotamers: built 1073 rotamers at 75 positions.
core.pack.interaction_graph.interaction_graph_factory: Instantiating DensePDInteractionGraph
protocols.relax.FastRelax: CMD: repack  -280.11  0.246486  0.246486  0.022
protocols.relax.FastRelax: CMD: scale:fa_rep  -279.064  0.246486  0.246486  0.02805
protocols.relax.FastRelax: CMD: min  -347.25  0.774457  0.774457  0.02805
protocols.relax.FastRelax: CMD: coord_cst_weight  -347.25  0.774457  0.774457  0.02805
protocols.relax.FastRelax: CMD: scale:fa_rep  -203.563  0.774457  0.774457  0.14575
core.pack.task: Packer task: initialize from command line() 
core.pack.pack_rotamers: built 990 rotamers at 75 positions.
core.pack.interaction_graph.interaction_graph_factory: Instantiating DensePDInteractionGraph
protocols.relax.FastRelax: CMD: repack  -203.996  0.774457  0.774457  0.14575
protocols.relax.FastRelax: CMD: scale:fa_rep  -194.074  0.774457  0.774457  0.154
protocols.relax.FastRelax: CMD: min  -286.948  0.467624  0.467624  0.154
protocols.relax.FastRelax: CMD: coord_cst_weight  -286.948  0.467624  0.467624  0.154
protocols.relax.FastRelax: CMD: scale:fa_rep  -250.414  0.467624  0.467624  0.30745
core.pack.task: Packer task: initialize from command line() 
core.pack.pack_rotamers: built 963 rotamers at 75 positions.
core.pack.interaction_graph.interaction_graph_factory: Instantiating DensePDInteractionGraph
protocols.relax.FastRelax: CMD: repack  -250.414  0.467624  0.467624  0.30745
protocols.relax.FastRelax: CMD: scale:fa_rep  -247.533  0.467624  0.467624  0.31955
protocols.relax.FastRelax: CMD: min  -260.553  0.325664  0.325664  0.31955
protocols.relax.FastRelax: CMD: coord_cst_weight  -260.553  0.325664  0.325664  0.31955
protocols.relax.FastRelax: CMD: scale:fa_rep  -233.411  0.325664  0.325664  0.55
core.pack.task: Packer task: initialize from command line() 
core.pack.pack_rotamers: built 948 rotamers at 75 positions.
core.pack.interaction_graph.interaction_graph_factory: Instantiating DensePDInteractionGraph
protocols.relax.FastRelax: CMD: repack  -233.411  0.325664  0.325664  0.55
protocols.relax.FastRelax: CMD: min  -239.55  0.292399  0.292399  0.55
protocols.relax.FastRelax: MRP: 1  -239.55  -239.55  0.292399  0.292399  
protocols.relax.FastRelax: CMD: accept_to_best  -239.55  0.292399  0.292399  0.55
protocols.relax.FastRelax: CMD: endrepeat  -239.55  0.292399  0.292399  0.55
protocols.relax.FastRelax: CMD: coord_cst_weight  -239.55  0.292399  0.292399  0.55
protocols.relax.FastRelax: CMD: scale:fa_rep  -278.538  0.292399  0.292399  0.022
core.pack.task: Packer task: initialize from command line() 
core.pack.pack_rotamers: built 1084 rotamers at 75 positions.
core.pack.interaction_graph.interaction_graph_factory: Instantiating DensePDInteractionGraph
protocols.relax.FastRelax: CMD: repack  -282.444  0.292399  0.292399  0.022
protocols.relax.FastRelax: CMD: scale:fa_rep  -281.306  0.292399  0.292399  0.02805
protocols.relax.FastRelax: CMD: min  -346.839  0.765026  0.765026  0.02805
protocols.relax.FastRelax: CMD: coord_cst_weight  -346.839  0.765026  0.765026  0.02805
protocols.relax.FastRelax: CMD: scale:fa_rep  -203.914  0.765026  0.765026  0.14575
core.pack.task: Packer task: initialize from command line() 
core.pack.pack_rotamers: built 995 rotamers at 75 positions.
core.pack.interaction_graph.interaction_graph_factory: Instantiating DensePDInteractionGraph
protocols.relax.FastRelax: CMD: repack  -204.292  0.765026  0.765026  0.14575
protocols.relax.FastRelax: CMD: scale:fa_rep  -194.421  0.765026  0.765026  0.154
protocols.relax.FastRelax: CMD: min  -286.952  0.487537  0.487537  0.154
protocols.relax.FastRelax: CMD: coord_cst_weight  -286.952  0.487537  0.487537  0.154
protocols.relax.FastRelax: CMD: scale:fa_rep  -249.795  0.487537  0.487537  0.30745
core.pack.task: Packer task: initialize from command line() 
core.pack.pack_rotamers: built 963 rotamers at 75 positions.
core.pack.interaction_graph.interaction_graph_factory: Instantiating DensePDInteractionGraph
protocols.relax.FastRelax: CMD: repack  -249.795  0.487537  0.487537  0.30745
protocols.relax.FastRelax: CMD: scale:fa_rep  -246.865  0.487537  0.487537  0.31955
protocols.relax.FastRelax: CMD: min  -260.561  0.337494  0.337494  0.31955
protocols.relax.FastRelax: CMD: coord_cst_weight  -260.561  0.337494  0.337494  0.31955
protocols.relax.FastRelax: CMD: scale:fa_rep  -233.187  0.337494  0.337494  0.55
core.pack.task: Packer task: initialize from command line() 
core.pack.pack_rotamers: built 950 rotamers at 75 positions.
core.pack.interaction_graph.interaction_graph_factory: Instantiating DensePDInteractionGraph
protocols.relax.FastRelax: CMD: repack  -233.187  0.337494  0.337494  0.55
protocols.relax.FastRelax: CMD: min  -239.384  0.302242  0.302242  0.55
protocols.relax.FastRelax: MRP: 2  -239.384  -239.55  0.292399  0.292399  
protocols.relax.FastRelax: CMD: accept_to_best  -239.384  0.302242  0.302242  0.55
protocols.relax.FastRelax: CMD: endrepeat  -239.384  0.302242  0.302242  0.55
protocols.relax.FastRelax: CMD: coord_cst_weight  -239.384  0.302242  0.302242  0.55
protocols.relax.FastRelax: CMD: scale:fa_rep  -278.696  0.302242  0.302242  0.022
core.pack.task: Packer task: initialize from command line() 
core.pack.pack_rotamers: built 1084 rotamers at 75 positions.
core.pack.interaction_graph.interaction_graph_factory: Instantiating DensePDInteractionGraph
protocols.relax.FastRelax: CMD: repack  -282.329  0.302242  0.302242  0.022
protocols.relax.FastRelax: CMD: scale:fa_rep  -280.947  0.302242  0.302242  0.02805
protocols.relax.FastRelax: CMD: min  -351.161  0.838305  0.838305  0.02805
protocols.relax.FastRelax: CMD: coord_cst_weight  -351.161  0.838305  0.838305  0.02805
protocols.relax.FastRelax: CMD: scale:fa_rep  -204.302  0.838305  0.838305  0.14575
core.pack.task: Packer task: initialize from command line() 
core.pack.pack_rotamers: built 996 rotamers at 75 positions.
core.pack.interaction_graph.interaction_graph_factory: Instantiating DensePDInteractionGraph
protocols.relax.FastRelax: CMD: repack  -204.405  0.838305  0.838305  0.14575
protocols.relax.FastRelax: CMD: scale:fa_rep  -194.231  0.838305  0.838305  0.154
protocols.relax.FastRelax: CMD: min  -292.854  0.581641  0.581641  0.154
protocols.relax.FastRelax: CMD: coord_cst_weight  -292.854  0.581641  0.581641  0.154
protocols.relax.FastRelax: CMD: scale:fa_rep  -255.98  0.581641  0.581641  0.30745
core.pack.task: Packer task: initialize from command line() 
core.pack.pack_rotamers: built 931 rotamers at 75 positions.
core.pack.interaction_graph.interaction_graph_factory: Instantiating DensePDInteractionGraph
protocols.relax.FastRelax: CMD: repack  -255.98  0.581641  0.581641  0.30745
protocols.relax.FastRelax: CMD: scale:fa_rep  -253.072  0.581641  0.581641  0.31955
protocols.relax.FastRelax: CMD: min  -265.02  0.506095  0.506095  0.31955
protocols.relax.FastRelax: CMD: coord_cst_weight  -265.02  0.506095  0.506095  0.31955
protocols.relax.FastRelax: CMD: scale:fa_rep  -236.02  0.506095  0.506095  0.55
core.pack.task: Packer task: initialize from command line() 
core.pack.pack_rotamers: built 921 rotamers at 75 positions.
core.pack.interaction_graph.interaction_graph_factory: Instantiating DensePDInteractionGraph
protocols.relax.FastRelax: CMD: repack  -236.02  0.506095  0.506095  0.55
protocols.relax.FastRelax: CMD: min  -243.208  0.444644  0.444644  0.55
protocols.relax.FastRelax: MRP: 3  -243.208  -243.208  0.444644  0.444644  
protocols.relax.FastRelax: CMD: accept_to_best  -243.208  0.444644  0.444644  0.55
protocols.relax.FastRelax: CMD: endrepeat  -243.208  0.444644  0.444644  0.55
protocols.relax.FastRelax: CMD: coord_cst_weight  -243.208  0.444644  0.444644  0.55
protocols.relax.FastRelax: CMD: scale:fa_rep  -283.951  0.444644  0.444644  0.022
core.pack.task: Packer task: initialize from command line() 
core.pack.pack_rotamers: built 1092 rotamers at 75 positions.
core.pack.interaction_graph.interaction_graph_factory: Instantiating DensePDInteractionGraph
protocols.relax.FastRelax: CMD: repack  -288.51  0.444644  0.444644  0.022
protocols.relax.FastRelax: CMD: scale:fa_rep  -287.276  0.444644  0.444644  0.02805
protocols.relax.FastRelax: CMD: min  -353.699  0.858858  0.858858  0.02805
protocols.relax.FastRelax: CMD: coord_cst_weight  -353.699  0.858858  0.858858  0.02805
protocols.relax.FastRelax: CMD: scale:fa_rep  -206.593  0.858858  0.858858  0.14575
core.pack.task: Packer task: initialize from command line() 
core.pack.pack_rotamers: built 970 rotamers at 75 positions.
core.pack.interaction_graph.interaction_graph_factory: Instantiating DensePDInteractionGraph
protocols.relax.FastRelax: CMD: repack  -206.609  0.858858  0.858858  0.14575
protocols.relax.FastRelax: CMD: scale:fa_rep  -196.333  0.858858  0.858858  0.154
protocols.relax.FastRelax: CMD: min  -293.497  0.582215  0.582215  0.154
protocols.relax.FastRelax: CMD: coord_cst_weight  -293.497  0.582215  0.582215  0.154
protocols.relax.FastRelax: CMD: scale:fa_rep  -255.615  0.582215  0.582215  0.30745
core.pack.task: Packer task: initialize from command line() 
core.pack.pack_rotamers: built 931 rotamers at 75 positions.
core.pack.interaction_graph.interaction_graph_factory: Instantiating DensePDInteractionGraph
protocols.relax.FastRelax: CMD: repack  -252.201  0.582215  0.582215  0.30745
protocols.relax.FastRelax: CMD: scale:fa_rep  -249.241  0.582215  0.582215  0.31955
protocols.relax.FastRelax: CMD: min  -263.776  0.491398  0.491398  0.31955
protocols.relax.FastRelax: CMD: coord_cst_weight  -263.776  0.491398  0.491398  0.31955
protocols.relax.FastRelax: CMD: scale:fa_rep  -235.601  0.491398  0.491398  0.55
core.pack.task: Packer task: initialize from command line() 
core.pack.pack_rotamers: built 930 rotamers at 75 positions.
core.pack.interaction_graph.interaction_graph_factory: Instantiating DensePDInteractionGraph
protocols.relax.FastRelax: CMD: repack  -235.601  0.491398  0.491398  0.55
protocols.relax.FastRelax: CMD: min  -242.08  0.459623  0.459623  0.55
protocols.relax.FastRelax: MRP: 4  -242.08  -243.208  0.444644  0.444644  
protocols.relax.FastRelax: CMD: accept_to_best  -242.08  0.459623  0.459623  0.55
protocols.relax.FastRelax: CMD: endrepeat  -242.08  0.459623  0.459623  0.55
protocols.relax.FastRelax: CMD: coord_cst_weight  -242.08  0.459623  0.459623  0.55
protocols.relax.FastRelax: CMD: scale:fa_rep  -282.898  0.459623  0.459623  0.022
core.pack.task: Packer task: initialize from command line() 
core.pack.pack_rotamers: built 1075 rotamers at 75 positions.
core.pack.interaction_graph.interaction_graph_factory: Instantiating DensePDInteractionGraph
protocols.relax.FastRelax: CMD: repack  -288.101  0.459623  0.459623  0.022
protocols.relax.FastRelax: CMD: scale:fa_rep  -286.522  0.459623  0.459623  0.02805
protocols.relax.FastRelax: CMD: min  -353.915  0.84637  0.84637  0.02805
protocols.relax.FastRelax: CMD: coord_cst_weight  -353.915  0.84637  0.84637  0.02805
protocols.relax.FastRelax: CMD: scale:fa_rep  -209.085  0.84637  0.84637  0.14575
core.pack.task: Packer task: initialize from command line() 
core.pack.pack_rotamers: built 984 rotamers at 75 positions.
core.pack.interaction_graph.interaction_graph_factory: Instantiating DensePDInteractionGraph
protocols.relax.FastRelax: CMD: repack  -209.533  0.84637  0.84637  0.14575
protocols.relax.FastRelax: CMD: scale:fa_rep  -199.438  0.84637  0.84637  0.154
protocols.relax.FastRelax: CMD: min  -294.003  0.582783  0.582783  0.154
protocols.relax.FastRelax: CMD: coord_cst_weight  -294.003  0.582783  0.582783  0.154
protocols.relax.FastRelax: CMD: scale:fa_rep  -256.042  0.582783  0.582783  0.30745
core.pack.task: Packer task: initialize from command line() 
core.pack.pack_rotamers: built 937 rotamers at 75 positions.
core.pack.interaction_graph.interaction_graph_factory: Instantiating DensePDInteractionGraph
protocols.relax.FastRelax: CMD: repack  -256.042  0.582783  0.582783  0.30745
protocols.relax.FastRelax: CMD: scale:fa_rep  -253.049  0.582783  0.582783  0.31955
protocols.relax.FastRelax: CMD: min  -266.27  0.481223  0.481223  0.31955
protocols.relax.FastRelax: CMD: coord_cst_weight  -266.27  0.481223  0.481223  0.31955
protocols.relax.FastRelax: CMD: scale:fa_rep  -237.878  0.481223  0.481223  0.55
core.pack.task: Packer task: initialize from command line() 
core.pack.pack_rotamers: built 928 rotamers at 75 positions.
core.pack.interaction_graph.interaction_graph_factory: Instantiating DensePDInteractionGraph
protocols.relax.FastRelax: CMD: repack  -237.878  0.481223  0.481223  0.55
protocols.relax.FastRelax: CMD: min  -244.383  0.444195  0.444195  0.55
protocols.relax.FastRelax: MRP: 5  -244.383  -244.383  0.444195  0.444195  
protocols.relax.FastRelax: CMD: accept_to_best  -244.383  0.444195  0.444195  0.55
protocols.relax.FastRelax: CMD: endrepeat  -244.383  0.444195  0.444195  0.55
protocols.relax.FastRelax: CMD: coord_cst_weight  -244.383  0.444195  0.444195  0.55
protocols.relax.FastRelax: CMD: scale:fa_rep  -285.162  0.444195  0.444195  0.022
core.pack.task: Packer task: initialize from command line() 
core.pack.pack_rotamers: built 1073 rotamers at 75 positions.
core.pack.interaction_graph.interaction_graph_factory: Instantiating DensePDInteractionGraph
protocols.relax.FastRelax: CMD: repack  -288.867  0.444195  0.444195  0.022
protocols.relax.FastRelax: CMD: scale:fa_rep  -287.758  0.444195  0.444195  0.02805
protocols.relax.FastRelax: CMD: min  -353.728  0.831979  0.831979  0.02805
protocols.relax.FastRelax: CMD: coord_cst_weight  -353.728  0.831979  0.831979  0.02805
protocols.relax.FastRelax: CMD: scale:fa_rep  -210.69  0.831979  0.831979  0.14575
core.pack.task: Packer task: initialize from command line() 
core.pack.pack_rotamers: built 975 rotamers at 75 positions.
core.pack.interaction_graph.interaction_graph_factory: Instantiating DensePDInteractionGraph
protocols.relax.FastRelax: CMD: repack  -211.178  0.831979  0.831979  0.14575
protocols.relax.FastRelax: CMD: scale:fa_rep  -201.213  0.831979  0.831979  0.154
protocols.relax.FastRelax: CMD: min  -294.042  0.58395  0.58395  0.154
protocols.relax.FastRelax: CMD: coord_cst_weight  -294.042  0.58395  0.58395  0.154
protocols.relax.FastRelax: CMD: scale:fa_rep  -255.997  0.58395  0.58395  0.30745
core.pack.task: Packer task: initialize from command line() 
core.pack.pack_rotamers: built 935 rotamers at 75 positions.
core.pack.interaction_graph.interaction_graph_factory: Instantiating DensePDInteractionGraph
protocols.relax.FastRelax: CMD: repack  -255.997  0.58395  0.58395  0.30745
protocols.relax.FastRelax: CMD: scale:fa_rep  -252.997  0.58395  0.58395  0.31955
protocols.relax.FastRelax: CMD: min  -266.283  0.480689  0.480689  0.31955
protocols.relax.FastRelax: CMD: coord_cst_weight  -266.283  0.480689  0.480689  0.31955
protocols.relax.FastRelax: CMD: scale:fa_rep  -237.843  0.480689  0.480689  0.55
core.pack.task: Packer task: initialize from command line() 
core.pack.pack_rotamers: built 927 rotamers at 75 positions.
core.pack.interaction_graph.interaction_graph_factory: Instantiating DensePDInteractionGraph
protocols.relax.FastRelax: CMD: repack  -237.843  0.480689  0.480689  0.55
protocols.relax.FastRelax: CMD: min  -244.372  0.445713  0.445713  0.55
protocols.relax.FastRelax: MRP: 6  -244.372  -244.383  0.444195  0.444195  
protocols.relax.FastRelax: CMD: accept_to_best  -244.372  0.445713  0.445713  0.55
protocols.relax.FastRelax: CMD: endrepeat  -244.372  0.445713  0.445713  0.55
protocols.relax.FastRelax: CMD: coord_cst_weight  -244.372  0.445713  0.445713  0.55
protocols.relax.FastRelax: CMD: scale:fa_rep  -285.555  0.445713  0.445713  0.022
core.pack.task: Packer task: initialize from command line() 
core.pack.pack_rotamers: built 1072 rotamers at 75 positions.
core.pack.interaction_graph.interaction_graph_factory: Instantiating DensePDInteractionGraph
protocols.relax.FastRelax: CMD: repack  -289.217  0.445713  0.445713  0.022
protocols.relax.FastRelax: CMD: scale:fa_rep  -288.105  0.445713  0.445713  0.02805
protocols.relax.FastRelax: CMD: min  -353.761  0.837127  0.837127  0.02805
protocols.relax.FastRelax: CMD: coord_cst_weight  -353.761  0.837127  0.837127  0.02805
protocols.relax.FastRelax: CMD: scale:fa_rep  -209.477  0.837127  0.837127  0.14575
core.pack.task: Packer task: initialize from command line() 
core.pack.pack_rotamers: built 975 rotamers at 75 positions.
core.pack.interaction_graph.interaction_graph_factory: Instantiating DensePDInteractionGraph
protocols.relax.FastRelax: CMD: repack  -209.918  0.837127  0.837127  0.14575
protocols.relax.FastRelax: CMD: scale:fa_rep  -199.861  0.837127  0.837127  0.154
protocols.relax.FastRelax: CMD: min  -294.047  0.584632  0.584632  0.154
protocols.relax.FastRelax: CMD: coord_cst_weight  -294.047  0.584632  0.584632  0.154
protocols.relax.FastRelax: CMD: scale:fa_rep  -256.014  0.584632  0.584632  0.30745
core.pack.task: Packer task: initialize from command line() 
core.pack.pack_rotamers: built 933 rotamers at 75 positions.
core.pack.interaction_graph.interaction_graph_factory: Instantiating DensePDInteractionGraph
protocols.relax.FastRelax: CMD: repack  -256.014  0.584632  0.584632  0.30745
protocols.relax.FastRelax: CMD: scale:fa_rep  -253.015  0.584632  0.584632  0.31955
protocols.relax.FastRelax: CMD: min  -266.255  0.483835  0.483835  0.31955
protocols.relax.FastRelax: CMD: coord_cst_weight  -266.255  0.483835  0.483835  0.31955
protocols.relax.FastRelax: CMD: scale:fa_rep  -237.87  0.483835  0.483835  0.55
core.pack.task: Packer task: initialize from command line() 
core.pack.pack_rotamers: built 930 rotamers at 75 positions.
core.pack.interaction_graph.interaction_graph_factory: Instantiating DensePDInteractionGraph
protocols.relax.FastRelax: CMD: repack  -237.87  0.483835  0.483835  0.55
protocols.relax.FastRelax: CMD: min  -244.407  0.442447  0.442447  0.55
protocols.relax.FastRelax: MRP: 7  -244.407  -244.407  0.442447  0.442447  
protocols.relax.FastRelax: CMD: accept_to_best  -244.407  0.442447  0.442447  0.55
protocols.relax.FastRelax: CMD: endrepeat  -244.407  0.442447  0.442447  0.55
protocols.relax.FastRelax: CMD: coord_cst_weight  -244.407  0.442447  0.442447  0.55
protocols.relax.FastRelax: CMD: scale:fa_rep  -285.447  0.442447  0.442447  0.022
core.pack.task: Packer task: initialize from command line() 
core.pack.pack_rotamers: built 1068 rotamers at 75 positions.
core.pack.interaction_graph.interaction_graph_factory: Instantiating DensePDInteractionGraph
protocols.relax.FastRelax: CMD: repack  -288.689  0.442447  0.442447  0.022
protocols.relax.FastRelax: CMD: scale:fa_rep  -287.561  0.442447  0.442447  0.02805
protocols.relax.FastRelax: CMD: min  -354.126  0.850215  0.850215  0.02805
protocols.relax.FastRelax: CMD: coord_cst_weight  -354.126  0.850215  0.850215  0.02805
protocols.relax.FastRelax: CMD: scale:fa_rep  -209.247  0.850215  0.850215  0.14575
core.pack.task: Packer task: initialize from command line() 
core.pack.pack_rotamers: built 970 rotamers at 75 positions.
core.pack.interaction_graph.interaction_graph_factory: Instantiating DensePDInteractionGraph
protocols.relax.FastRelax: CMD: repack  -209.782  0.850215  0.850215  0.14575
protocols.relax.FastRelax: CMD: scale:fa_rep  -199.697  0.850215  0.850215  0.154
protocols.relax.FastRelax: CMD: min  -294.284  0.59042  0.59042  0.154
protocols.relax.FastRelax: CMD: coord_cst_weight  -294.284  0.59042  0.59042  0.154
protocols.relax.FastRelax: CMD: scale:fa_rep  -256.668  0.59042  0.59042  0.30745
core.pack.task: Packer task: initialize from command line() 
core.pack.pack_rotamers: built 940 rotamers at 75 positions.
core.pack.interaction_graph.interaction_graph_factory: Instantiating DensePDInteractionGraph
protocols.relax.FastRelax: CMD: repack  -256.668  0.59042  0.59042  0.30745
protocols.relax.FastRelax: CMD: scale:fa_rep  -253.702  0.59042  0.59042  0.31955
protocols.relax.FastRelax: CMD: min  -266.883  0.487403  0.487403  0.31955
protocols.relax.FastRelax: CMD: coord_cst_weight  -266.883  0.487403  0.487403  0.31955
protocols.relax.FastRelax: CMD: scale:fa_rep  -238.741  0.487403  0.487403  0.55
core.pack.task: Packer task: initialize from command line() 
core.pack.pack_rotamers: built 929 rotamers at 75 positions.
core.pack.interaction_graph.interaction_graph_factory: Instantiating DensePDInteractionGraph
protocols.relax.FastRelax: CMD: repack  -238.741  0.487403  0.487403  0.55
protocols.relax.FastRelax: CMD: min  -245.134  0.4543  0.4543  0.55
protocols.relax.FastRelax: MRP: 8  -245.134  -245.134  0.4543  0.4543  
protocols.relax.FastRelax: CMD: accept_to_best  -245.134  0.4543  0.4543  0.55
protocols.relax.FastRelax: CMD: endrepeat  -245.134  0.4543  0.4543  0.55
protocols.relax.FastRelax: CMD: coord_cst_weight  -245.134  0.4543  0.4543  0.55
protocols.relax.FastRelax: CMD: scale:fa_rep  -285.971  0.4543  0.4543  0.022
core.pack.task: Packer task: initialize from command line() 
core.pack.pack_rotamers: built 1072 rotamers at 75 positions.
core.pack.interaction_graph.interaction_graph_factory: Instantiating DensePDInteractionGraph
protocols.relax.FastRelax: CMD: repack  -289.613  0.4543  0.4543  0.022
protocols.relax.FastRelax: CMD: scale:fa_rep  -288.44  0.4543  0.4543  0.02805
protocols.relax.FastRelax: CMD: min  -355.911  0.900071  0.900071  0.02805
protocols.relax.FastRelax: CMD: coord_cst_weight  -355.911  0.900071  0.900071  0.02805
protocols.relax.FastRelax: CMD: scale:fa_rep  -206.262  0.900071  0.900071  0.14575
core.pack.task: Packer task: initialize from command line() 
core.pack.pack_rotamers: built 970 rotamers at 75 positions.
core.pack.interaction_graph.interaction_graph_factory: Instantiating DensePDInteractionGraph
protocols.relax.FastRelax: CMD: repack  -207.058  0.900071  0.900071  0.14575
protocols.relax.FastRelax: CMD: scale:fa_rep  -196.79  0.900071  0.900071  0.154
protocols.relax.FastRelax: CMD: min  -294.756  0.594827  0.594827  0.154
protocols.relax.FastRelax: CMD: coord_cst_weight  -294.756  0.594827  0.594827  0.154
protocols.relax.FastRelax: CMD: scale:fa_rep  -257.365  0.594827  0.594827  0.30745
core.pack.task: Packer task: initialize from command line() 
core.pack.pack_rotamers: built 939 rotamers at 75 positions.
core.pack.interaction_graph.interaction_graph_factory: Instantiating DensePDInteractionGraph
protocols.relax.FastRelax: CMD: repack  -257.365  0.594827  0.594827  0.30745
protocols.relax.FastRelax: CMD: scale:fa_rep  -254.416  0.594827  0.594827  0.31955
protocols.relax.FastRelax: CMD: min  -267.273  0.504374  0.504374  0.31955
protocols.relax.FastRelax: CMD: coord_cst_weight  -267.273  0.504374  0.504374  0.31955
protocols.relax.FastRelax: CMD: scale:fa_rep  -238.908  0.504374  0.504374  0.55
core.pack.task: Packer task: initialize from command line() 
core.pack.pack_rotamers: built 930 rotamers at 75 positions.
core.pack.interaction_graph.interaction_graph_factory: Instantiating DensePDInteractionGraph
protocols.relax.FastRelax: CMD: repack  -238.908  0.504374  0.504374  0.55
protocols.relax.FastRelax: CMD: min  -245.637  0.453131  0.453131  0.55
protocols.relax.FastRelax: MRP: 9  -245.637  -245.637  0.453131  0.453131  
protocols.relax.FastRelax: CMD: accept_to_best  -245.637  0.453131  0.453131  0.55
protocols.relax.FastRelax: CMD: endrepeat  -245.637  0.453131  0.453131  0.55
protocols::checkpoint: Deleting checkpoints of FastRelax
protocols.rosetta_scripts.ParsedProtocol: setting status to success
protocols.jd2.JobDistributor: flags_relax_v3_nstruct_10_structure_0002 reported success in 145 seconds
protocols.jd2.PDBJobInputter: PDBJobInputter::pose_from_job
protocols.jd2.PDBJobInputter: filling pose from saved copy structure.pdb
protocols.jd2.PDBJobInputter: PDBJobInputter::pose_from_job
protocols.jd2.PDBJobInputter: filling pose from PDB structure.pdb
core.import_pose.import_pose: File 'structure.pdb' automatically determined to be of type PDB from contents.
protocols.rosetta_scripts.ParsedProtocol: =======================BEGIN MOVER MutateResidue - mutant=======================
protocols.rosetta_scripts.ParsedProtocol: =======================BEGIN MOVER FastRelax - relax=======================
core.energy_methods.CartesianBondedEnergy: Creating new peptide-bonded energy container (75)
protocols.relax.FastRelax: CMD: repeat  -173.549  0  0  0.55
protocols.relax.FastRelax: CMD: coord_cst_weight  -173.549  0  0  0.55
protocols.relax.FastRelax: CMD: scale:fa_rep  -217.971  0  0  0.022
core.pack.task: Packer task: initialize from command line() 
core.pack.pack_rotamers: built 1065 rotamers at 75 positions.
core.pack.interaction_graph.interaction_graph_factory: Instantiating DensePDInteractionGraph
protocols.relax.FastRelax: CMD: repack  -258.971  0  0  0.022
protocols.relax.FastRelax: CMD: scale:fa_rep  -257.052  0  0  0.02805
protocols.relax.FastRelax: CMD: min  -343.672  0.776177  0.776177  0.02805
protocols.relax.FastRelax: CMD: coord_cst_weight  -343.672  0.776177  0.776177  0.02805
protocols.relax.FastRelax: CMD: scale:fa_rep  -201.588  0.776177  0.776177  0.14575
core.pack.task: Packer task: initialize from command line() 
core.pack.pack_rotamers: built 989 rotamers at 75 positions.
core.pack.interaction_graph.interaction_graph_factory: Instantiating DensePDInteractionGraph
protocols.relax.FastRelax: CMD: repack  -202.572  0.776177  0.776177  0.14575
protocols.relax.FastRelax: CMD: scale:fa_rep  -192.948  0.776177  0.776177  0.154
protocols.relax.FastRelax: CMD: min  -284.319  0.456845  0.456845  0.154
protocols.relax.FastRelax: CMD: coord_cst_weight  -284.319  0.456845  0.456845  0.154
protocols.relax.FastRelax: CMD: scale:fa_rep  -248.057  0.456845  0.456845  0.30745
core.pack.task: Packer task: initialize from command line() 
core.pack.pack_rotamers: built 967 rotamers at 75 positions.
core.pack.interaction_graph.interaction_graph_factory: Instantiating DensePDInteractionGraph
protocols.relax.FastRelax: CMD: repack  -248.057  0.456845  0.456845  0.30745
protocols.relax.FastRelax: CMD: scale:fa_rep  -245.198  0.456845  0.456845  0.31955
protocols.relax.FastRelax: CMD: min  -258.609  0.285991  0.285991  0.31955
protocols.relax.FastRelax: CMD: coord_cst_weight  -258.609  0.285991  0.285991  0.31955
protocols.relax.FastRelax: CMD: scale:fa_rep  -232.156  0.285991  0.285991  0.55
core.pack.task: Packer task: initialize from command line() 
core.pack.pack_rotamers: built 954 rotamers at 75 positions.
core.pack.interaction_graph.interaction_graph_factory: Instantiating DensePDInteractionGraph
protocols.relax.FastRelax: CMD: repack  -232.156  0.285991  0.285991  0.55
protocols.relax.FastRelax: CMD: min  -237.918  0.246486  0.246486  0.55
protocols.relax.FastRelax: MRP: 0  -237.918  -237.918  0.246486  0.246486  
protocols.relax.FastRelax: CMD: accept_to_best  -237.918  0.246486  0.246486  0.55
protocols.relax.FastRelax: CMD: endrepeat  -237.918  0.246486  0.246486  0.55
protocols.relax.FastRelax: CMD: coord_cst_weight  -237.918  0.246486  0.246486  0.55
protocols.relax.FastRelax: CMD: scale:fa_rep  -276.319  0.246486  0.246486  0.022
core.pack.task: Packer task: initialize from command line() 
core.pack.pack_rotamers: built 1073 rotamers at 75 positions.
core.pack.interaction_graph.interaction_graph_factory: Instantiating DensePDInteractionGraph
protocols.relax.FastRelax: CMD: repack  -280.41  0.246486  0.246486  0.022
protocols.relax.FastRelax: CMD: scale:fa_rep  -279.157  0.246486  0.246486  0.02805
protocols.relax.FastRelax: CMD: min  -350.594  0.835543  0.835543  0.02805
protocols.relax.FastRelax: CMD: coord_cst_weight  -350.594  0.835543  0.835543  0.02805
protocols.relax.FastRelax: CMD: scale:fa_rep  -203.805  0.835543  0.835543  0.14575
core.pack.task: Packer task: initialize from command line() 
core.pack.pack_rotamers: built 997 rotamers at 75 positions.
core.pack.interaction_graph.interaction_graph_factory: Instantiating DensePDInteractionGraph
protocols.relax.FastRelax: CMD: repack  -203.811  0.835543  0.835543  0.14575
protocols.relax.FastRelax: CMD: scale:fa_rep  -193.645  0.835543  0.835543  0.154
protocols.relax.FastRelax: CMD: min  -291.298  0.56049  0.56049  0.154
protocols.relax.FastRelax: CMD: coord_cst_weight  -291.298  0.56049  0.56049  0.154
protocols.relax.FastRelax: CMD: scale:fa_rep  -253.913  0.56049  0.56049  0.30745
core.pack.task: Packer task: initialize from command line() 
core.pack.pack_rotamers: built 954 rotamers at 75 positions.
core.pack.interaction_graph.interaction_graph_factory: Instantiating DensePDInteractionGraph
protocols.relax.FastRelax: CMD: repack  -253.913  0.56049  0.56049  0.30745
protocols.relax.FastRelax: CMD: scale:fa_rep  -250.966  0.56049  0.56049  0.31955
protocols.relax.FastRelax: CMD: min  -263.81  0.47182  0.47182  0.31955
protocols.relax.FastRelax: CMD: coord_cst_weight  -263.81  0.47182  0.47182  0.31955
protocols.relax.FastRelax: CMD: scale:fa_rep  -235.272  0.47182  0.47182  0.55
core.pack.task: Packer task: initialize from command line() 
core.pack.pack_rotamers: built 941 rotamers at 75 positions.
core.pack.interaction_graph.interaction_graph_factory: Instantiating DensePDInteractionGraph
protocols.relax.FastRelax: CMD: repack  -235.272  0.47182  0.47182  0.55
protocols.relax.FastRelax: CMD: min  -242.226  0.413011  0.413011  0.55
protocols.relax.FastRelax: MRP: 1  -242.226  -242.226  0.413011  0.413011  
protocols.relax.FastRelax: CMD: accept_to_best  -242.226  0.413011  0.413011  0.55
protocols.relax.FastRelax: CMD: endrepeat  -242.226  0.413011  0.413011  0.55
protocols.relax.FastRelax: CMD: coord_cst_weight  -242.226  0.413011  0.413011  0.55
protocols.relax.FastRelax: CMD: scale:fa_rep  -282.734  0.413011  0.413011  0.022
core.pack.task: Packer task: initialize from command line() 
core.pack.pack_rotamers: built 1083 rotamers at 75 positions.
core.pack.interaction_graph.interaction_graph_factory: Instantiating DensePDInteractionGraph
protocols.relax.FastRelax: CMD: repack  -287.305  0.413011  0.413011  0.022
protocols.relax.FastRelax: CMD: scale:fa_rep  -286.12  0.413011  0.413011  0.02805
protocols.relax.FastRelax: CMD: min  -352.649  0.861858  0.861858  0.02805
protocols.relax.FastRelax: CMD: coord_cst_weight  -352.649  0.861858  0.861858  0.02805
protocols.relax.FastRelax: CMD: scale:fa_rep  -204.168  0.861858  0.861858  0.14575
core.pack.task: Packer task: initialize from command line() 
core.pack.pack_rotamers: built 987 rotamers at 75 positions.
core.pack.interaction_graph.interaction_graph_factory: Instantiating DensePDInteractionGraph
protocols.relax.FastRelax: CMD: repack  -204.467  0.861858  0.861858  0.14575
protocols.relax.FastRelax: CMD: scale:fa_rep  -194.213  0.861858  0.861858  0.154
protocols.relax.FastRelax: CMD: min  -293.298  0.592005  0.592005  0.154
protocols.relax.FastRelax: CMD: coord_cst_weight  -293.298  0.592005  0.592005  0.154
protocols.relax.FastRelax: CMD: scale:fa_rep  -255.405  0.592005  0.592005  0.30745
core.pack.task: Packer task: initialize from command line() 
core.pack.pack_rotamers: built 935 rotamers at 75 positions.
core.pack.interaction_graph.interaction_graph_factory: Instantiating DensePDInteractionGraph
protocols.relax.FastRelax: CMD: repack  -255.405  0.592005  0.592005  0.30745
protocols.relax.FastRelax: CMD: scale:fa_rep  -252.417  0.592005  0.592005  0.31955
protocols.relax.FastRelax: CMD: min  -265.33  0.500517  0.500517  0.31955
protocols.relax.FastRelax: CMD: coord_cst_weight  -265.33  0.500517  0.500517  0.31955
protocols.relax.FastRelax: CMD: scale:fa_rep  -236.658  0.500517  0.500517  0.55
core.pack.task: Packer task: initialize from command line() 
core.pack.pack_rotamers: built 922 rotamers at 75 positions.
core.pack.interaction_graph.interaction_graph_factory: Instantiating DensePDInteractionGraph
protocols.relax.FastRelax: CMD: repack  -236.658  0.500517  0.500517  0.55
protocols.relax.FastRelax: CMD: min  -243.568  0.450699  0.450699  0.55
protocols.relax.FastRelax: MRP: 2  -243.568  -243.568  0.450699  0.450699  
protocols.relax.FastRelax: CMD: accept_to_best  -243.568  0.450699  0.450699  0.55
protocols.relax.FastRelax: CMD: endrepeat  -243.568  0.450699  0.450699  0.55
protocols.relax.FastRelax: CMD: coord_cst_weight  -243.568  0.450699  0.450699  0.55
protocols.relax.FastRelax: CMD: scale:fa_rep  -284.155  0.450699  0.450699  0.022
core.pack.task: Packer task: initialize from command line() 
core.pack.pack_rotamers: built 1068 rotamers at 75 positions.
core.pack.interaction_graph.interaction_graph_factory: Instantiating DensePDInteractionGraph
protocols.relax.FastRelax: CMD: repack  -287.972  0.450699  0.450699  0.022
protocols.relax.FastRelax: CMD: scale:fa_rep  -286.707  0.450699  0.450699  0.02805
protocols.relax.FastRelax: CMD: min  -353.528  0.84957  0.84957  0.02805
protocols.relax.FastRelax: CMD: coord_cst_weight  -353.528  0.84957  0.84957  0.02805
protocols.relax.FastRelax: CMD: scale:fa_rep  -208.033  0.84957  0.84957  0.14575
core.pack.task: Packer task: initialize from command line() 
core.pack.pack_rotamers: built 978 rotamers at 75 positions.
core.pack.interaction_graph.interaction_graph_factory: Instantiating DensePDInteractionGraph
protocols.relax.FastRelax: CMD: repack  -208.477  0.84957  0.84957  0.14575
protocols.relax.FastRelax: CMD: scale:fa_rep  -198.368  0.84957  0.84957  0.154
protocols.relax.FastRelax: CMD: min  -293.565  0.587972  0.587972  0.154
protocols.relax.FastRelax: CMD: coord_cst_weight  -293.565  0.587972  0.587972  0.154
protocols.relax.FastRelax: CMD: scale:fa_rep  -255.615  0.587972  0.587972  0.30745
core.pack.task: Packer task: initialize from command line() 
core.pack.pack_rotamers: built 931 rotamers at 75 positions.
core.pack.interaction_graph.interaction_graph_factory: Instantiating DensePDInteractionGraph
protocols.relax.FastRelax: CMD: repack  -255.615  0.587972  0.587972  0.30745
protocols.relax.FastRelax: CMD: scale:fa_rep  -252.623  0.587972  0.587972  0.31955
protocols.relax.FastRelax: CMD: min  -265.829  0.485161  0.485161  0.31955
protocols.relax.FastRelax: CMD: coord_cst_weight  -265.829  0.485161  0.485161  0.31955
protocols.relax.FastRelax: CMD: scale:fa_rep  -237.461  0.485161  0.485161  0.55
core.pack.task: Packer task: initialize from command line() 
core.pack.pack_rotamers: built 924 rotamers at 75 positions.
core.pack.interaction_graph.interaction_graph_factory: Instantiating DensePDInteractionGraph
protocols.relax.FastRelax: CMD: repack  -237.461  0.485161  0.485161  0.55
protocols.relax.FastRelax: CMD: min  -243.949  0.453963  0.453963  0.55
protocols.relax.FastRelax: MRP: 3  -243.949  -243.949  0.453963  0.453963  
protocols.relax.FastRelax: CMD: accept_to_best  -243.949  0.453963  0.453963  0.55
protocols.relax.FastRelax: CMD: endrepeat  -243.949  0.453963  0.453963  0.55
protocols.relax.FastRelax: CMD: coord_cst_weight  -243.949  0.453963  0.453963  0.55
protocols.relax.FastRelax: CMD: scale:fa_rep  -284.952  0.453963  0.453963  0.022
core.pack.task: Packer task: initialize from command line() 
core.pack.pack_rotamers: built 1067 rotamers at 75 positions.
core.pack.interaction_graph.interaction_graph_factory: Instantiating DensePDInteractionGraph
protocols.relax.FastRelax: CMD: repack  -288.793  0.453963  0.453963  0.022
protocols.relax.FastRelax: CMD: scale:fa_rep  -287.655  0.453963  0.453963  0.02805
protocols.relax.FastRelax: CMD: min  -353.568  0.845762  0.845762  0.02805
protocols.relax.FastRelax: CMD: coord_cst_weight  -353.568  0.845762  0.845762  0.02805
protocols.relax.FastRelax: CMD: scale:fa_rep  -207.84  0.845762  0.845762  0.14575
core.pack.task: Packer task: initialize from command line() 
core.pack.pack_rotamers: built 976 rotamers at 75 positions.
core.pack.interaction_graph.interaction_graph_factory: Instantiating DensePDInteractionGraph
protocols.relax.FastRelax: CMD: repack  -208.308  0.845762  0.845762  0.14575
protocols.relax.FastRelax: CMD: scale:fa_rep  -198.184  0.845762  0.845762  0.154
protocols.relax.FastRelax: CMD: min  -293.561  0.584699  0.584699  0.154
protocols.relax.FastRelax: CMD: coord_cst_weight  -293.561  0.584699  0.584699  0.154
protocols.relax.FastRelax: CMD: scale:fa_rep  -255.602  0.584699  0.584699  0.30745
core.pack.task: Packer task: initialize from command line() 
core.pack.pack_rotamers: built 938 rotamers at 75 positions.
core.pack.interaction_graph.interaction_graph_factory: Instantiating DensePDInteractionGraph
protocols.relax.FastRelax: CMD: repack  -255.602  0.584699  0.584699  0.30745
protocols.relax.FastRelax: CMD: scale:fa_rep  -252.609  0.584699  0.584699  0.31955
protocols.relax.FastRelax: CMD: min  -265.808  0.484994  0.484994  0.31955
protocols.relax.FastRelax: CMD: coord_cst_weight  -265.808  0.484994  0.484994  0.31955
protocols.relax.FastRelax: CMD: scale:fa_rep  -237.586  0.484994  0.484994  0.55
core.pack.task: Packer task: initialize from command line() 
core.pack.pack_rotamers: built 926 rotamers at 75 positions.
core.pack.interaction_graph.interaction_graph_factory: Instantiating DensePDInteractionGraph
protocols.relax.FastRelax: CMD: repack  -237.586  0.484994  0.484994  0.55
protocols.relax.FastRelax: CMD: min  -243.954  0.454189  0.454189  0.55
protocols.relax.FastRelax: MRP: 4  -243.954  -243.954  0.454189  0.454189  
protocols.relax.FastRelax: CMD: accept_to_best  -243.954  0.454189  0.454189  0.55
protocols.relax.FastRelax: CMD: endrepeat  -243.954  0.454189  0.454189  0.55
protocols.relax.FastRelax: CMD: coord_cst_weight  -243.954  0.454189  0.454189  0.55
protocols.relax.FastRelax: CMD: scale:fa_rep  -285.022  0.454189  0.454189  0.022
core.pack.task: Packer task: initialize from command line() 
core.pack.pack_rotamers: built 1066 rotamers at 75 positions.
core.pack.interaction_graph.interaction_graph_factory: Instantiating DensePDInteractionGraph
protocols.relax.FastRelax: CMD: repack  -288.857  0.454189  0.454189  0.022
protocols.relax.FastRelax: CMD: scale:fa_rep  -287.718  0.454189  0.454189  0.02805
protocols.relax.FastRelax: CMD: min  -353.692  0.848218  0.848218  0.02805
protocols.relax.FastRelax: CMD: coord_cst_weight  -353.692  0.848218  0.848218  0.02805
protocols.relax.FastRelax: CMD: scale:fa_rep  -207.922  0.848218  0.848218  0.14575
core.pack.task: Packer task: initialize from command line() 
core.pack.pack_rotamers: built 982 rotamers at 75 positions.
core.pack.interaction_graph.interaction_graph_factory: Instantiating DensePDInteractionGraph
protocols.relax.FastRelax: CMD: repack  -208.315  0.848218  0.848218  0.14575
protocols.relax.FastRelax: CMD: scale:fa_rep  -198.183  0.848218  0.848218  0.154
protocols.relax.FastRelax: CMD: min  -293.518  0.582136  0.582136  0.154
protocols.relax.FastRelax: CMD: coord_cst_weight  -293.518  0.582136  0.582136  0.154
protocols.relax.FastRelax: CMD: scale:fa_rep  -255.649  0.582136  0.582136  0.30745
core.pack.task: Packer task: initialize from command line() 
core.pack.pack_rotamers: built 936 rotamers at 75 positions.
core.pack.interaction_graph.interaction_graph_factory: Instantiating DensePDInteractionGraph
protocols.relax.FastRelax: CMD: repack  -255.649  0.582136  0.582136  0.30745
protocols.relax.FastRelax: CMD: scale:fa_rep  -252.663  0.582136  0.582136  0.31955
protocols.relax.FastRelax: CMD: min  -265.82  0.485222  0.485222  0.31955
protocols.relax.FastRelax: CMD: coord_cst_weight  -265.82  0.485222  0.485222  0.31955
protocols.relax.FastRelax: CMD: scale:fa_rep  -237.446  0.485222  0.485222  0.55
core.pack.task: Packer task: initialize from command line() 
core.pack.pack_rotamers: built 925 rotamers at 75 positions.
core.pack.interaction_graph.interaction_graph_factory: Instantiating DensePDInteractionGraph
protocols.relax.FastRelax: CMD: repack  -237.446  0.485222  0.485222  0.55
protocols.relax.FastRelax: CMD: min  -243.976  0.45429  0.45429  0.55
protocols.relax.FastRelax: MRP: 5  -243.976  -243.976  0.45429  0.45429  
protocols.relax.FastRelax: CMD: accept_to_best  -243.976  0.45429  0.45429  0.55
protocols.relax.FastRelax: CMD: endrepeat  -243.976  0.45429  0.45429  0.55
protocols.relax.FastRelax: CMD: coord_cst_weight  -243.976  0.45429  0.45429  0.55
protocols.relax.FastRelax: CMD: scale:fa_rep  -284.898  0.45429  0.45429  0.022
core.pack.task: Packer task: initialize from command line() 
core.pack.pack_rotamers: built 1068 rotamers at 75 positions.
core.pack.interaction_graph.interaction_graph_factory: Instantiating DensePDInteractionGraph
protocols.relax.FastRelax: CMD: repack  -288.725  0.45429  0.45429  0.022
protocols.relax.FastRelax: CMD: scale:fa_rep  -287.591  0.45429  0.45429  0.02805
protocols.relax.FastRelax: CMD: min  -353.52  0.842472  0.842472  0.02805
protocols.relax.FastRelax: CMD: coord_cst_weight  -353.52  0.842472  0.842472  0.02805
protocols.relax.FastRelax: CMD: scale:fa_rep  -208.699  0.842472  0.842472  0.14575
core.pack.task: Packer task: initialize from command line() 
core.pack.pack_rotamers: built 976 rotamers at 75 positions.
core.pack.interaction_graph.interaction_graph_factory: Instantiating DensePDInteractionGraph
protocols.relax.FastRelax: CMD: repack  -209.138  0.842472  0.842472  0.14575
protocols.relax.FastRelax: CMD: scale:fa_rep  -199.044  0.842472  0.842472  0.154
protocols.relax.FastRelax: CMD: min  -293.573  0.584506  0.584506  0.154
protocols.relax.FastRelax: CMD: coord_cst_weight  -293.573  0.584506  0.584506  0.154
protocols.relax.FastRelax: CMD: scale:fa_rep  -255.636  0.584506  0.584506  0.30745
core.pack.task: Packer task: initialize from command line() 
core.pack.pack_rotamers: built 936 rotamers at 75 positions.
core.pack.interaction_graph.interaction_graph_factory: Instantiating DensePDInteractionGraph
protocols.relax.FastRelax: CMD: repack  -255.636  0.584506  0.584506  0.30745
protocols.relax.FastRelax: CMD: scale:fa_rep  -252.645  0.584506  0.584506  0.31955
protocols.relax.FastRelax: CMD: min  -265.805  0.485206  0.485206  0.31955
protocols.relax.FastRelax: CMD: coord_cst_weight  -265.805  0.485206  0.485206  0.31955
protocols.relax.FastRelax: CMD: scale:fa_rep  -237.607  0.485206  0.485206  0.55
core.pack.task: Packer task: initialize from command line() 
core.pack.pack_rotamers: built 926 rotamers at 75 positions.
core.pack.interaction_graph.interaction_graph_factory: Instantiating DensePDInteractionGraph
protocols.relax.FastRelax: CMD: repack  -237.607  0.485206  0.485206  0.55
protocols.relax.FastRelax: CMD: min  -243.976  0.453661  0.453661  0.55
protocols.relax.FastRelax: MRP: 6  -243.976  -243.976  0.453661  0.453661  
protocols.relax.FastRelax: CMD: accept_to_best  -243.976  0.453661  0.453661  0.55
protocols.relax.FastRelax: CMD: endrepeat  -243.976  0.453661  0.453661  0.55
protocols.relax.FastRelax: CMD: coord_cst_weight  -243.976  0.453661  0.453661  0.55
protocols.relax.FastRelax: CMD: scale:fa_rep  -284.932  0.453661  0.453661  0.022
core.pack.task: Packer task: initialize from command line() 
core.pack.pack_rotamers: built 1069 rotamers at 75 positions.
core.pack.interaction_graph.interaction_graph_factory: Instantiating DensePDInteractionGraph
protocols.relax.FastRelax: CMD: repack  -288.758  0.453661  0.453661  0.022
protocols.relax.FastRelax: CMD: scale:fa_rep  -287.626  0.453661  0.453661  0.02805
protocols.relax.FastRelax: CMD: min  -353.495  0.839545  0.839545  0.02805
protocols.relax.FastRelax: CMD: coord_cst_weight  -353.495  0.839545  0.839545  0.02805
protocols.relax.FastRelax: CMD: scale:fa_rep  -208.417  0.839545  0.839545  0.14575
core.pack.task: Packer task: initialize from command line() 
core.pack.pack_rotamers: built 978 rotamers at 75 positions.
core.pack.interaction_graph.interaction_graph_factory: Instantiating DensePDInteractionGraph
protocols.relax.FastRelax: CMD: repack  -208.883  0.839545  0.839545  0.14575
protocols.relax.FastRelax: CMD: scale:fa_rep  -198.772  0.839545  0.839545  0.154
protocols.relax.FastRelax: CMD: min  -293.572  0.584417  0.584417  0.154
protocols.relax.FastRelax: CMD: coord_cst_weight  -293.572  0.584417  0.584417  0.154
protocols.relax.FastRelax: CMD: scale:fa_rep  -255.701  0.584417  0.584417  0.30745
core.pack.task: Packer task: initialize from command line() 
core.pack.pack_rotamers: built 932 rotamers at 75 positions.
core.pack.interaction_graph.interaction_graph_factory: Instantiating DensePDInteractionGraph
protocols.relax.FastRelax: CMD: repack  -255.701  0.584417  0.584417  0.30745
protocols.relax.FastRelax: CMD: scale:fa_rep  -252.714  0.584417  0.584417  0.31955
protocols.relax.FastRelax: CMD: min  -265.802  0.488148  0.488148  0.31955
protocols.relax.FastRelax: CMD: coord_cst_weight  -265.802  0.488148  0.488148  0.31955
protocols.relax.FastRelax: CMD: scale:fa_rep  -237.37  0.488148  0.488148  0.55
core.pack.task: Packer task: initialize from command line() 
core.pack.pack_rotamers: built 927 rotamers at 75 positions.
core.pack.interaction_graph.interaction_graph_factory: Instantiating DensePDInteractionGraph
protocols.relax.FastRelax: CMD: repack  -237.37  0.488148  0.488148  0.55
protocols.relax.FastRelax: CMD: min  -243.977  0.454281  0.454281  0.55
protocols.relax.FastRelax: MRP: 7  -243.977  -243.977  0.454281  0.454281  
protocols.relax.FastRelax: CMD: accept_to_best  -243.977  0.454281  0.454281  0.55
protocols.relax.FastRelax: CMD: endrepeat  -243.977  0.454281  0.454281  0.55
protocols.relax.FastRelax: CMD: coord_cst_weight  -243.977  0.454281  0.454281  0.55
protocols.relax.FastRelax: CMD: scale:fa_rep  -284.788  0.454281  0.454281  0.022
core.pack.task: Packer task: initialize from command line() 
core.pack.pack_rotamers: built 1068 rotamers at 75 positions.
core.pack.interaction_graph.interaction_graph_factory: Instantiating DensePDInteractionGraph
protocols.relax.FastRelax: CMD: repack  -288.631  0.454281  0.454281  0.022
protocols.relax.FastRelax: CMD: scale:fa_rep  -287.504  0.454281  0.454281  0.02805
protocols.relax.FastRelax: CMD: min  -353.652  0.847619  0.847619  0.02805
protocols.relax.FastRelax: CMD: coord_cst_weight  -353.652  0.847619  0.847619  0.02805
protocols.relax.FastRelax: CMD: scale:fa_rep  -207.833  0.847619  0.847619  0.14575
core.pack.task: Packer task: initialize from command line() 
core.pack.pack_rotamers: built 982 rotamers at 75 positions.
core.pack.interaction_graph.interaction_graph_factory: Instantiating DensePDInteractionGraph
protocols.relax.FastRelax: CMD: repack  -208.269  0.847619  0.847619  0.14575
protocols.relax.FastRelax: CMD: scale:fa_rep  -198.137  0.847619  0.847619  0.154
protocols.relax.FastRelax: CMD: min  -293.506  0.58304  0.58304  0.154
protocols.relax.FastRelax: CMD: coord_cst_weight  -293.506  0.58304  0.58304  0.154
protocols.relax.FastRelax: CMD: scale:fa_rep  -255.705  0.58304  0.58304  0.30745
core.pack.task: Packer task: initialize from command line() 
core.pack.pack_rotamers: built 938 rotamers at 75 positions.
core.pack.interaction_graph.interaction_graph_factory: Instantiating DensePDInteractionGraph
protocols.relax.FastRelax: CMD: repack  -255.705  0.58304  0.58304  0.30745
protocols.relax.FastRelax: CMD: scale:fa_rep  -252.724  0.58304  0.58304  0.31955
protocols.relax.FastRelax: CMD: min  -265.809  0.484825  0.484825  0.31955
protocols.relax.FastRelax: CMD: coord_cst_weight  -265.809  0.484825  0.484825  0.31955
protocols.relax.FastRelax: CMD: scale:fa_rep  -237.458  0.484825  0.484825  0.55
core.pack.task: Packer task: initialize from command line() 
core.pack.pack_rotamers: built 925 rotamers at 75 positions.
core.pack.interaction_graph.interaction_graph_factory: Instantiating DensePDInteractionGraph
protocols.relax.FastRelax: CMD: repack  -237.458  0.484825  0.484825  0.55
protocols.relax.FastRelax: CMD: min  -243.988  0.453262  0.453262  0.55
protocols.relax.FastRelax: MRP: 8  -243.988  -243.988  0.453262  0.453262  
protocols.relax.FastRelax: CMD: accept_to_best  -243.988  0.453262  0.453262  0.55
protocols.relax.FastRelax: CMD: endrepeat  -243.988  0.453262  0.453262  0.55
protocols.relax.FastRelax: CMD: coord_cst_weight  -243.988  0.453262  0.453262  0.55
protocols.relax.FastRelax: CMD: scale:fa_rep  -284.922  0.453262  0.453262  0.022
core.pack.task: Packer task: initialize from command line() 
core.pack.pack_rotamers: built 1070 rotamers at 75 positions.
core.pack.interaction_graph.interaction_graph_factory: Instantiating DensePDInteractionGraph
protocols.relax.FastRelax: CMD: repack  -288.736  0.453262  0.453262  0.022
protocols.relax.FastRelax: CMD: scale:fa_rep  -287.603  0.453262  0.453262  0.02805
protocols.relax.FastRelax: CMD: min  -353.667  0.844226  0.844226  0.02805
protocols.relax.FastRelax: CMD: coord_cst_weight  -353.667  0.844226  0.844226  0.02805
protocols.relax.FastRelax: CMD: scale:fa_rep  -207.5  0.844226  0.844226  0.14575
core.pack.task: Packer task: initialize from command line() 
core.pack.pack_rotamers: built 982 rotamers at 75 positions.
core.pack.interaction_graph.interaction_graph_factory: Instantiating DensePDInteractionGraph
protocols.relax.FastRelax: CMD: repack  -207.951  0.844226  0.844226  0.14575
protocols.relax.FastRelax: CMD: scale:fa_rep  -197.763  0.844226  0.844226  0.154
protocols.relax.FastRelax: CMD: min  -293.546  0.582729  0.582729  0.154
protocols.relax.FastRelax: CMD: coord_cst_weight  -293.546  0.582729  0.582729  0.154
protocols.relax.FastRelax: CMD: scale:fa_rep  -255.629  0.582729  0.582729  0.30745
core.pack.task: Packer task: initialize from command line() 
core.pack.pack_rotamers: built 934 rotamers at 75 positions.
core.pack.interaction_graph.interaction_graph_factory: Instantiating DensePDInteractionGraph
protocols.relax.FastRelax: CMD: repack  -255.629  0.582729  0.582729  0.30745
protocols.relax.FastRelax: CMD: scale:fa_rep  -252.639  0.582729  0.582729  0.31955
protocols.relax.FastRelax: CMD: min  -265.787  0.486608  0.486608  0.31955
protocols.relax.FastRelax: CMD: coord_cst_weight  -265.787  0.486608  0.486608  0.31955
protocols.relax.FastRelax: CMD: scale:fa_rep  -237.55  0.486608  0.486608  0.55
core.pack.task: Packer task: initialize from command line() 
core.pack.pack_rotamers: built 928 rotamers at 75 positions.
core.pack.interaction_graph.interaction_graph_factory: Instantiating DensePDInteractionGraph
protocols.relax.FastRelax: CMD: repack  -237.55  0.486608  0.486608  0.55
protocols.relax.FastRelax: CMD: min  -243.975  0.454931  0.454931  0.55
protocols.relax.FastRelax: MRP: 9  -243.975  -243.988  0.453262  0.453262  
protocols.relax.FastRelax: CMD: accept_to_best  -243.975  0.454931  0.454931  0.55
protocols.relax.FastRelax: CMD: endrepeat  -243.975  0.454931  0.454931  0.55
protocols::checkpoint: Deleting checkpoints of FastRelax
protocols.rosetta_scripts.ParsedProtocol: setting status to success
protocols.jd2.JobDistributor: flags_relax_v3_nstruct_10_structure_0003 reported success in 141 seconds
protocols.jd2.PDBJobInputter: PDBJobInputter::pose_from_job
protocols.jd2.PDBJobInputter: filling pose from saved copy structure.pdb
protocols.jd2.PDBJobInputter: PDBJobInputter::pose_from_job
protocols.jd2.PDBJobInputter: filling pose from PDB structure.pdb
core.import_pose.import_pose: File 'structure.pdb' automatically determined to be of type PDB from contents.
protocols.rosetta_scripts.ParsedProtocol: =======================BEGIN MOVER MutateResidue - mutant=======================
protocols.rosetta_scripts.ParsedProtocol: =======================BEGIN MOVER FastRelax - relax=======================
core.energy_methods.CartesianBondedEnergy: Creating new peptide-bonded energy container (75)
protocols.relax.FastRelax: CMD: repeat  -173.549  0  0  0.55
protocols.relax.FastRelax: CMD: coord_cst_weight  -173.549  0  0  0.55
protocols.relax.FastRelax: CMD: scale:fa_rep  -217.971  0  0  0.022
core.pack.task: Packer task: initialize from command line() 
core.pack.pack_rotamers: built 1065 rotamers at 75 positions.
core.pack.interaction_graph.interaction_graph_factory: Instantiating DensePDInteractionGraph
protocols.relax.FastRelax: CMD: repack  -258.505  0  0  0.022
protocols.relax.FastRelax: CMD: scale:fa_rep  -256.263  0  0  0.02805
protocols.relax.FastRelax: CMD: min  -347.807  0.81664  0.81664  0.02805
protocols.relax.FastRelax: CMD: coord_cst_weight  -347.807  0.81664  0.81664  0.02805
protocols.relax.FastRelax: CMD: scale:fa_rep  -201.676  0.81664  0.81664  0.14575
core.pack.task: Packer task: initialize from command line() 
core.pack.pack_rotamers: built 981 rotamers at 75 positions.
core.pack.interaction_graph.interaction_graph_factory: Instantiating DensePDInteractionGraph
protocols.relax.FastRelax: CMD: repack  -202.489  0.81664  0.81664  0.14575
protocols.relax.FastRelax: CMD: scale:fa_rep  -192.36  0.81664  0.81664  0.154
protocols.relax.FastRelax: CMD: min  -292.328  0.54976  0.54976  0.154
protocols.relax.FastRelax: CMD: coord_cst_weight  -292.328  0.54976  0.54976  0.154
protocols.relax.FastRelax: CMD: scale:fa_rep  -254.486  0.54976  0.54976  0.30745
core.pack.task: Packer task: initialize from command line() 
core.pack.pack_rotamers: built 959 rotamers at 75 positions.
core.pack.interaction_graph.interaction_graph_factory: Instantiating DensePDInteractionGraph
protocols.relax.FastRelax: CMD: repack  -254.486  0.54976  0.54976  0.30745
protocols.relax.FastRelax: CMD: scale:fa_rep  -251.502  0.54976  0.54976  0.31955
protocols.relax.FastRelax: CMD: min  -264.649  0.464228  0.464228  0.31955
protocols.relax.FastRelax: CMD: coord_cst_weight  -264.649  0.464228  0.464228  0.31955
protocols.relax.FastRelax: CMD: scale:fa_rep  -235.982  0.464228  0.464228  0.55
core.pack.task: Packer task: initialize from command line() 
core.pack.pack_rotamers: built 944 rotamers at 75 positions.
core.pack.interaction_graph.interaction_graph_factory: Instantiating DensePDInteractionGraph
protocols.relax.FastRelax: CMD: repack  -235.982  0.464228  0.464228  0.55
protocols.relax.FastRelax: CMD: min  -242.755  0.41702  0.41702  0.55
protocols.relax.FastRelax: MRP: 0  -242.755  -242.755  0.41702  0.41702  
protocols.relax.FastRelax: CMD: accept_to_best  -242.755  0.41702  0.41702  0.55
protocols.relax.FastRelax: CMD: endrepeat  -242.755  0.41702  0.41702  0.55
protocols.relax.FastRelax: CMD: coord_cst_weight  -242.755  0.41702  0.41702  0.55
protocols.relax.FastRelax: CMD: scale:fa_rep  -283.5  0.41702  0.41702  0.022
core.pack.task: Packer task: initialize from command line() 
core.pack.pack_rotamers: built 1090 rotamers at 75 positions.
core.pack.interaction_graph.interaction_graph_factory: Instantiating DensePDInteractionGraph
protocols.relax.FastRelax: CMD: repack  -287.151  0.41702  0.41702  0.022
protocols.relax.FastRelax: CMD: scale:fa_rep  -285.836  0.41702  0.41702  0.02805
protocols.relax.FastRelax: CMD: min  -353.079  0.863539  0.863539  0.02805
protocols.relax.FastRelax: CMD: coord_cst_weight  -353.079  0.863539  0.863539  0.02805
protocols.relax.FastRelax: CMD: scale:fa_rep  -204.112  0.863539  0.863539  0.14575
core.pack.task: Packer task: initialize from command line() 
core.pack.pack_rotamers: built 991 rotamers at 75 positions.
core.pack.interaction_graph.interaction_graph_factory: Instantiating DensePDInteractionGraph
protocols.relax.FastRelax: CMD: repack  -204.511  0.863539  0.863539  0.14575
protocols.relax.FastRelax: CMD: scale:fa_rep  -194.256  0.863539  0.863539  0.154
protocols.relax.FastRelax: CMD: min  -293.735  0.58382  0.58382  0.154
protocols.relax.FastRelax: CMD: coord_cst_weight  -293.735  0.58382  0.58382  0.154
protocols.relax.FastRelax: CMD: scale:fa_rep  -255.79  0.58382  0.58382  0.30745
core.pack.task: Packer task: initialize from command line() 
core.pack.pack_rotamers: built 938 rotamers at 75 positions.
core.pack.interaction_graph.interaction_graph_factory: Instantiating DensePDInteractionGraph
protocols.relax.FastRelax: CMD: repack  -255.79  0.58382  0.58382  0.30745
protocols.relax.FastRelax: CMD: scale:fa_rep  -252.798  0.58382  0.58382  0.31955
protocols.relax.FastRelax: CMD: min  -265.924  0.479706  0.479706  0.31955
protocols.relax.FastRelax: CMD: coord_cst_weight  -265.924  0.479706  0.479706  0.31955
protocols.relax.FastRelax: CMD: scale:fa_rep  -237.383  0.479706  0.479706  0.55
core.pack.task: Packer task: initialize from command line() 
core.pack.pack_rotamers: built 927 rotamers at 75 positions.
core.pack.interaction_graph.interaction_graph_factory: Instantiating DensePDInteractionGraph
protocols.relax.FastRelax: CMD: repack  -237.383  0.479706  0.479706  0.55
protocols.relax.FastRelax: CMD: min  -243.977  0.440797  0.440797  0.55
protocols.relax.FastRelax: MRP: 1  -243.977  -243.977  0.440797  0.440797  
protocols.relax.FastRelax: CMD: accept_to_best  -243.977  0.440797  0.440797  0.55
protocols.relax.FastRelax: CMD: endrepeat  -243.977  0.440797  0.440797  0.55
protocols.relax.FastRelax: CMD: coord_cst_weight  -243.977  0.440797  0.440797  0.55
protocols.relax.FastRelax: CMD: scale:fa_rep  -285.035  0.440797  0.440797  0.022
core.pack.task: Packer task: initialize from command line() 
core.pack.pack_rotamers: built 1072 rotamers at 75 positions.
core.pack.interaction_graph.interaction_graph_factory: Instantiating DensePDInteractionGraph
protocols.relax.FastRelax: CMD: repack  -288.648  0.440797  0.440797  0.022
protocols.relax.FastRelax: CMD: scale:fa_rep  -287.535  0.440797  0.440797  0.02805
protocols.relax.FastRelax: CMD: min  -353.483  0.831844  0.831844  0.02805
protocols.relax.FastRelax: CMD: coord_cst_weight  -353.483  0.831844  0.831844  0.02805
protocols.relax.FastRelax: CMD: scale:fa_rep  -209.517  0.831844  0.831844  0.14575
core.pack.task: Packer task: initialize from command line() 
core.pack.pack_rotamers: built 977 rotamers at 75 positions.
core.pack.interaction_graph.interaction_graph_factory: Instantiating DensePDInteractionGraph
protocols.relax.FastRelax: CMD: repack  -210.015  0.831844  0.831844  0.14575
protocols.relax.FastRelax: CMD: scale:fa_rep  -200.019  0.831844  0.831844  0.154
protocols.relax.FastRelax: CMD: min  -293.772  0.582801  0.582801  0.154
protocols.relax.FastRelax: CMD: coord_cst_weight  -293.772  0.582801  0.582801  0.154
protocols.relax.FastRelax: CMD: scale:fa_rep  -255.725  0.582801  0.582801  0.30745
core.pack.task: Packer task: initialize from command line() 
core.pack.pack_rotamers: built 935 rotamers at 75 positions.
core.pack.interaction_graph.interaction_graph_factory: Instantiating DensePDInteractionGraph
protocols.relax.FastRelax: CMD: repack  -255.725  0.582801  0.582801  0.30745
protocols.relax.FastRelax: CMD: scale:fa_rep  -252.725  0.582801  0.582801  0.31955
protocols.relax.FastRelax: CMD: min  -265.947  0.478172  0.478172  0.31955
protocols.relax.FastRelax: CMD: coord_cst_weight  -265.947  0.478172  0.478172  0.31955
protocols.relax.FastRelax: CMD: scale:fa_rep  -237.363  0.478172  0.478172  0.55
core.pack.task: Packer task: initialize from command line() 
core.pack.pack_rotamers: built 929 rotamers at 75 positions.
core.pack.interaction_graph.interaction_graph_factory: Instantiating DensePDInteractionGraph
protocols.relax.FastRelax: CMD: repack  -237.363  0.478172  0.478172  0.55
protocols.relax.FastRelax: CMD: min  -244.011  0.440156  0.440156  0.55
protocols.relax.FastRelax: MRP: 2  -244.011  -244.011  0.440156  0.440156  
protocols.relax.FastRelax: CMD: accept_to_best  -244.011  0.440156  0.440156  0.55
protocols.relax.FastRelax: CMD: endrepeat  -244.011  0.440156  0.440156  0.55
protocols.relax.FastRelax: CMD: coord_cst_weight  -244.011  0.440156  0.440156  0.55
protocols.relax.FastRelax: CMD: scale:fa_rep  -285.01  0.440156  0.440156  0.022
core.pack.task: Packer task: initialize from command line() 
core.pack.pack_rotamers: built 1072 rotamers at 75 positions.
core.pack.interaction_graph.interaction_graph_factory: Instantiating DensePDInteractionGraph
protocols.relax.FastRelax: CMD: repack  -288.669  0.440156  0.440156  0.022
protocols.relax.FastRelax: CMD: scale:fa_rep  -287.425  0.440156  0.440156  0.02805
protocols.relax.FastRelax: CMD: min  -353.477  0.831668  0.831668  0.02805
protocols.relax.FastRelax: CMD: coord_cst_weight  -353.477  0.831668  0.831668  0.02805
protocols.relax.FastRelax: CMD: scale:fa_rep  -209.788  0.831668  0.831668  0.14575
core.pack.task: Packer task: initialize from command line() 
core.pack.pack_rotamers: built 978 rotamers at 75 positions.
core.pack.interaction_graph.interaction_graph_factory: Instantiating DensePDInteractionGraph
protocols.relax.FastRelax: CMD: repack  -210.254  0.831668  0.831668  0.14575
protocols.relax.FastRelax: CMD: scale:fa_rep  -200.274  0.831668  0.831668  0.154
protocols.relax.FastRelax: CMD: min  -293.642  0.583705  0.583705  0.154
protocols.relax.FastRelax: CMD: coord_cst_weight  -293.642  0.583705  0.583705  0.154
protocols.relax.FastRelax: CMD: scale:fa_rep  -255.492  0.583705  0.583705  0.30745
core.pack.task: Packer task: initialize from command line() 
core.pack.pack_rotamers: built 937 rotamers at 75 positions.
core.pack.interaction_graph.interaction_graph_factory: Instantiating DensePDInteractionGraph
protocols.relax.FastRelax: CMD: repack  -255.492  0.583705  0.583705  0.30745
protocols.relax.FastRelax: CMD: scale:fa_rep  -252.483  0.583705  0.583705  0.31955
protocols.relax.FastRelax: CMD: min  -265.945  0.478555  0.478555  0.31955
protocols.relax.FastRelax: CMD: coord_cst_weight  -265.945  0.478555  0.478555  0.31955
protocols.relax.FastRelax: CMD: scale:fa_rep  -237.412  0.478555  0.478555  0.55
core.pack.task: Packer task: initialize from command line() 
core.pack.pack_rotamers: built 930 rotamers at 75 positions.
core.pack.interaction_graph.interaction_graph_factory: Instantiating DensePDInteractionGraph
protocols.relax.FastRelax: CMD: repack  -237.412  0.478555  0.478555  0.55
protocols.relax.FastRelax: CMD: min  -244.006  0.440773  0.440773  0.55
protocols.relax.FastRelax: MRP: 3  -244.006  -244.011  0.440156  0.440156  
protocols.relax.FastRelax: CMD: accept_to_best  -244.006  0.440773  0.440773  0.55
protocols.relax.FastRelax: CMD: endrepeat  -244.006  0.440773  0.440773  0.55
protocols.relax.FastRelax: CMD: coord_cst_weight  -244.006  0.440773  0.440773  0.55
protocols.relax.FastRelax: CMD: scale:fa_rep  -285.125  0.440773  0.440773  0.022
core.pack.task: Packer task: initialize from command line() 
core.pack.pack_rotamers: built 1071 rotamers at 75 positions.
core.pack.interaction_graph.interaction_graph_factory: Instantiating DensePDInteractionGraph
protocols.relax.FastRelax: CMD: repack  -288.771  0.440773  0.440773  0.022
protocols.relax.FastRelax: CMD: scale:fa_rep  -287.666  0.440773  0.440773  0.02805
protocols.relax.FastRelax: CMD: min  -353.668  0.837454  0.837454  0.02805
protocols.relax.FastRelax: CMD: coord_cst_weight  -353.668  0.837454  0.837454  0.02805
protocols.relax.FastRelax: CMD: scale:fa_rep  -208.736  0.837454  0.837454  0.14575
core.pack.task: Packer task: initialize from command line() 
core.pack.pack_rotamers: built 979 rotamers at 75 positions.
core.pack.interaction_graph.interaction_graph_factory: Instantiating DensePDInteractionGraph
protocols.relax.FastRelax: CMD: repack  -209.242  0.837454  0.837454  0.14575
protocols.relax.FastRelax: CMD: scale:fa_rep  -199.18  0.837454  0.837454  0.154
protocols.relax.FastRelax: CMD: min  -293.688  0.579807  0.579807  0.154
protocols.relax.FastRelax: CMD: coord_cst_weight  -293.688  0.579807  0.579807  0.154
protocols.relax.FastRelax: CMD: scale:fa_rep  -255.87  0.579807  0.579807  0.30745
core.pack.task: Packer task: initialize from command line() 
core.pack.pack_rotamers: built 939 rotamers at 75 positions.
core.pack.interaction_graph.interaction_graph_factory: Instantiating DensePDInteractionGraph
protocols.relax.FastRelax: CMD: repack  -255.87  0.579807  0.579807  0.30745
protocols.relax.FastRelax: CMD: scale:fa_rep  -252.888  0.579807  0.579807  0.31955
protocols.relax.FastRelax: CMD: min  -265.809  0.487363  0.487363  0.31955
protocols.relax.FastRelax: CMD: coord_cst_weight  -265.809  0.487363  0.487363  0.31955
protocols.relax.FastRelax: CMD: scale:fa_rep  -237.179  0.487363  0.487363  0.55
core.pack.task: Packer task: initialize from command line() 
core.pack.pack_rotamers: built 927 rotamers at 75 positions.
core.pack.interaction_graph.interaction_graph_factory: Instantiating DensePDInteractionGraph
protocols.relax.FastRelax: CMD: repack  -237.179  0.487363  0.487363  0.55
protocols.relax.FastRelax: CMD: min  -243.98  0.442048  0.442048  0.55
protocols.relax.FastRelax: MRP: 4  -243.98  -244.011  0.440156  0.440156  
protocols.relax.FastRelax: CMD: accept_to_best  -243.98  0.442048  0.442048  0.55
protocols.relax.FastRelax: CMD: endrepeat  -243.98  0.442048  0.442048  0.55
protocols.relax.FastRelax: CMD: coord_cst_weight  -243.98  0.442048  0.442048  0.55
protocols.relax.FastRelax: CMD: scale:fa_rep  -284.912  0.442048  0.442048  0.022
core.pack.task: Packer task: initialize from command line() 
core.pack.pack_rotamers: built 1070 rotamers at 75 positions.
core.pack.interaction_graph.interaction_graph_factory: Instantiating DensePDInteractionGraph
protocols.relax.FastRelax: CMD: repack  -288.57  0.442048  0.442048  0.022
protocols.relax.FastRelax: CMD: scale:fa_rep  -287.477  0.442048  0.442048  0.02805
protocols.relax.FastRelax: CMD: min  -353.641  0.837854  0.837854  0.02805
protocols.relax.FastRelax: CMD: coord_cst_weight  -353.641  0.837854  0.837854  0.02805
protocols.relax.FastRelax: CMD: scale:fa_rep  -208.923  0.837854  0.837854  0.14575
core.pack.task: Packer task: initialize from command line() 
core.pack.pack_rotamers: built 980 rotamers at 75 positions.
core.pack.interaction_graph.interaction_graph_factory: Instantiating DensePDInteractionGraph
protocols.relax.FastRelax: CMD: repack  -209.483  0.837854  0.837854  0.14575
protocols.relax.FastRelax: CMD: scale:fa_rep  -199.439  0.837854  0.837854  0.154
protocols.relax.FastRelax: CMD: min  -293.739  0.580937  0.580937  0.154
protocols.relax.FastRelax: CMD: coord_cst_weight  -293.739  0.580937  0.580937  0.154
protocols.relax.FastRelax: CMD: scale:fa_rep  -255.758  0.580937  0.580937  0.30745
core.pack.task: Packer task: initialize from command line() 
core.pack.pack_rotamers: built 938 rotamers at 75 positions.
core.pack.interaction_graph.interaction_graph_factory: Instantiating DensePDInteractionGraph
protocols.relax.FastRelax: CMD: repack  -255.758  0.580937  0.580937  0.30745
protocols.relax.FastRelax: CMD: scale:fa_rep  -252.763  0.580937  0.580937  0.31955
protocols.relax.FastRelax: CMD: min  -265.932  0.477711  0.477711  0.31955
protocols.relax.FastRelax: CMD: coord_cst_weight  -265.932  0.477711  0.477711  0.31955
protocols.relax.FastRelax: CMD: scale:fa_rep  -237.535  0.477711  0.477711  0.55
core.pack.task: Packer task: initialize from command line() 
core.pack.pack_rotamers: built 928 rotamers at 75 positions.
core.pack.interaction_graph.interaction_graph_factory: Instantiating DensePDInteractionGraph
protocols.relax.FastRelax: CMD: repack  -237.535  0.477711  0.477711  0.55
protocols.relax.FastRelax: CMD: min  -244.011  0.440532  0.440532  0.55
protocols.relax.FastRelax: MRP: 5  -244.011  -244.011  0.440532  0.440532  
protocols.relax.FastRelax: CMD: accept_to_best  -244.011  0.440532  0.440532  0.55
protocols.relax.FastRelax: CMD: endrepeat  -244.011  0.440532  0.440532  0.55
protocols.relax.FastRelax: CMD: coord_cst_weight  -244.011  0.440532  0.440532  0.55
protocols.relax.FastRelax: CMD: scale:fa_rep  -284.975  0.440532  0.440532  0.022
core.pack.task: Packer task: initialize from command line() 
core.pack.pack_rotamers: built 1071 rotamers at 75 positions.
core.pack.interaction_graph.interaction_graph_factory: Instantiating DensePDInteractionGraph
protocols.relax.FastRelax: CMD: repack  -288.62  0.440532  0.440532  0.022
protocols.relax.FastRelax: CMD: scale:fa_rep  -287.516  0.440532  0.440532  0.02805
protocols.relax.FastRelax: CMD: min  -353.597  0.836027  0.836027  0.02805
protocols.relax.FastRelax: CMD: coord_cst_weight  -353.597  0.836027  0.836027  0.02805
protocols.relax.FastRelax: CMD: scale:fa_rep  -209.035  0.836027  0.836027  0.14575
core.pack.task: Packer task: initialize from command line() 
core.pack.pack_rotamers: built 979 rotamers at 75 positions.
core.pack.interaction_graph.interaction_graph_factory: Instantiating DensePDInteractionGraph
protocols.relax.FastRelax: CMD: repack  -209.579  0.836027  0.836027  0.14575
protocols.relax.FastRelax: CMD: scale:fa_rep  -199.544  0.836027  0.836027  0.154
protocols.relax.FastRelax: CMD: min  -293.739  0.581429  0.581429  0.154
protocols.relax.FastRelax: CMD: coord_cst_weight  -293.739  0.581429  0.581429  0.154
protocols.relax.FastRelax: CMD: scale:fa_rep  -255.755  0.581429  0.581429  0.30745
core.pack.task: Packer task: initialize from command line() 
core.pack.pack_rotamers: built 938 rotamers at 75 positions.
core.pack.interaction_graph.interaction_graph_factory: Instantiating DensePDInteractionGraph
protocols.relax.FastRelax: CMD: repack  -255.755  0.581429  0.581429  0.30745
protocols.relax.FastRelax: CMD: scale:fa_rep  -252.76  0.581429  0.581429  0.31955
protocols.relax.FastRelax: CMD: min  -265.943  0.478536  0.478536  0.31955
protocols.relax.FastRelax: CMD: coord_cst_weight  -265.943  0.478536  0.478536  0.31955
protocols.relax.FastRelax: CMD: scale:fa_rep  -237.45  0.478536  0.478536  0.55
core.pack.task: Packer task: initialize from command line() 
core.pack.pack_rotamers: built 928 rotamers at 75 positions.
core.pack.interaction_graph.interaction_graph_factory: Instantiating DensePDInteractionGraph
protocols.relax.FastRelax: CMD: repack  -237.45  0.478536  0.478536  0.55
protocols.relax.FastRelax: CMD: min  -243.992  0.442414  0.442414  0.55
protocols.relax.FastRelax: MRP: 6  -243.992  -244.011  0.440532  0.440532  
protocols.relax.FastRelax: CMD: accept_to_best  -243.992  0.442414  0.442414  0.55
protocols.relax.FastRelax: CMD: endrepeat  -243.992  0.442414  0.442414  0.55
protocols.relax.FastRelax: CMD: coord_cst_weight  -243.992  0.442414  0.442414  0.55
protocols.relax.FastRelax: CMD: scale:fa_rep  -285.33  0.442414  0.442414  0.022
core.pack.task: Packer task: initialize from command line() 
core.pack.pack_rotamers: built 1070 rotamers at 75 positions.
core.pack.interaction_graph.interaction_graph_factory: Instantiating DensePDInteractionGraph
protocols.relax.FastRelax: CMD: repack  -288.974  0.442414  0.442414  0.022
protocols.relax.FastRelax: CMD: scale:fa_rep  -287.867  0.442414  0.442414  0.02805
protocols.relax.FastRelax: CMD: min  -353.559  0.835241  0.835241  0.02805
protocols.relax.FastRelax: CMD: coord_cst_weight  -353.559  0.835241  0.835241  0.02805
protocols.relax.FastRelax: CMD: scale:fa_rep  -209.219  0.835241  0.835241  0.14575
core.pack.task: Packer task: initialize from command line() 
core.pack.pack_rotamers: built 978 rotamers at 75 positions.
core.pack.interaction_graph.interaction_graph_factory: Instantiating DensePDInteractionGraph
protocols.relax.FastRelax: CMD: repack  -209.723  0.835241  0.835241  0.14575
protocols.relax.FastRelax: CMD: scale:fa_rep  -199.701  0.835241  0.835241  0.154
protocols.relax.FastRelax: CMD: min  -293.762  0.582498  0.582498  0.154
protocols.relax.FastRelax: CMD: coord_cst_weight  -293.762  0.582498  0.582498  0.154
protocols.relax.FastRelax: CMD: scale:fa_rep  -255.731  0.582498  0.582498  0.30745
core.pack.task: Packer task: initialize from command line() 
core.pack.pack_rotamers: built 939 rotamers at 75 positions.
core.pack.interaction_graph.interaction_graph_factory: Instantiating DensePDInteractionGraph
protocols.relax.FastRelax: CMD: repack  -255.731  0.582498  0.582498  0.30745
protocols.relax.FastRelax: CMD: scale:fa_rep  -252.732  0.582498  0.582498  0.31955
protocols.relax.FastRelax: CMD: min  -265.945  0.479635  0.479635  0.31955
protocols.relax.FastRelax: CMD: coord_cst_weight  -265.945  0.479635  0.479635  0.31955
protocols.relax.FastRelax: CMD: scale:fa_rep  -237.464  0.479635  0.479635  0.55
core.pack.task: Packer task: initialize from command line() 
core.pack.pack_rotamers: built 929 rotamers at 75 positions.
core.pack.interaction_graph.interaction_graph_factory: Instantiating DensePDInteractionGraph
protocols.relax.FastRelax: CMD: repack  -237.464  0.479635  0.479635  0.55
protocols.relax.FastRelax: CMD: min  -244.011  0.44117  0.44117  0.55
protocols.relax.FastRelax: MRP: 7  -244.011  -244.011  0.440532  0.440532  
protocols.relax.FastRelax: CMD: accept_to_best  -244.011  0.44117  0.44117  0.55
protocols.relax.FastRelax: CMD: endrepeat  -244.011  0.44117  0.44117  0.55
protocols.relax.FastRelax: CMD: coord_cst_weight  -244.011  0.44117  0.44117  0.55
protocols.relax.FastRelax: CMD: scale:fa_rep  -284.985  0.44117  0.44117  0.022
core.pack.task: Packer task: initialize from command line() 
core.pack.pack_rotamers: built 1072 rotamers at 75 positions.
core.pack.interaction_graph.interaction_graph_factory: Instantiating DensePDInteractionGraph
protocols.relax.FastRelax: CMD: repack  -288.646  0.44117  0.44117  0.022
protocols.relax.FastRelax: CMD: scale:fa_rep  -287.551  0.44117  0.44117  0.02805
protocols.relax.FastRelax: CMD: min  -353.542  0.835694  0.835694  0.02805
protocols.relax.FastRelax: CMD: coord_cst_weight  -353.542  0.835694  0.835694  0.02805
protocols.relax.FastRelax: CMD: scale:fa_rep  -209.278  0.835694  0.835694  0.14575
core.pack.task: Packer task: initialize from command line() 
core.pack.pack_rotamers: built 978 rotamers at 75 positions.
core.pack.interaction_graph.interaction_graph_factory: Instantiating DensePDInteractionGraph
protocols.relax.FastRelax: CMD: repack  -209.797  0.835694  0.835694  0.14575
protocols.relax.FastRelax: CMD: scale:fa_rep  -199.782  0.835694  0.835694  0.154
protocols.relax.FastRelax: CMD: min  -293.739  0.582129  0.582129  0.154
protocols.relax.FastRelax: CMD: coord_cst_weight  -293.739  0.582129  0.582129  0.154
protocols.relax.FastRelax: CMD: scale:fa_rep  -255.762  0.582129  0.582129  0.30745
core.pack.task: Packer task: initialize from command line() 
core.pack.pack_rotamers: built 937 rotamers at 75 positions.
core.pack.interaction_graph.interaction_graph_factory: Instantiating DensePDInteractionGraph
protocols.relax.FastRelax: CMD: repack  -255.762  0.582129  0.582129  0.30745
protocols.relax.FastRelax: CMD: scale:fa_rep  -252.768  0.582129  0.582129  0.31955
protocols.relax.FastRelax: CMD: min  -265.946  0.478187  0.478187  0.31955
protocols.relax.FastRelax: CMD: coord_cst_weight  -265.946  0.478187  0.478187  0.31955
protocols.relax.FastRelax: CMD: scale:fa_rep  -237.424  0.478187  0.478187  0.55
core.pack.task: Packer task: initialize from command line() 
core.pack.pack_rotamers: built 929 rotamers at 75 positions.
core.pack.interaction_graph.interaction_graph_factory: Instantiating DensePDInteractionGraph
protocols.relax.FastRelax: CMD: repack  -237.424  0.478187  0.478187  0.55
protocols.relax.FastRelax: CMD: min  -244.007  0.44105  0.44105  0.55
protocols.relax.FastRelax: MRP: 8  -244.007  -244.011  0.440532  0.440532  
protocols.relax.FastRelax: CMD: accept_to_best  -244.007  0.44105  0.44105  0.55
protocols.relax.FastRelax: CMD: endrepeat  -244.007  0.44105  0.44105  0.55
protocols.relax.FastRelax: CMD: coord_cst_weight  -244.007  0.44105  0.44105  0.55
protocols.relax.FastRelax: CMD: scale:fa_rep  -285.071  0.44105  0.44105  0.022
core.pack.task: Packer task: initialize from command line() 
core.pack.pack_rotamers: built 1070 rotamers at 75 positions.
core.pack.interaction_graph.interaction_graph_factory: Instantiating DensePDInteractionGraph
protocols.relax.FastRelax: CMD: repack  -288.725  0.44105  0.44105  0.022
protocols.relax.FastRelax: CMD: scale:fa_rep  -287.624  0.44105  0.44105  0.02805
protocols.relax.FastRelax: CMD: min  -353.584  0.836448  0.836448  0.02805
protocols.relax.FastRelax: CMD: coord_cst_weight  -353.584  0.836448  0.836448  0.02805
protocols.relax.FastRelax: CMD: scale:fa_rep  -209.014  0.836448  0.836448  0.14575
core.pack.task: Packer task: initialize from command line() 
core.pack.pack_rotamers: built 979 rotamers at 75 positions.
core.pack.interaction_graph.interaction_graph_factory: Instantiating DensePDInteractionGraph
protocols.relax.FastRelax: CMD: repack  -209.573  0.836448  0.836448  0.14575
protocols.relax.FastRelax: CMD: scale:fa_rep  -199.539  0.836448  0.836448  0.154
protocols.relax.FastRelax: CMD: min  -293.691  0.581856  0.581856  0.154
protocols.relax.FastRelax: CMD: coord_cst_weight  -293.691  0.581856  0.581856  0.154
protocols.relax.FastRelax: CMD: scale:fa_rep  -255.762  0.581856  0.581856  0.30745
core.pack.task: Packer task: initialize from command line() 
core.pack.pack_rotamers: built 937 rotamers at 75 positions.
core.pack.interaction_graph.interaction_graph_factory: Instantiating DensePDInteractionGraph
protocols.relax.FastRelax: CMD: repack  -255.762  0.581856  0.581856  0.30745
protocols.relax.FastRelax: CMD: scale:fa_rep  -252.771  0.581856  0.581856  0.31955
protocols.relax.FastRelax: CMD: min  -265.96  0.477484  0.477484  0.31955
protocols.relax.FastRelax: CMD: coord_cst_weight  -265.96  0.477484  0.477484  0.31955
protocols.relax.FastRelax: CMD: scale:fa_rep  -237.493  0.477484  0.477484  0.55
core.pack.task: Packer task: initialize from command line() 
core.pack.pack_rotamers: built 930 rotamers at 75 positions.
core.pack.interaction_graph.interaction_graph_factory: Instantiating DensePDInteractionGraph
protocols.relax.FastRelax: CMD: repack  -237.493  0.477484  0.477484  0.55
protocols.relax.FastRelax: CMD: min  -243.987  0.443339  0.443339  0.55
protocols.relax.FastRelax: MRP: 9  -243.987  -244.011  0.440532  0.440532  
protocols.relax.FastRelax: CMD: accept_to_best  -243.987  0.443339  0.443339  0.55
protocols.relax.FastRelax: CMD: endrepeat  -243.987  0.443339  0.443339  0.55
protocols::checkpoint: Deleting checkpoints of FastRelax
protocols.rosetta_scripts.ParsedProtocol: setting status to success
protocols.jd2.JobDistributor: flags_relax_v3_nstruct_10_structure_0004 reported success in 140 seconds
protocols.jd2.PDBJobInputter: PDBJobInputter::pose_from_job
protocols.jd2.PDBJobInputter: filling pose from saved copy structure.pdb
protocols.jd2.PDBJobInputter: PDBJobInputter::pose_from_job
protocols.jd2.PDBJobInputter: filling pose from PDB structure.pdb
core.import_pose.import_pose: File 'structure.pdb' automatically determined to be of type PDB from contents.
protocols.rosetta_scripts.ParsedProtocol: =======================BEGIN MOVER MutateResidue - mutant=======================
protocols.rosetta_scripts.ParsedProtocol: =======================BEGIN MOVER FastRelax - relax=======================
core.energy_methods.CartesianBondedEnergy: Creating new peptide-bonded energy container (75)
protocols.relax.FastRelax: CMD: repeat  -173.549  0  0  0.55
protocols.relax.FastRelax: CMD: coord_cst_weight  -173.549  0  0  0.55
protocols.relax.FastRelax: CMD: scale:fa_rep  -217.971  0  0  0.022
core.pack.task: Packer task: initialize from command line() 
core.pack.pack_rotamers: built 1065 rotamers at 75 positions.
core.pack.interaction_graph.interaction_graph_factory: Instantiating DensePDInteractionGraph
protocols.relax.FastRelax: CMD: repack  -258.971  0  0  0.022
protocols.relax.FastRelax: CMD: scale:fa_rep  -257.052  0  0  0.02805
protocols.relax.FastRelax: CMD: min  -343.672  0.776177  0.776177  0.02805
protocols.relax.FastRelax: CMD: coord_cst_weight  -343.672  0.776177  0.776177  0.02805
protocols.relax.FastRelax: CMD: scale:fa_rep  -201.588  0.776177  0.776177  0.14575
core.pack.task: Packer task: initialize from command line() 
core.pack.pack_rotamers: built 989 rotamers at 75 positions.
core.pack.interaction_graph.interaction_graph_factory: Instantiating DensePDInteractionGraph
protocols.relax.FastRelax: CMD: repack  -202.572  0.776177  0.776177  0.14575
protocols.relax.FastRelax: CMD: scale:fa_rep  -192.948  0.776177  0.776177  0.154
protocols.relax.FastRelax: CMD: min  -284.319  0.456845  0.456845  0.154
protocols.relax.FastRelax: CMD: coord_cst_weight  -284.319  0.456845  0.456845  0.154
protocols.relax.FastRelax: CMD: scale:fa_rep  -248.057  0.456845  0.456845  0.30745
core.pack.task: Packer task: initialize from command line() 
core.pack.pack_rotamers: built 967 rotamers at 75 positions.
core.pack.interaction_graph.interaction_graph_factory: Instantiating DensePDInteractionGraph
protocols.relax.FastRelax: CMD: repack  -248.057  0.456845  0.456845  0.30745
protocols.relax.FastRelax: CMD: scale:fa_rep  -245.198  0.456845  0.456845  0.31955
protocols.relax.FastRelax: CMD: min  -258.609  0.285991  0.285991  0.31955
protocols.relax.FastRelax: CMD: coord_cst_weight  -258.609  0.285991  0.285991  0.31955
protocols.relax.FastRelax: CMD: scale:fa_rep  -232.156  0.285991  0.285991  0.55
core.pack.task: Packer task: initialize from command line() 
core.pack.pack_rotamers: built 954 rotamers at 75 positions.
core.pack.interaction_graph.interaction_graph_factory: Instantiating DensePDInteractionGraph
protocols.relax.FastRelax: CMD: repack  -232.156  0.285991  0.285991  0.55
protocols.relax.FastRelax: CMD: min  -237.918  0.246486  0.246486  0.55
protocols.relax.FastRelax: MRP: 0  -237.918  -237.918  0.246486  0.246486  
protocols.relax.FastRelax: CMD: accept_to_best  -237.918  0.246486  0.246486  0.55
protocols.relax.FastRelax: CMD: endrepeat  -237.918  0.246486  0.246486  0.55
protocols.relax.FastRelax: CMD: coord_cst_weight  -237.918  0.246486  0.246486  0.55
protocols.relax.FastRelax: CMD: scale:fa_rep  -276.319  0.246486  0.246486  0.022
core.pack.task: Packer task: initialize from command line() 
core.pack.pack_rotamers: built 1073 rotamers at 75 positions.
core.pack.interaction_graph.interaction_graph_factory: Instantiating DensePDInteractionGraph
protocols.relax.FastRelax: CMD: repack  -280.11  0.246486  0.246486  0.022
protocols.relax.FastRelax: CMD: scale:fa_rep  -279.064  0.246486  0.246486  0.02805
protocols.relax.FastRelax: CMD: min  -347.25  0.774457  0.774457  0.02805
protocols.relax.FastRelax: CMD: coord_cst_weight  -347.25  0.774457  0.774457  0.02805
protocols.relax.FastRelax: CMD: scale:fa_rep  -203.563  0.774457  0.774457  0.14575
core.pack.task: Packer task: initialize from command line() 
core.pack.pack_rotamers: built 990 rotamers at 75 positions.
core.pack.interaction_graph.interaction_graph_factory: Instantiating DensePDInteractionGraph
protocols.relax.FastRelax: CMD: repack  -203.996  0.774457  0.774457  0.14575
protocols.relax.FastRelax: CMD: scale:fa_rep  -194.074  0.774457  0.774457  0.154
protocols.relax.FastRelax: CMD: min  -286.948  0.467624  0.467624  0.154
protocols.relax.FastRelax: CMD: coord_cst_weight  -286.948  0.467624  0.467624  0.154
protocols.relax.FastRelax: CMD: scale:fa_rep  -250.414  0.467624  0.467624  0.30745
core.pack.task: Packer task: initialize from command line() 
core.pack.pack_rotamers: built 963 rotamers at 75 positions.
core.pack.interaction_graph.interaction_graph_factory: Instantiating DensePDInteractionGraph
protocols.relax.FastRelax: CMD: repack  -250.414  0.467624  0.467624  0.30745
protocols.relax.FastRelax: CMD: scale:fa_rep  -247.533  0.467624  0.467624  0.31955
protocols.relax.FastRelax: CMD: min  -260.553  0.325664  0.325664  0.31955
protocols.relax.FastRelax: CMD: coord_cst_weight  -260.553  0.325664  0.325664  0.31955
protocols.relax.FastRelax: CMD: scale:fa_rep  -233.411  0.325664  0.325664  0.55
core.pack.task: Packer task: initialize from command line() 
core.pack.pack_rotamers: built 948 rotamers at 75 positions.
core.pack.interaction_graph.interaction_graph_factory: Instantiating DensePDInteractionGraph
protocols.relax.FastRelax: CMD: repack  -233.411  0.325664  0.325664  0.55
protocols.relax.FastRelax: CMD: min  -239.55  0.292399  0.292399  0.55
protocols.relax.FastRelax: MRP: 1  -239.55  -239.55  0.292399  0.292399  
protocols.relax.FastRelax: CMD: accept_to_best  -239.55  0.292399  0.292399  0.55
protocols.relax.FastRelax: CMD: endrepeat  -239.55  0.292399  0.292399  0.55
protocols.relax.FastRelax: CMD: coord_cst_weight  -239.55  0.292399  0.292399  0.55
protocols.relax.FastRelax: CMD: scale:fa_rep  -278.538  0.292399  0.292399  0.022
core.pack.task: Packer task: initialize from command line() 
core.pack.pack_rotamers: built 1084 rotamers at 75 positions.
core.pack.interaction_graph.interaction_graph_factory: Instantiating DensePDInteractionGraph
protocols.relax.FastRelax: CMD: repack  -282.444  0.292399  0.292399  0.022
protocols.relax.FastRelax: CMD: scale:fa_rep  -281.306  0.292399  0.292399  0.02805
protocols.relax.FastRelax: CMD: min  -346.839  0.765026  0.765026  0.02805
protocols.relax.FastRelax: CMD: coord_cst_weight  -346.839  0.765026  0.765026  0.02805
protocols.relax.FastRelax: CMD: scale:fa_rep  -203.914  0.765026  0.765026  0.14575
core.pack.task: Packer task: initialize from command line() 
core.pack.pack_rotamers: built 995 rotamers at 75 positions.
core.pack.interaction_graph.interaction_graph_factory: Instantiating DensePDInteractionGraph
protocols.relax.FastRelax: CMD: repack  -204.292  0.765026  0.765026  0.14575
protocols.relax.FastRelax: CMD: scale:fa_rep  -194.421  0.765026  0.765026  0.154
protocols.relax.FastRelax: CMD: min  -286.952  0.487537  0.487537  0.154
protocols.relax.FastRelax: CMD: coord_cst_weight  -286.952  0.487537  0.487537  0.154
protocols.relax.FastRelax: CMD: scale:fa_rep  -249.795  0.487537  0.487537  0.30745
core.pack.task: Packer task: initialize from command line() 
core.pack.pack_rotamers: built 963 rotamers at 75 positions.
core.pack.interaction_graph.interaction_graph_factory: Instantiating DensePDInteractionGraph
protocols.relax.FastRelax: CMD: repack  -249.795  0.487537  0.487537  0.30745
protocols.relax.FastRelax: CMD: scale:fa_rep  -246.865  0.487537  0.487537  0.31955
protocols.relax.FastRelax: CMD: min  -260.561  0.337494  0.337494  0.31955
protocols.relax.FastRelax: CMD: coord_cst_weight  -260.561  0.337494  0.337494  0.31955
protocols.relax.FastRelax: CMD: scale:fa_rep  -233.187  0.337494  0.337494  0.55
core.pack.task: Packer task: initialize from command line() 
core.pack.pack_rotamers: built 950 rotamers at 75 positions.
core.pack.interaction_graph.interaction_graph_factory: Instantiating DensePDInteractionGraph
protocols.relax.FastRelax: CMD: repack  -233.187  0.337494  0.337494  0.55
protocols.relax.FastRelax: CMD: min  -239.384  0.302242  0.302242  0.55
protocols.relax.FastRelax: MRP: 2  -239.384  -239.55  0.292399  0.292399  
protocols.relax.FastRelax: CMD: accept_to_best  -239.384  0.302242  0.302242  0.55
protocols.relax.FastRelax: CMD: endrepeat  -239.384  0.302242  0.302242  0.55
protocols.relax.FastRelax: CMD: coord_cst_weight  -239.384  0.302242  0.302242  0.55
protocols.relax.FastRelax: CMD: scale:fa_rep  -278.696  0.302242  0.302242  0.022
core.pack.task: Packer task: initialize from command line() 
core.pack.pack_rotamers: built 1084 rotamers at 75 positions.
core.pack.interaction_graph.interaction_graph_factory: Instantiating DensePDInteractionGraph
protocols.relax.FastRelax: CMD: repack  -282.494  0.302242  0.302242  0.022
protocols.relax.FastRelax: CMD: scale:fa_rep  -281.355  0.302242  0.302242  0.02805
protocols.relax.FastRelax: CMD: min  -347.169  0.774428  0.774428  0.02805
protocols.relax.FastRelax: CMD: coord_cst_weight  -347.169  0.774428  0.774428  0.02805
protocols.relax.FastRelax: CMD: scale:fa_rep  -204.184  0.774428  0.774428  0.14575
core.pack.task: Packer task: initialize from command line() 
core.pack.pack_rotamers: built 978 rotamers at 75 positions.
core.pack.interaction_graph.interaction_graph_factory: Instantiating DensePDInteractionGraph
protocols.relax.FastRelax: CMD: repack  -204.666  0.774428  0.774428  0.14575
protocols.relax.FastRelax: CMD: scale:fa_rep  -194.794  0.774428  0.774428  0.154
protocols.relax.FastRelax: CMD: min  -286.729  0.493131  0.493131  0.154
protocols.relax.FastRelax: CMD: coord_cst_weight  -286.729  0.493131  0.493131  0.154
protocols.relax.FastRelax: CMD: scale:fa_rep  -249.5  0.493131  0.493131  0.30745
core.pack.task: Packer task: initialize from command line() 
core.pack.pack_rotamers: built 961 rotamers at 75 positions.
core.pack.interaction_graph.interaction_graph_factory: Instantiating DensePDInteractionGraph
protocols.relax.FastRelax: CMD: repack  -249.5  0.493131  0.493131  0.30745
protocols.relax.FastRelax: CMD: scale:fa_rep  -246.564  0.493131  0.493131  0.31955
protocols.relax.FastRelax: CMD: min  -260.566  0.333302  0.333302  0.31955
protocols.relax.FastRelax: CMD: coord_cst_weight  -260.566  0.333302  0.333302  0.31955
protocols.relax.FastRelax: CMD: scale:fa_rep  -233.274  0.333302  0.333302  0.55
core.pack.task: Packer task: initialize from command line() 
core.pack.pack_rotamers: built 951 rotamers at 75 positions.
core.pack.interaction_graph.interaction_graph_factory: Instantiating DensePDInteractionGraph
protocols.relax.FastRelax: CMD: repack  -233.274  0.333302  0.333302  0.55
protocols.relax.FastRelax: CMD: min  -239.432  0.297767  0.297767  0.55
protocols.relax.FastRelax: MRP: 3  -239.432  -239.55  0.292399  0.292399  
protocols.relax.FastRelax: CMD: accept_to_best  -239.432  0.297767  0.297767  0.55
protocols.relax.FastRelax: CMD: endrepeat  -239.432  0.297767  0.297767  0.55
protocols.relax.FastRelax: CMD: coord_cst_weight  -239.432  0.297767  0.297767  0.55
protocols.relax.FastRelax: CMD: scale:fa_rep  -278.776  0.297767  0.297767  0.022
core.pack.task: Packer task: initialize from command line() 
core.pack.pack_rotamers: built 1083 rotamers at 75 positions.
core.pack.interaction_graph.interaction_graph_factory: Instantiating DensePDInteractionGraph
protocols.relax.FastRelax: CMD: repack  -282.583  0.297767  0.297767  0.022
protocols.relax.FastRelax: CMD: scale:fa_rep  -281.451  0.297767  0.297767  0.02805
protocols.relax.FastRelax: CMD: min  -347.213  0.777043  0.777043  0.02805
protocols.relax.FastRelax: CMD: coord_cst_weight  -347.213  0.777043  0.777043  0.02805
protocols.relax.FastRelax: CMD: scale:fa_rep  -204.111  0.777043  0.777043  0.14575
core.pack.task: Packer task: initialize from command line() 
core.pack.pack_rotamers: built 979 rotamers at 75 positions.
core.pack.interaction_graph.interaction_graph_factory: Instantiating DensePDInteractionGraph
protocols.relax.FastRelax: CMD: repack  -204.581  0.777043  0.777043  0.14575
protocols.relax.FastRelax: CMD: scale:fa_rep  -194.697  0.777043  0.777043  0.154
protocols.relax.FastRelax: CMD: min  -287.029  0.472131  0.472131  0.154
protocols.relax.FastRelax: CMD: coord_cst_weight  -287.029  0.472131  0.472131  0.154
protocols.relax.FastRelax: CMD: scale:fa_rep  -250.217  0.472131  0.472131  0.30745
core.pack.task: Packer task: initialize from command line() 
core.pack.pack_rotamers: built 960 rotamers at 75 positions.
core.pack.interaction_graph.interaction_graph_factory: Instantiating DensePDInteractionGraph
protocols.relax.FastRelax: CMD: repack  -250.217  0.472131  0.472131  0.30745
protocols.relax.FastRelax: CMD: scale:fa_rep  -247.314  0.472131  0.472131  0.31955
protocols.relax.FastRelax: CMD: min  -260.527  0.335686  0.335686  0.31955
protocols.relax.FastRelax: CMD: coord_cst_weight  -260.527  0.335686  0.335686  0.31955
protocols.relax.FastRelax: CMD: scale:fa_rep  -233.157  0.335686  0.335686  0.55
core.pack.task: Packer task: initialize from command line() 
core.pack.pack_rotamers: built 952 rotamers at 75 positions.
core.pack.interaction_graph.interaction_graph_factory: Instantiating DensePDInteractionGraph
protocols.relax.FastRelax: CMD: repack  -233.157  0.335686  0.335686  0.55
protocols.relax.FastRelax: CMD: min  -239.378  0.300108  0.300108  0.55
protocols.relax.FastRelax: MRP: 4  -239.378  -239.55  0.292399  0.292399  
protocols.relax.FastRelax: CMD: accept_to_best  -239.378  0.300108  0.300108  0.55
protocols.relax.FastRelax: CMD: endrepeat  -239.378  0.300108  0.300108  0.55
protocols.relax.FastRelax: CMD: coord_cst_weight  -239.378  0.300108  0.300108  0.55
protocols.relax.FastRelax: CMD: scale:fa_rep  -278.718  0.300108  0.300108  0.022
core.pack.task: Packer task: initialize from command line() 
core.pack.pack_rotamers: built 1083 rotamers at 75 positions.
core.pack.interaction_graph.interaction_graph_factory: Instantiating DensePDInteractionGraph
protocols.relax.FastRelax: CMD: repack  -282.363  0.300108  0.300108  0.022
protocols.relax.FastRelax: CMD: scale:fa_rep  -280.98  0.300108  0.300108  0.02805
protocols.relax.FastRelax: CMD: min  -351.407  0.851144  0.851144  0.02805
protocols.relax.FastRelax: CMD: coord_cst_weight  -351.407  0.851144  0.851144  0.02805
protocols.relax.FastRelax: CMD: scale:fa_rep  -204.336  0.851144  0.851144  0.14575
core.pack.task: Packer task: initialize from command line() 
core.pack.pack_rotamers: built 985 rotamers at 75 positions.
core.pack.interaction_graph.interaction_graph_factory: Instantiating DensePDInteractionGraph
protocols.relax.FastRelax: CMD: repack  -204.435  0.851144  0.851144  0.14575
protocols.relax.FastRelax: CMD: scale:fa_rep  -194.248  0.851144  0.851144  0.154
protocols.relax.FastRelax: CMD: min  -290.811  0.58889  0.58889  0.154
protocols.relax.FastRelax: CMD: coord_cst_weight  -290.811  0.58889  0.58889  0.154
protocols.relax.FastRelax: CMD: scale:fa_rep  -252.562  0.58889  0.58889  0.30745
core.pack.task: Packer task: initialize from command line() 
core.pack.pack_rotamers: built 927 rotamers at 75 positions.
core.pack.interaction_graph.interaction_graph_factory: Instantiating DensePDInteractionGraph
protocols.relax.FastRelax: CMD: repack  -252.562  0.58889  0.58889  0.30745
protocols.relax.FastRelax: CMD: scale:fa_rep  -249.546  0.58889  0.58889  0.31955
protocols.relax.FastRelax: CMD: min  -263.423  0.465026  0.465026  0.31955
protocols.relax.FastRelax: CMD: coord_cst_weight  -263.423  0.465026  0.465026  0.31955
protocols.relax.FastRelax: CMD: scale:fa_rep  -235.099  0.465026  0.465026  0.55
core.pack.task: Packer task: initialize from command line() 
core.pack.pack_rotamers: built 926 rotamers at 75 positions.
core.pack.interaction_graph.interaction_graph_factory: Instantiating DensePDInteractionGraph
protocols.relax.FastRelax: CMD: repack  -235.099  0.465026  0.465026  0.55
protocols.relax.FastRelax: CMD: min  -241.61  0.424874  0.424874  0.55
protocols.relax.FastRelax: MRP: 5  -241.61  -241.61  0.424874  0.424874  
protocols.relax.FastRelax: CMD: accept_to_best  -241.61  0.424874  0.424874  0.55
protocols.relax.FastRelax: CMD: endrepeat  -241.61  0.424874  0.424874  0.55
protocols.relax.FastRelax: CMD: coord_cst_weight  -241.61  0.424874  0.424874  0.55
protocols.relax.FastRelax: CMD: scale:fa_rep  -282.368  0.424874  0.424874  0.022
core.pack.task: Packer task: initialize from command line() 
core.pack.pack_rotamers: built 1068 rotamers at 75 positions.
core.pack.interaction_graph.interaction_graph_factory: Instantiating DensePDInteractionGraph
protocols.relax.FastRelax: CMD: repack  -286.96  0.424874  0.424874  0.022
protocols.relax.FastRelax: CMD: scale:fa_rep  -285.732  0.424874  0.424874  0.02805
protocols.relax.FastRelax: CMD: min  -352.72  0.864811  0.864811  0.02805
protocols.relax.FastRelax: CMD: coord_cst_weight  -352.72  0.864811  0.864811  0.02805
protocols.relax.FastRelax: CMD: scale:fa_rep  -207.354  0.864811  0.864811  0.14575
core.pack.task: Packer task: initialize from command line() 
core.pack.pack_rotamers: built 971 rotamers at 75 positions.
core.pack.interaction_graph.interaction_graph_factory: Instantiating DensePDInteractionGraph
protocols.relax.FastRelax: CMD: repack  -207.772  0.864811  0.864811  0.14575
protocols.relax.FastRelax: CMD: scale:fa_rep  -197.691  0.864811  0.864811  0.154
protocols.relax.FastRelax: CMD: min  -291.995  0.586581  0.586581  0.154
protocols.relax.FastRelax: CMD: coord_cst_weight  -291.995  0.586581  0.586581  0.154
protocols.relax.FastRelax: CMD: scale:fa_rep  -254.362  0.586581  0.586581  0.30745
core.pack.task: Packer task: initialize from command line() 
core.pack.pack_rotamers: built 935 rotamers at 75 positions.
core.pack.interaction_graph.interaction_graph_factory: Instantiating DensePDInteractionGraph
protocols.relax.FastRelax: CMD: repack  -254.362  0.586581  0.586581  0.30745
protocols.relax.FastRelax: CMD: scale:fa_rep  -251.395  0.586581  0.586581  0.31955
protocols.relax.FastRelax: CMD: min  -265.053  0.474409  0.474409  0.31955
protocols.relax.FastRelax: CMD: coord_cst_weight  -265.053  0.474409  0.474409  0.31955
protocols.relax.FastRelax: CMD: scale:fa_rep  -237.218  0.474409  0.474409  0.55
core.pack.task: Packer task: initialize from command line() 
core.pack.pack_rotamers: built 927 rotamers at 75 positions.
core.pack.interaction_graph.interaction_graph_factory: Instantiating DensePDInteractionGraph
protocols.relax.FastRelax: CMD: repack  -237.218  0.474409  0.474409  0.55
protocols.relax.FastRelax: CMD: min  -243.329  0.449611  0.449611  0.55
protocols.relax.FastRelax: MRP: 6  -243.329  -243.329  0.449611  0.449611  
protocols.relax.FastRelax: CMD: accept_to_best  -243.329  0.449611  0.449611  0.55
protocols.relax.FastRelax: CMD: endrepeat  -243.329  0.449611  0.449611  0.55
protocols.relax.FastRelax: CMD: coord_cst_weight  -243.329  0.449611  0.449611  0.55
protocols.relax.FastRelax: CMD: scale:fa_rep  -284.008  0.449611  0.449611  0.022
core.pack.task: Packer task: initialize from command line() 
core.pack.pack_rotamers: built 1070 rotamers at 75 positions.
core.pack.interaction_graph.interaction_graph_factory: Instantiating DensePDInteractionGraph
protocols.relax.FastRelax: CMD: repack  -288.099  0.449611  0.449611  0.022
protocols.relax.FastRelax: CMD: scale:fa_rep  -286.926  0.449611  0.449611  0.02805
protocols.relax.FastRelax: CMD: min  -354.767  0.939322  0.939322  0.02805
protocols.relax.FastRelax: CMD: coord_cst_weight  -354.767  0.939322  0.939322  0.02805
protocols.relax.FastRelax: CMD: scale:fa_rep  -200.743  0.939322  0.939322  0.14575
core.pack.task: Packer task: initialize from command line() 
core.pack.pack_rotamers: built 969 rotamers at 75 positions.
core.pack.interaction_graph.interaction_graph_factory: Instantiating DensePDInteractionGraph
protocols.relax.FastRelax: CMD: repack  -201.654  0.939322  0.939322  0.14575
protocols.relax.FastRelax: CMD: scale:fa_rep  -191.134  0.939322  0.939322  0.154
protocols.relax.FastRelax: CMD: min  -292.301  0.597672  0.597672  0.154
protocols.relax.FastRelax: CMD: coord_cst_weight  -292.301  0.597672  0.597672  0.154
protocols.relax.FastRelax: CMD: scale:fa_rep  -254.845  0.597672  0.597672  0.30745
core.pack.task: Packer task: initialize from command line() 
core.pack.pack_rotamers: built 932 rotamers at 75 positions.
core.pack.interaction_graph.interaction_graph_factory: Instantiating DensePDInteractionGraph
protocols.relax.FastRelax: CMD: repack  -254.845  0.597672  0.597672  0.30745
protocols.relax.FastRelax: CMD: scale:fa_rep  -251.892  0.597672  0.597672  0.31955
protocols.relax.FastRelax: CMD: min  -265.215  0.507617  0.507617  0.31955
protocols.relax.FastRelax: CMD: coord_cst_weight  -265.215  0.507617  0.507617  0.31955
protocols.relax.FastRelax: CMD: scale:fa_rep  -236.908  0.507617  0.507617  0.55
core.pack.task: Packer task: initialize from command line() 
core.pack.pack_rotamers: built 927 rotamers at 75 positions.
core.pack.interaction_graph.interaction_graph_factory: Instantiating DensePDInteractionGraph
protocols.relax.FastRelax: CMD: repack  -236.908  0.507617  0.507617  0.55
protocols.relax.FastRelax: CMD: min  -243.74  0.474933  0.474933  0.55
protocols.relax.FastRelax: MRP: 7  -243.74  -243.74  0.474933  0.474933  
protocols.relax.FastRelax: CMD: accept_to_best  -243.74  0.474933  0.474933  0.55
protocols.relax.FastRelax: CMD: endrepeat  -243.74  0.474933  0.474933  0.55
protocols.relax.FastRelax: CMD: coord_cst_weight  -243.74  0.474933  0.474933  0.55
protocols.relax.FastRelax: CMD: scale:fa_rep  -284.226  0.474933  0.474933  0.022
core.pack.task: Packer task: initialize from command line() 
core.pack.pack_rotamers: built 1069 rotamers at 75 positions.
core.pack.interaction_graph.interaction_graph_factory: Instantiating DensePDInteractionGraph
protocols.relax.FastRelax: CMD: repack  -289.311  0.474933  0.474933  0.022
protocols.relax.FastRelax: CMD: scale:fa_rep  -287.942  0.474933  0.474933  0.02805
protocols.relax.FastRelax: CMD: min  -356.636  0.973802  0.973802  0.02805
protocols.relax.FastRelax: CMD: coord_cst_weight  -356.636  0.973802  0.973802  0.02805
protocols.relax.FastRelax: CMD: scale:fa_rep  -204.99  0.973802  0.973802  0.14575
core.pack.task: Packer task: initialize from command line() 
core.pack.pack_rotamers: built 971 rotamers at 75 positions.
core.pack.interaction_graph.interaction_graph_factory: Instantiating DensePDInteractionGraph
protocols.relax.FastRelax: CMD: repack  -206.724  0.973802  0.973802  0.14575
protocols.relax.FastRelax: CMD: scale:fa_rep  -196.387  0.973802  0.973802  0.154
protocols.relax.FastRelax: CMD: min  -293.764  0.659274  0.659274  0.154
protocols.relax.FastRelax: CMD: coord_cst_weight  -293.764  0.659274  0.659274  0.154
protocols.relax.FastRelax: CMD: scale:fa_rep  -255.831  0.659274  0.659274  0.30745
core.pack.task: Packer task: initialize from command line() 
core.pack.pack_rotamers: built 930 rotamers at 75 positions.
core.pack.interaction_graph.interaction_graph_factory: Instantiating DensePDInteractionGraph
protocols.relax.FastRelax: CMD: repack  -255.831  0.659274  0.659274  0.30745
protocols.relax.FastRelax: CMD: scale:fa_rep  -252.84  0.659274  0.659274  0.31955
protocols.relax.FastRelax: CMD: min  -266.352  0.559794  0.559794  0.31955
protocols.relax.FastRelax: CMD: coord_cst_weight  -266.352  0.559794  0.559794  0.31955
protocols.relax.FastRelax: CMD: scale:fa_rep  -237.98  0.559794  0.559794  0.55
core.pack.task: Packer task: initialize from command line() 
core.pack.pack_rotamers: built 920 rotamers at 75 positions.
core.pack.interaction_graph.interaction_graph_factory: Instantiating DensePDInteractionGraph
protocols.relax.FastRelax: CMD: repack  -237.98  0.559794  0.559794  0.55
protocols.relax.FastRelax: CMD: min  -244.102  0.532759  0.532759  0.55
protocols.relax.FastRelax: MRP: 8  -244.102  -244.102  0.532759  0.532759  
protocols.relax.FastRelax: CMD: accept_to_best  -244.102  0.532759  0.532759  0.55
protocols.relax.FastRelax: CMD: endrepeat  -244.102  0.532759  0.532759  0.55
protocols.relax.FastRelax: CMD: coord_cst_weight  -244.102  0.532759  0.532759  0.55
protocols.relax.FastRelax: CMD: scale:fa_rep  -285.785  0.532759  0.532759  0.022
core.pack.task: Packer task: initialize from command line() 
core.pack.pack_rotamers: built 1056 rotamers at 75 positions.
core.pack.interaction_graph.interaction_graph_factory: Instantiating DensePDInteractionGraph
protocols.relax.FastRelax: CMD: repack  -291.081  0.532759  0.532759  0.022
protocols.relax.FastRelax: CMD: scale:fa_rep  -289.754  0.532759  0.532759  0.02805
protocols.relax.FastRelax: CMD: min  -355.94  0.952224  0.952224  0.02805
protocols.relax.FastRelax: CMD: coord_cst_weight  -355.94  0.952224  0.952224  0.02805
protocols.relax.FastRelax: CMD: scale:fa_rep  -207.515  0.952224  0.952224  0.14575
core.pack.task: Packer task: initialize from command line() 
core.pack.pack_rotamers: built 962 rotamers at 75 positions.
core.pack.interaction_graph.interaction_graph_factory: Instantiating DensePDInteractionGraph
protocols.relax.FastRelax: CMD: repack  -209.282  0.952224  0.952224  0.14575
protocols.relax.FastRelax: CMD: scale:fa_rep  -199.149  0.952224  0.952224  0.154
protocols.relax.FastRelax: CMD: min  -293.69  0.661556  0.661556  0.154
protocols.relax.FastRelax: CMD: coord_cst_weight  -293.69  0.661556  0.661556  0.154
protocols.relax.FastRelax: CMD: scale:fa_rep  -255.892  0.661556  0.661556  0.30745
core.pack.task: Packer task: initialize from command line() 
core.pack.pack_rotamers: built 928 rotamers at 75 positions.
core.pack.interaction_graph.interaction_graph_factory: Instantiating DensePDInteractionGraph
protocols.relax.FastRelax: CMD: repack  -255.892  0.661556  0.661556  0.30745
protocols.relax.FastRelax: CMD: scale:fa_rep  -252.911  0.661556  0.661556  0.31955
protocols.relax.FastRelax: CMD: min  -266.467  0.562814  0.562814  0.31955
protocols.relax.FastRelax: CMD: coord_cst_weight  -266.467  0.562814  0.562814  0.31955
protocols.relax.FastRelax: CMD: scale:fa_rep  -238.026  0.562814  0.562814  0.55
core.pack.task: Packer task: initialize from command line() 
core.pack.pack_rotamers: built 922 rotamers at 75 positions.
core.pack.interaction_graph.interaction_graph_factory: Instantiating DensePDInteractionGraph
protocols.relax.FastRelax: CMD: repack  -238.026  0.562814  0.562814  0.55
protocols.relax.FastRelax: CMD: min  -244.183  0.535754  0.535754  0.55
protocols.relax.FastRelax: MRP: 9  -244.183  -244.183  0.535754  0.535754  
protocols.relax.FastRelax: CMD: accept_to_best  -244.183  0.535754  0.535754  0.55
protocols.relax.FastRelax: CMD: endrepeat  -244.183  0.535754  0.535754  0.55
protocols::checkpoint: Deleting checkpoints of FastRelax
protocols.rosetta_scripts.ParsedProtocol: setting status to success
protocols.jd2.JobDistributor: flags_relax_v3_nstruct_10_structure_0005 reported success in 146 seconds
protocols.jd2.PDBJobInputter: PDBJobInputter::pose_from_job
protocols.jd2.PDBJobInputter: filling pose from saved copy structure.pdb
protocols.jd2.PDBJobInputter: PDBJobInputter::pose_from_job
protocols.jd2.PDBJobInputter: filling pose from PDB structure.pdb
core.import_pose.import_pose: File 'structure.pdb' automatically determined to be of type PDB from contents.
protocols.rosetta_scripts.ParsedProtocol: =======================BEGIN MOVER MutateResidue - mutant=======================
protocols.rosetta_scripts.ParsedProtocol: =======================BEGIN MOVER FastRelax - relax=======================
core.energy_methods.CartesianBondedEnergy: Creating new peptide-bonded energy container (75)
protocols.relax.FastRelax: CMD: repeat  -173.549  0  0  0.55
protocols.relax.FastRelax: CMD: coord_cst_weight  -173.549  0  0  0.55
protocols.relax.FastRelax: CMD: scale:fa_rep  -217.971  0  0  0.022
core.pack.task: Packer task: initialize from command line() 
core.pack.pack_rotamers: built 1065 rotamers at 75 positions.
core.pack.interaction_graph.interaction_graph_factory: Instantiating DensePDInteractionGraph
protocols.relax.FastRelax: CMD: repack  -258.505  0  0  0.022
protocols.relax.FastRelax: CMD: scale:fa_rep  -256.263  0  0  0.02805
protocols.relax.FastRelax: CMD: min  -347.807  0.81664  0.81664  0.02805
protocols.relax.FastRelax: CMD: coord_cst_weight  -347.807  0.81664  0.81664  0.02805
protocols.relax.FastRelax: CMD: scale:fa_rep  -201.676  0.81664  0.81664  0.14575
core.pack.task: Packer task: initialize from command line() 
core.pack.pack_rotamers: built 981 rotamers at 75 positions.
core.pack.interaction_graph.interaction_graph_factory: Instantiating DensePDInteractionGraph
protocols.relax.FastRelax: CMD: repack  -202.489  0.81664  0.81664  0.14575
protocols.relax.FastRelax: CMD: scale:fa_rep  -192.36  0.81664  0.81664  0.154
protocols.relax.FastRelax: CMD: min  -292.328  0.54976  0.54976  0.154
protocols.relax.FastRelax: CMD: coord_cst_weight  -292.328  0.54976  0.54976  0.154
protocols.relax.FastRelax: CMD: scale:fa_rep  -254.486  0.54976  0.54976  0.30745
core.pack.task: Packer task: initialize from command line() 
core.pack.pack_rotamers: built 959 rotamers at 75 positions.
core.pack.interaction_graph.interaction_graph_factory: Instantiating DensePDInteractionGraph
protocols.relax.FastRelax: CMD: repack  -254.486  0.54976  0.54976  0.30745
protocols.relax.FastRelax: CMD: scale:fa_rep  -251.502  0.54976  0.54976  0.31955
protocols.relax.FastRelax: CMD: min  -264.649  0.464228  0.464228  0.31955
protocols.relax.FastRelax: CMD: coord_cst_weight  -264.649  0.464228  0.464228  0.31955
protocols.relax.FastRelax: CMD: scale:fa_rep  -235.982  0.464228  0.464228  0.55
core.pack.task: Packer task: initialize from command line() 
core.pack.pack_rotamers: built 944 rotamers at 75 positions.
core.pack.interaction_graph.interaction_graph_factory: Instantiating DensePDInteractionGraph
protocols.relax.FastRelax: CMD: repack  -235.982  0.464228  0.464228  0.55
protocols.relax.FastRelax: CMD: min  -242.755  0.41702  0.41702  0.55
protocols.relax.FastRelax: MRP: 0  -242.755  -242.755  0.41702  0.41702  
protocols.relax.FastRelax: CMD: accept_to_best  -242.755  0.41702  0.41702  0.55
protocols.relax.FastRelax: CMD: endrepeat  -242.755  0.41702  0.41702  0.55
protocols.relax.FastRelax: CMD: coord_cst_weight  -242.755  0.41702  0.41702  0.55
protocols.relax.FastRelax: CMD: scale:fa_rep  -283.5  0.41702  0.41702  0.022
core.pack.task: Packer task: initialize from command line() 
core.pack.pack_rotamers: built 1090 rotamers at 75 positions.
core.pack.interaction_graph.interaction_graph_factory: Instantiating DensePDInteractionGraph
protocols.relax.FastRelax: CMD: repack  -287.151  0.41702  0.41702  0.022
protocols.relax.FastRelax: CMD: scale:fa_rep  -285.836  0.41702  0.41702  0.02805
protocols.relax.FastRelax: CMD: min  -353.079  0.863539  0.863539  0.02805
protocols.relax.FastRelax: CMD: coord_cst_weight  -353.079  0.863539  0.863539  0.02805
protocols.relax.FastRelax: CMD: scale:fa_rep  -204.112  0.863539  0.863539  0.14575
core.pack.task: Packer task: initialize from command line() 
core.pack.pack_rotamers: built 991 rotamers at 75 positions.
core.pack.interaction_graph.interaction_graph_factory: Instantiating DensePDInteractionGraph
protocols.relax.FastRelax: CMD: repack  -204.511  0.863539  0.863539  0.14575
protocols.relax.FastRelax: CMD: scale:fa_rep  -194.256  0.863539  0.863539  0.154
protocols.relax.FastRelax: CMD: min  -293.735  0.58382  0.58382  0.154
protocols.relax.FastRelax: CMD: coord_cst_weight  -293.735  0.58382  0.58382  0.154
protocols.relax.FastRelax: CMD: scale:fa_rep  -255.79  0.58382  0.58382  0.30745
core.pack.task: Packer task: initialize from command line() 
core.pack.pack_rotamers: built 938 rotamers at 75 positions.
core.pack.interaction_graph.interaction_graph_factory: Instantiating DensePDInteractionGraph
protocols.relax.FastRelax: CMD: repack  -255.79  0.58382  0.58382  0.30745
protocols.relax.FastRelax: CMD: scale:fa_rep  -252.798  0.58382  0.58382  0.31955
protocols.relax.FastRelax: CMD: min  -265.924  0.479706  0.479706  0.31955
protocols.relax.FastRelax: CMD: coord_cst_weight  -265.924  0.479706  0.479706  0.31955
protocols.relax.FastRelax: CMD: scale:fa_rep  -237.383  0.479706  0.479706  0.55
core.pack.task: Packer task: initialize from command line() 
core.pack.pack_rotamers: built 927 rotamers at 75 positions.
core.pack.interaction_graph.interaction_graph_factory: Instantiating DensePDInteractionGraph
protocols.relax.FastRelax: CMD: repack  -237.383  0.479706  0.479706  0.55
protocols.relax.FastRelax: CMD: min  -243.977  0.440797  0.440797  0.55
protocols.relax.FastRelax: MRP: 1  -243.977  -243.977  0.440797  0.440797  
protocols.relax.FastRelax: CMD: accept_to_best  -243.977  0.440797  0.440797  0.55
protocols.relax.FastRelax: CMD: endrepeat  -243.977  0.440797  0.440797  0.55
protocols.relax.FastRelax: CMD: coord_cst_weight  -243.977  0.440797  0.440797  0.55
protocols.relax.FastRelax: CMD: scale:fa_rep  -285.035  0.440797  0.440797  0.022
core.pack.task: Packer task: initialize from command line() 
core.pack.pack_rotamers: built 1072 rotamers at 75 positions.
core.pack.interaction_graph.interaction_graph_factory: Instantiating DensePDInteractionGraph
protocols.relax.FastRelax: CMD: repack  -288.648  0.440797  0.440797  0.022
protocols.relax.FastRelax: CMD: scale:fa_rep  -287.535  0.440797  0.440797  0.02805
protocols.relax.FastRelax: CMD: min  -353.483  0.831844  0.831844  0.02805
protocols.relax.FastRelax: CMD: coord_cst_weight  -353.483  0.831844  0.831844  0.02805
protocols.relax.FastRelax: CMD: scale:fa_rep  -209.517  0.831844  0.831844  0.14575
core.pack.task: Packer task: initialize from command line() 
core.pack.pack_rotamers: built 977 rotamers at 75 positions.
core.pack.interaction_graph.interaction_graph_factory: Instantiating DensePDInteractionGraph
protocols.relax.FastRelax: CMD: repack  -210.015  0.831844  0.831844  0.14575
protocols.relax.FastRelax: CMD: scale:fa_rep  -200.019  0.831844  0.831844  0.154
protocols.relax.FastRelax: CMD: min  -293.772  0.582801  0.582801  0.154
protocols.relax.FastRelax: CMD: coord_cst_weight  -293.772  0.582801  0.582801  0.154
protocols.relax.FastRelax: CMD: scale:fa_rep  -255.725  0.582801  0.582801  0.30745
core.pack.task: Packer task: initialize from command line() 
core.pack.pack_rotamers: built 935 rotamers at 75 positions.
core.pack.interaction_graph.interaction_graph_factory: Instantiating DensePDInteractionGraph
protocols.relax.FastRelax: CMD: repack  -255.725  0.582801  0.582801  0.30745
protocols.relax.FastRelax: CMD: scale:fa_rep  -252.725  0.582801  0.582801  0.31955
protocols.relax.FastRelax: CMD: min  -265.947  0.478172  0.478172  0.31955
protocols.relax.FastRelax: CMD: coord_cst_weight  -265.947  0.478172  0.478172  0.31955
protocols.relax.FastRelax: CMD: scale:fa_rep  -237.363  0.478172  0.478172  0.55
core.pack.task: Packer task: initialize from command line() 
core.pack.pack_rotamers: built 929 rotamers at 75 positions.
core.pack.interaction_graph.interaction_graph_factory: Instantiating DensePDInteractionGraph
protocols.relax.FastRelax: CMD: repack  -237.363  0.478172  0.478172  0.55
protocols.relax.FastRelax: CMD: min  -244.011  0.440156  0.440156  0.55
protocols.relax.FastRelax: MRP: 2  -244.011  -244.011  0.440156  0.440156  
protocols.relax.FastRelax: CMD: accept_to_best  -244.011  0.440156  0.440156  0.55
protocols.relax.FastRelax: CMD: endrepeat  -244.011  0.440156  0.440156  0.55
protocols.relax.FastRelax: CMD: coord_cst_weight  -244.011  0.440156  0.440156  0.55
protocols.relax.FastRelax: CMD: scale:fa_rep  -285.01  0.440156  0.440156  0.022
core.pack.task: Packer task: initialize from command line() 
core.pack.pack_rotamers: built 1072 rotamers at 75 positions.
core.pack.interaction_graph.interaction_graph_factory: Instantiating DensePDInteractionGraph
protocols.relax.FastRelax: CMD: repack  -288.669  0.440156  0.440156  0.022
protocols.relax.FastRelax: CMD: scale:fa_rep  -287.425  0.440156  0.440156  0.02805
protocols.relax.FastRelax: CMD: min  -353.477  0.831668  0.831668  0.02805
protocols.relax.FastRelax: CMD: coord_cst_weight  -353.477  0.831668  0.831668  0.02805
protocols.relax.FastRelax: CMD: scale:fa_rep  -209.788  0.831668  0.831668  0.14575
core.pack.task: Packer task: initialize from command line() 
core.pack.pack_rotamers: built 978 rotamers at 75 positions.
core.pack.interaction_graph.interaction_graph_factory: Instantiating DensePDInteractionGraph
protocols.relax.FastRelax: CMD: repack  -210.254  0.831668  0.831668  0.14575
protocols.relax.FastRelax: CMD: scale:fa_rep  -200.274  0.831668  0.831668  0.154
protocols.relax.FastRelax: CMD: min  -293.642  0.583705  0.583705  0.154
protocols.relax.FastRelax: CMD: coord_cst_weight  -293.642  0.583705  0.583705  0.154
protocols.relax.FastRelax: CMD: scale:fa_rep  -255.492  0.583705  0.583705  0.30745
core.pack.task: Packer task: initialize from command line() 
core.pack.pack_rotamers: built 937 rotamers at 75 positions.
core.pack.interaction_graph.interaction_graph_factory: Instantiating DensePDInteractionGraph
protocols.relax.FastRelax: CMD: repack  -255.492  0.583705  0.583705  0.30745
protocols.relax.FastRelax: CMD: scale:fa_rep  -252.483  0.583705  0.583705  0.31955
protocols.relax.FastRelax: CMD: min  -265.945  0.478555  0.478555  0.31955
protocols.relax.FastRelax: CMD: coord_cst_weight  -265.945  0.478555  0.478555  0.31955
protocols.relax.FastRelax: CMD: scale:fa_rep  -237.412  0.478555  0.478555  0.55
core.pack.task: Packer task: initialize from command line() 
core.pack.pack_rotamers: built 930 rotamers at 75 positions.
core.pack.interaction_graph.interaction_graph_factory: Instantiating DensePDInteractionGraph
protocols.relax.FastRelax: CMD: repack  -237.412  0.478555  0.478555  0.55
protocols.relax.FastRelax: CMD: min  -244.006  0.440773  0.440773  0.55
protocols.relax.FastRelax: MRP: 3  -244.006  -244.011  0.440156  0.440156  
protocols.relax.FastRelax: CMD: accept_to_best  -244.006  0.440773  0.440773  0.55
protocols.relax.FastRelax: CMD: endrepeat  -244.006  0.440773  0.440773  0.55
protocols.relax.FastRelax: CMD: coord_cst_weight  -244.006  0.440773  0.440773  0.55
protocols.relax.FastRelax: CMD: scale:fa_rep  -285.125  0.440773  0.440773  0.022
core.pack.task: Packer task: initialize from command line() 
core.pack.pack_rotamers: built 1071 rotamers at 75 positions.
core.pack.interaction_graph.interaction_graph_factory: Instantiating DensePDInteractionGraph
protocols.relax.FastRelax: CMD: repack  -288.771  0.440773  0.440773  0.022
protocols.relax.FastRelax: CMD: scale:fa_rep  -287.666  0.440773  0.440773  0.02805
protocols.relax.FastRelax: CMD: min  -353.668  0.837454  0.837454  0.02805
protocols.relax.FastRelax: CMD: coord_cst_weight  -353.668  0.837454  0.837454  0.02805
protocols.relax.FastRelax: CMD: scale:fa_rep  -208.736  0.837454  0.837454  0.14575
core.pack.task: Packer task: initialize from command line() 
core.pack.pack_rotamers: built 979 rotamers at 75 positions.
core.pack.interaction_graph.interaction_graph_factory: Instantiating DensePDInteractionGraph
protocols.relax.FastRelax: CMD: repack  -209.242  0.837454  0.837454  0.14575
protocols.relax.FastRelax: CMD: scale:fa_rep  -199.18  0.837454  0.837454  0.154
protocols.relax.FastRelax: CMD: min  -293.688  0.579807  0.579807  0.154
protocols.relax.FastRelax: CMD: coord_cst_weight  -293.688  0.579807  0.579807  0.154
protocols.relax.FastRelax: CMD: scale:fa_rep  -255.87  0.579807  0.579807  0.30745
core.pack.task: Packer task: initialize from command line() 
core.pack.pack_rotamers: built 939 rotamers at 75 positions.
core.pack.interaction_graph.interaction_graph_factory: Instantiating DensePDInteractionGraph
protocols.relax.FastRelax: CMD: repack  -255.87  0.579807  0.579807  0.30745
protocols.relax.FastRelax: CMD: scale:fa_rep  -252.888  0.579807  0.579807  0.31955
protocols.relax.FastRelax: CMD: min  -265.809  0.487363  0.487363  0.31955
protocols.relax.FastRelax: CMD: coord_cst_weight  -265.809  0.487363  0.487363  0.31955
protocols.relax.FastRelax: CMD: scale:fa_rep  -237.179  0.487363  0.487363  0.55
core.pack.task: Packer task: initialize from command line() 
core.pack.pack_rotamers: built 927 rotamers at 75 positions.
core.pack.interaction_graph.interaction_graph_factory: Instantiating DensePDInteractionGraph
protocols.relax.FastRelax: CMD: repack  -237.179  0.487363  0.487363  0.55
protocols.relax.FastRelax: CMD: min  -243.98  0.442048  0.442048  0.55
protocols.relax.FastRelax: MRP: 4  -243.98  -244.011  0.440156  0.440156  
protocols.relax.FastRelax: CMD: accept_to_best  -243.98  0.442048  0.442048  0.55
protocols.relax.FastRelax: CMD: endrepeat  -243.98  0.442048  0.442048  0.55
protocols.relax.FastRelax: CMD: coord_cst_weight  -243.98  0.442048  0.442048  0.55
protocols.relax.FastRelax: CMD: scale:fa_rep  -284.912  0.442048  0.442048  0.022
core.pack.task: Packer task: initialize from command line() 
core.pack.pack_rotamers: built 1070 rotamers at 75 positions.
core.pack.interaction_graph.interaction_graph_factory: Instantiating DensePDInteractionGraph
protocols.relax.FastRelax: CMD: repack  -288.57  0.442048  0.442048  0.022
protocols.relax.FastRelax: CMD: scale:fa_rep  -287.477  0.442048  0.442048  0.02805
protocols.relax.FastRelax: CMD: min  -353.641  0.837854  0.837854  0.02805
protocols.relax.FastRelax: CMD: coord_cst_weight  -353.641  0.837854  0.837854  0.02805
protocols.relax.FastRelax: CMD: scale:fa_rep  -208.923  0.837854  0.837854  0.14575
core.pack.task: Packer task: initialize from command line() 
core.pack.pack_rotamers: built 980 rotamers at 75 positions.
core.pack.interaction_graph.interaction_graph_factory: Instantiating DensePDInteractionGraph
protocols.relax.FastRelax: CMD: repack  -209.483  0.837854  0.837854  0.14575
protocols.relax.FastRelax: CMD: scale:fa_rep  -199.439  0.837854  0.837854  0.154
protocols.relax.FastRelax: CMD: min  -293.739  0.580937  0.580937  0.154
protocols.relax.FastRelax: CMD: coord_cst_weight  -293.739  0.580937  0.580937  0.154
protocols.relax.FastRelax: CMD: scale:fa_rep  -255.758  0.580937  0.580937  0.30745
core.pack.task: Packer task: initialize from command line() 
core.pack.pack_rotamers: built 938 rotamers at 75 positions.
core.pack.interaction_graph.interaction_graph_factory: Instantiating DensePDInteractionGraph
protocols.relax.FastRelax: CMD: repack  -255.758  0.580937  0.580937  0.30745
protocols.relax.FastRelax: CMD: scale:fa_rep  -252.763  0.580937  0.580937  0.31955
protocols.relax.FastRelax: CMD: min  -265.932  0.477711  0.477711  0.31955
protocols.relax.FastRelax: CMD: coord_cst_weight  -265.932  0.477711  0.477711  0.31955
protocols.relax.FastRelax: CMD: scale:fa_rep  -237.535  0.477711  0.477711  0.55
core.pack.task: Packer task: initialize from command line() 
core.pack.pack_rotamers: built 928 rotamers at 75 positions.
core.pack.interaction_graph.interaction_graph_factory: Instantiating DensePDInteractionGraph
protocols.relax.FastRelax: CMD: repack  -237.535  0.477711  0.477711  0.55
protocols.relax.FastRelax: CMD: min  -244.011  0.440532  0.440532  0.55
protocols.relax.FastRelax: MRP: 5  -244.011  -244.011  0.440532  0.440532  
protocols.relax.FastRelax: CMD: accept_to_best  -244.011  0.440532  0.440532  0.55
protocols.relax.FastRelax: CMD: endrepeat  -244.011  0.440532  0.440532  0.55
protocols.relax.FastRelax: CMD: coord_cst_weight  -244.011  0.440532  0.440532  0.55
protocols.relax.FastRelax: CMD: scale:fa_rep  -284.975  0.440532  0.440532  0.022
core.pack.task: Packer task: initialize from command line() 
core.pack.pack_rotamers: built 1071 rotamers at 75 positions.
core.pack.interaction_graph.interaction_graph_factory: Instantiating DensePDInteractionGraph
protocols.relax.FastRelax: CMD: repack  -288.62  0.440532  0.440532  0.022
protocols.relax.FastRelax: CMD: scale:fa_rep  -287.516  0.440532  0.440532  0.02805
protocols.relax.FastRelax: CMD: min  -353.597  0.836027  0.836027  0.02805
protocols.relax.FastRelax: CMD: coord_cst_weight  -353.597  0.836027  0.836027  0.02805
protocols.relax.FastRelax: CMD: scale:fa_rep  -209.035  0.836027  0.836027  0.14575
core.pack.task: Packer task: initialize from command line() 
core.pack.pack_rotamers: built 979 rotamers at 75 positions.
core.pack.interaction_graph.interaction_graph_factory: Instantiating DensePDInteractionGraph
protocols.relax.FastRelax: CMD: repack  -209.579  0.836027  0.836027  0.14575
protocols.relax.FastRelax: CMD: scale:fa_rep  -199.544  0.836027  0.836027  0.154
protocols.relax.FastRelax: CMD: min  -293.739  0.581429  0.581429  0.154
protocols.relax.FastRelax: CMD: coord_cst_weight  -293.739  0.581429  0.581429  0.154
protocols.relax.FastRelax: CMD: scale:fa_rep  -255.755  0.581429  0.581429  0.30745
core.pack.task: Packer task: initialize from command line() 
core.pack.pack_rotamers: built 938 rotamers at 75 positions.
core.pack.interaction_graph.interaction_graph_factory: Instantiating DensePDInteractionGraph
protocols.relax.FastRelax: CMD: repack  -255.755  0.581429  0.581429  0.30745
protocols.relax.FastRelax: CMD: scale:fa_rep  -252.76  0.581429  0.581429  0.31955
protocols.relax.FastRelax: CMD: min  -265.943  0.478536  0.478536  0.31955
protocols.relax.FastRelax: CMD: coord_cst_weight  -265.943  0.478536  0.478536  0.31955
protocols.relax.FastRelax: CMD: scale:fa_rep  -237.45  0.478536  0.478536  0.55
core.pack.task: Packer task: initialize from command line() 
core.pack.pack_rotamers: built 928 rotamers at 75 positions.
core.pack.interaction_graph.interaction_graph_factory: Instantiating DensePDInteractionGraph
protocols.relax.FastRelax: CMD: repack  -237.45  0.478536  0.478536  0.55
protocols.relax.FastRelax: CMD: min  -243.992  0.442414  0.442414  0.55
protocols.relax.FastRelax: MRP: 6  -243.992  -244.011  0.440532  0.440532  
protocols.relax.FastRelax: CMD: accept_to_best  -243.992  0.442414  0.442414  0.55
protocols.relax.FastRelax: CMD: endrepeat  -243.992  0.442414  0.442414  0.55
protocols.relax.FastRelax: CMD: coord_cst_weight  -243.992  0.442414  0.442414  0.55
protocols.relax.FastRelax: CMD: scale:fa_rep  -285.33  0.442414  0.442414  0.022
core.pack.task: Packer task: initialize from command line() 
core.pack.pack_rotamers: built 1070 rotamers at 75 positions.
core.pack.interaction_graph.interaction_graph_factory: Instantiating DensePDInteractionGraph
protocols.relax.FastRelax: CMD: repack  -288.974  0.442414  0.442414  0.022
protocols.relax.FastRelax: CMD: scale:fa_rep  -287.867  0.442414  0.442414  0.02805
protocols.relax.FastRelax: CMD: min  -353.559  0.835241  0.835241  0.02805
protocols.relax.FastRelax: CMD: coord_cst_weight  -353.559  0.835241  0.835241  0.02805
protocols.relax.FastRelax: CMD: scale:fa_rep  -209.219  0.835241  0.835241  0.14575
core.pack.task: Packer task: initialize from command line() 
core.pack.pack_rotamers: built 978 rotamers at 75 positions.
core.pack.interaction_graph.interaction_graph_factory: Instantiating DensePDInteractionGraph
protocols.relax.FastRelax: CMD: repack  -209.723  0.835241  0.835241  0.14575
protocols.relax.FastRelax: CMD: scale:fa_rep  -199.701  0.835241  0.835241  0.154
protocols.relax.FastRelax: CMD: min  -293.762  0.582498  0.582498  0.154
protocols.relax.FastRelax: CMD: coord_cst_weight  -293.762  0.582498  0.582498  0.154
protocols.relax.FastRelax: CMD: scale:fa_rep  -255.731  0.582498  0.582498  0.30745
core.pack.task: Packer task: initialize from command line() 
core.pack.pack_rotamers: built 939 rotamers at 75 positions.
core.pack.interaction_graph.interaction_graph_factory: Instantiating DensePDInteractionGraph
protocols.relax.FastRelax: CMD: repack  -255.731  0.582498  0.582498  0.30745
protocols.relax.FastRelax: CMD: scale:fa_rep  -252.732  0.582498  0.582498  0.31955
protocols.relax.FastRelax: CMD: min  -265.945  0.479635  0.479635  0.31955
protocols.relax.FastRelax: CMD: coord_cst_weight  -265.945  0.479635  0.479635  0.31955
protocols.relax.FastRelax: CMD: scale:fa_rep  -237.464  0.479635  0.479635  0.55
core.pack.task: Packer task: initialize from command line() 
core.pack.pack_rotamers: built 929 rotamers at 75 positions.
core.pack.interaction_graph.interaction_graph_factory: Instantiating DensePDInteractionGraph
protocols.relax.FastRelax: CMD: repack  -237.464  0.479635  0.479635  0.55
protocols.relax.FastRelax: CMD: min  -244.011  0.44117  0.44117  0.55
protocols.relax.FastRelax: MRP: 7  -244.011  -244.011  0.440532  0.440532  
protocols.relax.FastRelax: CMD: accept_to_best  -244.011  0.44117  0.44117  0.55
protocols.relax.FastRelax: CMD: endrepeat  -244.011  0.44117  0.44117  0.55
protocols.relax.FastRelax: CMD: coord_cst_weight  -244.011  0.44117  0.44117  0.55
protocols.relax.FastRelax: CMD: scale:fa_rep  -284.985  0.44117  0.44117  0.022
core.pack.task: Packer task: initialize from command line() 
core.pack.pack_rotamers: built 1072 rotamers at 75 positions.
core.pack.interaction_graph.interaction_graph_factory: Instantiating DensePDInteractionGraph
protocols.relax.FastRelax: CMD: repack  -288.646  0.44117  0.44117  0.022
protocols.relax.FastRelax: CMD: scale:fa_rep  -287.551  0.44117  0.44117  0.02805
protocols.relax.FastRelax: CMD: min  -353.542  0.835694  0.835694  0.02805
protocols.relax.FastRelax: CMD: coord_cst_weight  -353.542  0.835694  0.835694  0.02805
protocols.relax.FastRelax: CMD: scale:fa_rep  -209.278  0.835694  0.835694  0.14575
core.pack.task: Packer task: initialize from command line() 
core.pack.pack_rotamers: built 978 rotamers at 75 positions.
core.pack.interaction_graph.interaction_graph_factory: Instantiating DensePDInteractionGraph
protocols.relax.FastRelax: CMD: repack  -209.797  0.835694  0.835694  0.14575
protocols.relax.FastRelax: CMD: scale:fa_rep  -199.782  0.835694  0.835694  0.154
protocols.relax.FastRelax: CMD: min  -293.739  0.582129  0.582129  0.154
protocols.relax.FastRelax: CMD: coord_cst_weight  -293.739  0.582129  0.582129  0.154
protocols.relax.FastRelax: CMD: scale:fa_rep  -255.762  0.582129  0.582129  0.30745
core.pack.task: Packer task: initialize from command line() 
core.pack.pack_rotamers: built 937 rotamers at 75 positions.
core.pack.interaction_graph.interaction_graph_factory: Instantiating DensePDInteractionGraph
protocols.relax.FastRelax: CMD: repack  -255.762  0.582129  0.582129  0.30745
protocols.relax.FastRelax: CMD: scale:fa_rep  -252.768  0.582129  0.582129  0.31955
protocols.relax.FastRelax: CMD: min  -265.946  0.478187  0.478187  0.31955
protocols.relax.FastRelax: CMD: coord_cst_weight  -265.946  0.478187  0.478187  0.31955
protocols.relax.FastRelax: CMD: scale:fa_rep  -237.424  0.478187  0.478187  0.55
core.pack.task: Packer task: initialize from command line() 
core.pack.pack_rotamers: built 929 rotamers at 75 positions.
core.pack.interaction_graph.interaction_graph_factory: Instantiating DensePDInteractionGraph
protocols.relax.FastRelax: CMD: repack  -237.424  0.478187  0.478187  0.55
protocols.relax.FastRelax: CMD: min  -244.007  0.44105  0.44105  0.55
protocols.relax.FastRelax: MRP: 8  -244.007  -244.011  0.440532  0.440532  
protocols.relax.FastRelax: CMD: accept_to_best  -244.007  0.44105  0.44105  0.55
protocols.relax.FastRelax: CMD: endrepeat  -244.007  0.44105  0.44105  0.55
protocols.relax.FastRelax: CMD: coord_cst_weight  -244.007  0.44105  0.44105  0.55
protocols.relax.FastRelax: CMD: scale:fa_rep  -285.071  0.44105  0.44105  0.022
core.pack.task: Packer task: initialize from command line() 
core.pack.pack_rotamers: built 1070 rotamers at 75 positions.
core.pack.interaction_graph.interaction_graph_factory: Instantiating DensePDInteractionGraph
protocols.relax.FastRelax: CMD: repack  -288.725  0.44105  0.44105  0.022
protocols.relax.FastRelax: CMD: scale:fa_rep  -287.624  0.44105  0.44105  0.02805
protocols.relax.FastRelax: CMD: min  -353.584  0.836448  0.836448  0.02805
protocols.relax.FastRelax: CMD: coord_cst_weight  -353.584  0.836448  0.836448  0.02805
protocols.relax.FastRelax: CMD: scale:fa_rep  -209.014  0.836448  0.836448  0.14575
core.pack.task: Packer task: initialize from command line() 
core.pack.pack_rotamers: built 979 rotamers at 75 positions.
core.pack.interaction_graph.interaction_graph_factory: Instantiating DensePDInteractionGraph
protocols.relax.FastRelax: CMD: repack  -209.573  0.836448  0.836448  0.14575
protocols.relax.FastRelax: CMD: scale:fa_rep  -199.539  0.836448  0.836448  0.154
protocols.relax.FastRelax: CMD: min  -293.691  0.581856  0.581856  0.154
protocols.relax.FastRelax: CMD: coord_cst_weight  -293.691  0.581856  0.581856  0.154
protocols.relax.FastRelax: CMD: scale:fa_rep  -255.762  0.581856  0.581856  0.30745
core.pack.task: Packer task: initialize from command line() 
core.pack.pack_rotamers: built 937 rotamers at 75 positions.
core.pack.interaction_graph.interaction_graph_factory: Instantiating DensePDInteractionGraph
protocols.relax.FastRelax: CMD: repack  -255.762  0.581856  0.581856  0.30745
protocols.relax.FastRelax: CMD: scale:fa_rep  -252.771  0.581856  0.581856  0.31955
protocols.relax.FastRelax: CMD: min  -265.96  0.477484  0.477484  0.31955
protocols.relax.FastRelax: CMD: coord_cst_weight  -265.96  0.477484  0.477484  0.31955
protocols.relax.FastRelax: CMD: scale:fa_rep  -237.493  0.477484  0.477484  0.55
core.pack.task: Packer task: initialize from command line() 
core.pack.pack_rotamers: built 930 rotamers at 75 positions.
core.pack.interaction_graph.interaction_graph_factory: Instantiating DensePDInteractionGraph
protocols.relax.FastRelax: CMD: repack  -237.493  0.477484  0.477484  0.55
protocols.relax.FastRelax: CMD: min  -243.987  0.443339  0.443339  0.55
protocols.relax.FastRelax: MRP: 9  -243.987  -244.011  0.440532  0.440532  
protocols.relax.FastRelax: CMD: accept_to_best  -243.987  0.443339  0.443339  0.55
protocols.relax.FastRelax: CMD: endrepeat  -243.987  0.443339  0.443339  0.55
protocols::checkpoint: Deleting checkpoints of FastRelax
protocols.rosetta_scripts.ParsedProtocol: setting status to success
protocols.jd2.JobDistributor: flags_relax_v3_nstruct_10_structure_0006 reported success in 139 seconds
protocols.jd2.PDBJobInputter: PDBJobInputter::pose_from_job
protocols.jd2.PDBJobInputter: filling pose from saved copy structure.pdb
protocols.jd2.PDBJobInputter: PDBJobInputter::pose_from_job
protocols.jd2.PDBJobInputter: filling pose from PDB structure.pdb
core.import_pose.import_pose: File 'structure.pdb' automatically determined to be of type PDB from contents.
protocols.rosetta_scripts.ParsedProtocol: =======================BEGIN MOVER MutateResidue - mutant=======================
protocols.rosetta_scripts.ParsedProtocol: =======================BEGIN MOVER FastRelax - relax=======================
core.energy_methods.CartesianBondedEnergy: Creating new peptide-bonded energy container (75)
protocols.relax.FastRelax: CMD: repeat  -173.549  0  0  0.55
protocols.relax.FastRelax: CMD: coord_cst_weight  -173.549  0  0  0.55
protocols.relax.FastRelax: CMD: scale:fa_rep  -217.971  0  0  0.022
core.pack.task: Packer task: initialize from command line() 
core.pack.pack_rotamers: built 1065 rotamers at 75 positions.
core.pack.interaction_graph.interaction_graph_factory: Instantiating DensePDInteractionGraph
protocols.relax.FastRelax: CMD: repack  -258.971  0  0  0.022
protocols.relax.FastRelax: CMD: scale:fa_rep  -257.052  0  0  0.02805
protocols.relax.FastRelax: CMD: min  -343.672  0.776177  0.776177  0.02805
protocols.relax.FastRelax: CMD: coord_cst_weight  -343.672  0.776177  0.776177  0.02805
protocols.relax.FastRelax: CMD: scale:fa_rep  -201.588  0.776177  0.776177  0.14575
core.pack.task: Packer task: initialize from command line() 
core.pack.pack_rotamers: built 989 rotamers at 75 positions.
core.pack.interaction_graph.interaction_graph_factory: Instantiating DensePDInteractionGraph
protocols.relax.FastRelax: CMD: repack  -202.572  0.776177  0.776177  0.14575
protocols.relax.FastRelax: CMD: scale:fa_rep  -192.948  0.776177  0.776177  0.154
protocols.relax.FastRelax: CMD: min  -284.319  0.456845  0.456845  0.154
protocols.relax.FastRelax: CMD: coord_cst_weight  -284.319  0.456845  0.456845  0.154
protocols.relax.FastRelax: CMD: scale:fa_rep  -248.057  0.456845  0.456845  0.30745
core.pack.task: Packer task: initialize from command line() 
core.pack.pack_rotamers: built 967 rotamers at 75 positions.
core.pack.interaction_graph.interaction_graph_factory: Instantiating DensePDInteractionGraph
protocols.relax.FastRelax: CMD: repack  -248.057  0.456845  0.456845  0.30745
protocols.relax.FastRelax: CMD: scale:fa_rep  -245.198  0.456845  0.456845  0.31955
protocols.relax.FastRelax: CMD: min  -258.609  0.285991  0.285991  0.31955
protocols.relax.FastRelax: CMD: coord_cst_weight  -258.609  0.285991  0.285991  0.31955
protocols.relax.FastRelax: CMD: scale:fa_rep  -232.156  0.285991  0.285991  0.55
core.pack.task: Packer task: initialize from command line() 
core.pack.pack_rotamers: built 954 rotamers at 75 positions.
core.pack.interaction_graph.interaction_graph_factory: Instantiating DensePDInteractionGraph
protocols.relax.FastRelax: CMD: repack  -232.156  0.285991  0.285991  0.55
protocols.relax.FastRelax: CMD: min  -237.918  0.246486  0.246486  0.55
protocols.relax.FastRelax: MRP: 0  -237.918  -237.918  0.246486  0.246486  
protocols.relax.FastRelax: CMD: accept_to_best  -237.918  0.246486  0.246486  0.55
protocols.relax.FastRelax: CMD: endrepeat  -237.918  0.246486  0.246486  0.55
protocols.relax.FastRelax: CMD: coord_cst_weight  -237.918  0.246486  0.246486  0.55
protocols.relax.FastRelax: CMD: scale:fa_rep  -276.319  0.246486  0.246486  0.022
core.pack.task: Packer task: initialize from command line() 
core.pack.pack_rotamers: built 1073 rotamers at 75 positions.
core.pack.interaction_graph.interaction_graph_factory: Instantiating DensePDInteractionGraph
protocols.relax.FastRelax: CMD: repack  -280.41  0.246486  0.246486  0.022
protocols.relax.FastRelax: CMD: scale:fa_rep  -279.157  0.246486  0.246486  0.02805
protocols.relax.FastRelax: CMD: min  -350.594  0.835543  0.835543  0.02805
protocols.relax.FastRelax: CMD: coord_cst_weight  -350.594  0.835543  0.835543  0.02805
protocols.relax.FastRelax: CMD: scale:fa_rep  -203.805  0.835543  0.835543  0.14575
core.pack.task: Packer task: initialize from command line() 
core.pack.pack_rotamers: built 997 rotamers at 75 positions.
core.pack.interaction_graph.interaction_graph_factory: Instantiating DensePDInteractionGraph
protocols.relax.FastRelax: CMD: repack  -203.811  0.835543  0.835543  0.14575
protocols.relax.FastRelax: CMD: scale:fa_rep  -193.645  0.835543  0.835543  0.154
protocols.relax.FastRelax: CMD: min  -291.298  0.56049  0.56049  0.154
protocols.relax.FastRelax: CMD: coord_cst_weight  -291.298  0.56049  0.56049  0.154
protocols.relax.FastRelax: CMD: scale:fa_rep  -253.913  0.56049  0.56049  0.30745
core.pack.task: Packer task: initialize from command line() 
core.pack.pack_rotamers: built 954 rotamers at 75 positions.
core.pack.interaction_graph.interaction_graph_factory: Instantiating DensePDInteractionGraph
protocols.relax.FastRelax: CMD: repack  -253.913  0.56049  0.56049  0.30745
protocols.relax.FastRelax: CMD: scale:fa_rep  -250.966  0.56049  0.56049  0.31955
protocols.relax.FastRelax: CMD: min  -263.81  0.47182  0.47182  0.31955
protocols.relax.FastRelax: CMD: coord_cst_weight  -263.81  0.47182  0.47182  0.31955
protocols.relax.FastRelax: CMD: scale:fa_rep  -235.272  0.47182  0.47182  0.55
core.pack.task: Packer task: initialize from command line() 
core.pack.pack_rotamers: built 941 rotamers at 75 positions.
core.pack.interaction_graph.interaction_graph_factory: Instantiating DensePDInteractionGraph
protocols.relax.FastRelax: CMD: repack  -235.272  0.47182  0.47182  0.55
protocols.relax.FastRelax: CMD: min  -242.226  0.413011  0.413011  0.55
protocols.relax.FastRelax: MRP: 1  -242.226  -242.226  0.413011  0.413011  
protocols.relax.FastRelax: CMD: accept_to_best  -242.226  0.413011  0.413011  0.55
protocols.relax.FastRelax: CMD: endrepeat  -242.226  0.413011  0.413011  0.55
protocols.relax.FastRelax: CMD: coord_cst_weight  -242.226  0.413011  0.413011  0.55
protocols.relax.FastRelax: CMD: scale:fa_rep  -282.734  0.413011  0.413011  0.022
core.pack.task: Packer task: initialize from command line() 
core.pack.pack_rotamers: built 1083 rotamers at 75 positions.
core.pack.interaction_graph.interaction_graph_factory: Instantiating DensePDInteractionGraph
protocols.relax.FastRelax: CMD: repack  -287.305  0.413011  0.413011  0.022
protocols.relax.FastRelax: CMD: scale:fa_rep  -286.12  0.413011  0.413011  0.02805
protocols.relax.FastRelax: CMD: min  -352.649  0.861858  0.861858  0.02805
protocols.relax.FastRelax: CMD: coord_cst_weight  -352.649  0.861858  0.861858  0.02805
protocols.relax.FastRelax: CMD: scale:fa_rep  -204.168  0.861858  0.861858  0.14575
core.pack.task: Packer task: initialize from command line() 
core.pack.pack_rotamers: built 987 rotamers at 75 positions.
core.pack.interaction_graph.interaction_graph_factory: Instantiating DensePDInteractionGraph
protocols.relax.FastRelax: CMD: repack  -204.467  0.861858  0.861858  0.14575
protocols.relax.FastRelax: CMD: scale:fa_rep  -194.213  0.861858  0.861858  0.154
protocols.relax.FastRelax: CMD: min  -293.298  0.592005  0.592005  0.154
protocols.relax.FastRelax: CMD: coord_cst_weight  -293.298  0.592005  0.592005  0.154
protocols.relax.FastRelax: CMD: scale:fa_rep  -255.405  0.592005  0.592005  0.30745
core.pack.task: Packer task: initialize from command line() 
core.pack.pack_rotamers: built 935 rotamers at 75 positions.
core.pack.interaction_graph.interaction_graph_factory: Instantiating DensePDInteractionGraph
protocols.relax.FastRelax: CMD: repack  -255.405  0.592005  0.592005  0.30745
protocols.relax.FastRelax: CMD: scale:fa_rep  -252.417  0.592005  0.592005  0.31955
protocols.relax.FastRelax: CMD: min  -265.33  0.500517  0.500517  0.31955
protocols.relax.FastRelax: CMD: coord_cst_weight  -265.33  0.500517  0.500517  0.31955
protocols.relax.FastRelax: CMD: scale:fa_rep  -236.658  0.500517  0.500517  0.55
core.pack.task: Packer task: initialize from command line() 
core.pack.pack_rotamers: built 922 rotamers at 75 positions.
core.pack.interaction_graph.interaction_graph_factory: Instantiating DensePDInteractionGraph
protocols.relax.FastRelax: CMD: repack  -236.658  0.500517  0.500517  0.55
protocols.relax.FastRelax: CMD: min  -243.568  0.450699  0.450699  0.55
protocols.relax.FastRelax: MRP: 2  -243.568  -243.568  0.450699  0.450699  
protocols.relax.FastRelax: CMD: accept_to_best  -243.568  0.450699  0.450699  0.55
protocols.relax.FastRelax: CMD: endrepeat  -243.568  0.450699  0.450699  0.55
protocols.relax.FastRelax: CMD: coord_cst_weight  -243.568  0.450699  0.450699  0.55
protocols.relax.FastRelax: CMD: scale:fa_rep  -284.155  0.450699  0.450699  0.022
core.pack.task: Packer task: initialize from command line() 
core.pack.pack_rotamers: built 1068 rotamers at 75 positions.
core.pack.interaction_graph.interaction_graph_factory: Instantiating DensePDInteractionGraph
protocols.relax.FastRelax: CMD: repack  -287.972  0.450699  0.450699  0.022
protocols.relax.FastRelax: CMD: scale:fa_rep  -286.707  0.450699  0.450699  0.02805
protocols.relax.FastRelax: CMD: min  -353.528  0.84957  0.84957  0.02805
protocols.relax.FastRelax: CMD: coord_cst_weight  -353.528  0.84957  0.84957  0.02805
protocols.relax.FastRelax: CMD: scale:fa_rep  -208.033  0.84957  0.84957  0.14575
core.pack.task: Packer task: initialize from command line() 
core.pack.pack_rotamers: built 978 rotamers at 75 positions.
core.pack.interaction_graph.interaction_graph_factory: Instantiating DensePDInteractionGraph
protocols.relax.FastRelax: CMD: repack  -208.477  0.84957  0.84957  0.14575
protocols.relax.FastRelax: CMD: scale:fa_rep  -198.368  0.84957  0.84957  0.154
protocols.relax.FastRelax: CMD: min  -293.565  0.587972  0.587972  0.154
protocols.relax.FastRelax: CMD: coord_cst_weight  -293.565  0.587972  0.587972  0.154
protocols.relax.FastRelax: CMD: scale:fa_rep  -255.615  0.587972  0.587972  0.30745
core.pack.task: Packer task: initialize from command line() 
core.pack.pack_rotamers: built 931 rotamers at 75 positions.
core.pack.interaction_graph.interaction_graph_factory: Instantiating DensePDInteractionGraph
protocols.relax.FastRelax: CMD: repack  -255.615  0.587972  0.587972  0.30745
protocols.relax.FastRelax: CMD: scale:fa_rep  -252.623  0.587972  0.587972  0.31955
protocols.relax.FastRelax: CMD: min  -265.829  0.485161  0.485161  0.31955
protocols.relax.FastRelax: CMD: coord_cst_weight  -265.829  0.485161  0.485161  0.31955
protocols.relax.FastRelax: CMD: scale:fa_rep  -237.461  0.485161  0.485161  0.55
core.pack.task: Packer task: initialize from command line() 
core.pack.pack_rotamers: built 924 rotamers at 75 positions.
core.pack.interaction_graph.interaction_graph_factory: Instantiating DensePDInteractionGraph
protocols.relax.FastRelax: CMD: repack  -237.461  0.485161  0.485161  0.55
protocols.relax.FastRelax: CMD: min  -243.949  0.453963  0.453963  0.55
protocols.relax.FastRelax: MRP: 3  -243.949  -243.949  0.453963  0.453963  
protocols.relax.FastRelax: CMD: accept_to_best  -243.949  0.453963  0.453963  0.55
protocols.relax.FastRelax: CMD: endrepeat  -243.949  0.453963  0.453963  0.55
protocols.relax.FastRelax: CMD: coord_cst_weight  -243.949  0.453963  0.453963  0.55
protocols.relax.FastRelax: CMD: scale:fa_rep  -284.952  0.453963  0.453963  0.022
core.pack.task: Packer task: initialize from command line() 
core.pack.pack_rotamers: built 1067 rotamers at 75 positions.
core.pack.interaction_graph.interaction_graph_factory: Instantiating DensePDInteractionGraph
protocols.relax.FastRelax: CMD: repack  -288.793  0.453963  0.453963  0.022
protocols.relax.FastRelax: CMD: scale:fa_rep  -287.655  0.453963  0.453963  0.02805
protocols.relax.FastRelax: CMD: min  -353.568  0.845762  0.845762  0.02805
protocols.relax.FastRelax: CMD: coord_cst_weight  -353.568  0.845762  0.845762  0.02805
protocols.relax.FastRelax: CMD: scale:fa_rep  -207.84  0.845762  0.845762  0.14575
core.pack.task: Packer task: initialize from command line() 
core.pack.pack_rotamers: built 976 rotamers at 75 positions.
core.pack.interaction_graph.interaction_graph_factory: Instantiating DensePDInteractionGraph
protocols.relax.FastRelax: CMD: repack  -208.308  0.845762  0.845762  0.14575
protocols.relax.FastRelax: CMD: scale:fa_rep  -198.184  0.845762  0.845762  0.154
protocols.relax.FastRelax: CMD: min  -293.561  0.584699  0.584699  0.154
protocols.relax.FastRelax: CMD: coord_cst_weight  -293.561  0.584699  0.584699  0.154
protocols.relax.FastRelax: CMD: scale:fa_rep  -255.602  0.584699  0.584699  0.30745
core.pack.task: Packer task: initialize from command line() 
core.pack.pack_rotamers: built 938 rotamers at 75 positions.
core.pack.interaction_graph.interaction_graph_factory: Instantiating DensePDInteractionGraph
protocols.relax.FastRelax: CMD: repack  -255.602  0.584699  0.584699  0.30745
protocols.relax.FastRelax: CMD: scale:fa_rep  -252.609  0.584699  0.584699  0.31955
protocols.relax.FastRelax: CMD: min  -265.808  0.484994  0.484994  0.31955
protocols.relax.FastRelax: CMD: coord_cst_weight  -265.808  0.484994  0.484994  0.31955
protocols.relax.FastRelax: CMD: scale:fa_rep  -237.586  0.484994  0.484994  0.55
core.pack.task: Packer task: initialize from command line() 
core.pack.pack_rotamers: built 926 rotamers at 75 positions.
core.pack.interaction_graph.interaction_graph_factory: Instantiating DensePDInteractionGraph
protocols.relax.FastRelax: CMD: repack  -237.586  0.484994  0.484994  0.55
protocols.relax.FastRelax: CMD: min  -243.954  0.454189  0.454189  0.55
protocols.relax.FastRelax: MRP: 4  -243.954  -243.954  0.454189  0.454189  
protocols.relax.FastRelax: CMD: accept_to_best  -243.954  0.454189  0.454189  0.55
protocols.relax.FastRelax: CMD: endrepeat  -243.954  0.454189  0.454189  0.55
protocols.relax.FastRelax: CMD: coord_cst_weight  -243.954  0.454189  0.454189  0.55
protocols.relax.FastRelax: CMD: scale:fa_rep  -285.022  0.454189  0.454189  0.022
core.pack.task: Packer task: initialize from command line() 
core.pack.pack_rotamers: built 1066 rotamers at 75 positions.
core.pack.interaction_graph.interaction_graph_factory: Instantiating DensePDInteractionGraph
protocols.relax.FastRelax: CMD: repack  -288.857  0.454189  0.454189  0.022
protocols.relax.FastRelax: CMD: scale:fa_rep  -287.718  0.454189  0.454189  0.02805
protocols.relax.FastRelax: CMD: min  -353.692  0.848218  0.848218  0.02805
protocols.relax.FastRelax: CMD: coord_cst_weight  -353.692  0.848218  0.848218  0.02805
protocols.relax.FastRelax: CMD: scale:fa_rep  -207.922  0.848218  0.848218  0.14575
core.pack.task: Packer task: initialize from command line() 
core.pack.pack_rotamers: built 982 rotamers at 75 positions.
core.pack.interaction_graph.interaction_graph_factory: Instantiating DensePDInteractionGraph
protocols.relax.FastRelax: CMD: repack  -208.315  0.848218  0.848218  0.14575
protocols.relax.FastRelax: CMD: scale:fa_rep  -198.183  0.848218  0.848218  0.154
protocols.relax.FastRelax: CMD: min  -293.518  0.582136  0.582136  0.154
protocols.relax.FastRelax: CMD: coord_cst_weight  -293.518  0.582136  0.582136  0.154
protocols.relax.FastRelax: CMD: scale:fa_rep  -255.649  0.582136  0.582136  0.30745
core.pack.task: Packer task: initialize from command line() 
core.pack.pack_rotamers: built 936 rotamers at 75 positions.
core.pack.interaction_graph.interaction_graph_factory: Instantiating DensePDInteractionGraph
protocols.relax.FastRelax: CMD: repack  -255.649  0.582136  0.582136  0.30745
protocols.relax.FastRelax: CMD: scale:fa_rep  -252.663  0.582136  0.582136  0.31955
protocols.relax.FastRelax: CMD: min  -265.82  0.485222  0.485222  0.31955
protocols.relax.FastRelax: CMD: coord_cst_weight  -265.82  0.485222  0.485222  0.31955
protocols.relax.FastRelax: CMD: scale:fa_rep  -237.446  0.485222  0.485222  0.55
core.pack.task: Packer task: initialize from command line() 
core.pack.pack_rotamers: built 925 rotamers at 75 positions.
core.pack.interaction_graph.interaction_graph_factory: Instantiating DensePDInteractionGraph
protocols.relax.FastRelax: CMD: repack  -237.446  0.485222  0.485222  0.55
protocols.relax.FastRelax: CMD: min  -243.976  0.45429  0.45429  0.55
protocols.relax.FastRelax: MRP: 5  -243.976  -243.976  0.45429  0.45429  
protocols.relax.FastRelax: CMD: accept_to_best  -243.976  0.45429  0.45429  0.55
protocols.relax.FastRelax: CMD: endrepeat  -243.976  0.45429  0.45429  0.55
protocols.relax.FastRelax: CMD: coord_cst_weight  -243.976  0.45429  0.45429  0.55
protocols.relax.FastRelax: CMD: scale:fa_rep  -284.898  0.45429  0.45429  0.022
core.pack.task: Packer task: initialize from command line() 
core.pack.pack_rotamers: built 1068 rotamers at 75 positions.
core.pack.interaction_graph.interaction_graph_factory: Instantiating DensePDInteractionGraph
protocols.relax.FastRelax: CMD: repack  -288.725  0.45429  0.45429  0.022
protocols.relax.FastRelax: CMD: scale:fa_rep  -287.591  0.45429  0.45429  0.02805
protocols.relax.FastRelax: CMD: min  -353.52  0.842472  0.842472  0.02805
protocols.relax.FastRelax: CMD: coord_cst_weight  -353.52  0.842472  0.842472  0.02805
protocols.relax.FastRelax: CMD: scale:fa_rep  -208.699  0.842472  0.842472  0.14575
core.pack.task: Packer task: initialize from command line() 
core.pack.pack_rotamers: built 976 rotamers at 75 positions.
core.pack.interaction_graph.interaction_graph_factory: Instantiating DensePDInteractionGraph
protocols.relax.FastRelax: CMD: repack  -209.138  0.842472  0.842472  0.14575
protocols.relax.FastRelax: CMD: scale:fa_rep  -199.044  0.842472  0.842472  0.154
protocols.relax.FastRelax: CMD: min  -293.573  0.584506  0.584506  0.154
protocols.relax.FastRelax: CMD: coord_cst_weight  -293.573  0.584506  0.584506  0.154
protocols.relax.FastRelax: CMD: scale:fa_rep  -255.636  0.584506  0.584506  0.30745
core.pack.task: Packer task: initialize from command line() 
core.pack.pack_rotamers: built 936 rotamers at 75 positions.
core.pack.interaction_graph.interaction_graph_factory: Instantiating DensePDInteractionGraph
protocols.relax.FastRelax: CMD: repack  -255.636  0.584506  0.584506  0.30745
protocols.relax.FastRelax: CMD: scale:fa_rep  -252.645  0.584506  0.584506  0.31955
protocols.relax.FastRelax: CMD: min  -265.805  0.485206  0.485206  0.31955
protocols.relax.FastRelax: CMD: coord_cst_weight  -265.805  0.485206  0.485206  0.31955
protocols.relax.FastRelax: CMD: scale:fa_rep  -237.607  0.485206  0.485206  0.55
core.pack.task: Packer task: initialize from command line() 
core.pack.pack_rotamers: built 926 rotamers at 75 positions.
core.pack.interaction_graph.interaction_graph_factory: Instantiating DensePDInteractionGraph
protocols.relax.FastRelax: CMD: repack  -237.607  0.485206  0.485206  0.55
protocols.relax.FastRelax: CMD: min  -243.976  0.453661  0.453661  0.55
protocols.relax.FastRelax: MRP: 6  -243.976  -243.976  0.453661  0.453661  
protocols.relax.FastRelax: CMD: accept_to_best  -243.976  0.453661  0.453661  0.55
protocols.relax.FastRelax: CMD: endrepeat  -243.976  0.453661  0.453661  0.55
protocols.relax.FastRelax: CMD: coord_cst_weight  -243.976  0.453661  0.453661  0.55
protocols.relax.FastRelax: CMD: scale:fa_rep  -284.932  0.453661  0.453661  0.022
core.pack.task: Packer task: initialize from command line() 
core.pack.pack_rotamers: built 1069 rotamers at 75 positions.
core.pack.interaction_graph.interaction_graph_factory: Instantiating DensePDInteractionGraph
protocols.relax.FastRelax: CMD: repack  -288.758  0.453661  0.453661  0.022
protocols.relax.FastRelax: CMD: scale:fa_rep  -287.626  0.453661  0.453661  0.02805
protocols.relax.FastRelax: CMD: min  -353.495  0.839545  0.839545  0.02805
protocols.relax.FastRelax: CMD: coord_cst_weight  -353.495  0.839545  0.839545  0.02805
protocols.relax.FastRelax: CMD: scale:fa_rep  -208.417  0.839545  0.839545  0.14575
core.pack.task: Packer task: initialize from command line() 
core.pack.pack_rotamers: built 978 rotamers at 75 positions.
core.pack.interaction_graph.interaction_graph_factory: Instantiating DensePDInteractionGraph
protocols.relax.FastRelax: CMD: repack  -208.883  0.839545  0.839545  0.14575
protocols.relax.FastRelax: CMD: scale:fa_rep  -198.772  0.839545  0.839545  0.154
protocols.relax.FastRelax: CMD: min  -293.572  0.584417  0.584417  0.154
protocols.relax.FastRelax: CMD: coord_cst_weight  -293.572  0.584417  0.584417  0.154
protocols.relax.FastRelax: CMD: scale:fa_rep  -255.701  0.584417  0.584417  0.30745
core.pack.task: Packer task: initialize from command line() 
core.pack.pack_rotamers: built 932 rotamers at 75 positions.
core.pack.interaction_graph.interaction_graph_factory: Instantiating DensePDInteractionGraph
protocols.relax.FastRelax: CMD: repack  -255.701  0.584417  0.584417  0.30745
protocols.relax.FastRelax: CMD: scale:fa_rep  -252.714  0.584417  0.584417  0.31955
protocols.relax.FastRelax: CMD: min  -265.802  0.488148  0.488148  0.31955
protocols.relax.FastRelax: CMD: coord_cst_weight  -265.802  0.488148  0.488148  0.31955
protocols.relax.FastRelax: CMD: scale:fa_rep  -237.37  0.488148  0.488148  0.55
core.pack.task: Packer task: initialize from command line() 
core.pack.pack_rotamers: built 927 rotamers at 75 positions.
core.pack.interaction_graph.interaction_graph_factory: Instantiating DensePDInteractionGraph
protocols.relax.FastRelax: CMD: repack  -237.37  0.488148  0.488148  0.55
protocols.relax.FastRelax: CMD: min  -243.977  0.454281  0.454281  0.55
protocols.relax.FastRelax: MRP: 7  -243.977  -243.977  0.454281  0.454281  
protocols.relax.FastRelax: CMD: accept_to_best  -243.977  0.454281  0.454281  0.55
protocols.relax.FastRelax: CMD: endrepeat  -243.977  0.454281  0.454281  0.55
protocols.relax.FastRelax: CMD: coord_cst_weight  -243.977  0.454281  0.454281  0.55
protocols.relax.FastRelax: CMD: scale:fa_rep  -284.788  0.454281  0.454281  0.022
core.pack.task: Packer task: initialize from command line() 
core.pack.pack_rotamers: built 1068 rotamers at 75 positions.
core.pack.interaction_graph.interaction_graph_factory: Instantiating DensePDInteractionGraph
protocols.relax.FastRelax: CMD: repack  -288.631  0.454281  0.454281  0.022
protocols.relax.FastRelax: CMD: scale:fa_rep  -287.504  0.454281  0.454281  0.02805
protocols.relax.FastRelax: CMD: min  -353.652  0.847619  0.847619  0.02805
protocols.relax.FastRelax: CMD: coord_cst_weight  -353.652  0.847619  0.847619  0.02805
protocols.relax.FastRelax: CMD: scale:fa_rep  -207.833  0.847619  0.847619  0.14575
core.pack.task: Packer task: initialize from command line() 
core.pack.pack_rotamers: built 982 rotamers at 75 positions.
core.pack.interaction_graph.interaction_graph_factory: Instantiating DensePDInteractionGraph
protocols.relax.FastRelax: CMD: repack  -208.269  0.847619  0.847619  0.14575
protocols.relax.FastRelax: CMD: scale:fa_rep  -198.137  0.847619  0.847619  0.154
protocols.relax.FastRelax: CMD: min  -293.506  0.58304  0.58304  0.154
protocols.relax.FastRelax: CMD: coord_cst_weight  -293.506  0.58304  0.58304  0.154
protocols.relax.FastRelax: CMD: scale:fa_rep  -255.705  0.58304  0.58304  0.30745
core.pack.task: Packer task: initialize from command line() 
core.pack.pack_rotamers: built 938 rotamers at 75 positions.
core.pack.interaction_graph.interaction_graph_factory: Instantiating DensePDInteractionGraph
protocols.relax.FastRelax: CMD: repack  -255.705  0.58304  0.58304  0.30745
protocols.relax.FastRelax: CMD: scale:fa_rep  -252.724  0.58304  0.58304  0.31955
protocols.relax.FastRelax: CMD: min  -265.809  0.484825  0.484825  0.31955
protocols.relax.FastRelax: CMD: coord_cst_weight  -265.809  0.484825  0.484825  0.31955
protocols.relax.FastRelax: CMD: scale:fa_rep  -237.458  0.484825  0.484825  0.55
core.pack.task: Packer task: initialize from command line() 
core.pack.pack_rotamers: built 925 rotamers at 75 positions.
core.pack.interaction_graph.interaction_graph_factory: Instantiating DensePDInteractionGraph
protocols.relax.FastRelax: CMD: repack  -237.458  0.484825  0.484825  0.55
protocols.relax.FastRelax: CMD: min  -243.988  0.453262  0.453262  0.55
protocols.relax.FastRelax: MRP: 8  -243.988  -243.988  0.453262  0.453262  
protocols.relax.FastRelax: CMD: accept_to_best  -243.988  0.453262  0.453262  0.55
protocols.relax.FastRelax: CMD: endrepeat  -243.988  0.453262  0.453262  0.55
protocols.relax.FastRelax: CMD: coord_cst_weight  -243.988  0.453262  0.453262  0.55
protocols.relax.FastRelax: CMD: scale:fa_rep  -284.922  0.453262  0.453262  0.022
core.pack.task: Packer task: initialize from command line() 
core.pack.pack_rotamers: built 1070 rotamers at 75 positions.
core.pack.interaction_graph.interaction_graph_factory: Instantiating DensePDInteractionGraph
protocols.relax.FastRelax: CMD: repack  -288.736  0.453262  0.453262  0.022
protocols.relax.FastRelax: CMD: scale:fa_rep  -287.603  0.453262  0.453262  0.02805
protocols.relax.FastRelax: CMD: min  -353.667  0.844226  0.844226  0.02805
protocols.relax.FastRelax: CMD: coord_cst_weight  -353.667  0.844226  0.844226  0.02805
protocols.relax.FastRelax: CMD: scale:fa_rep  -207.5  0.844226  0.844226  0.14575
core.pack.task: Packer task: initialize from command line() 
core.pack.pack_rotamers: built 982 rotamers at 75 positions.
core.pack.interaction_graph.interaction_graph_factory: Instantiating DensePDInteractionGraph
protocols.relax.FastRelax: CMD: repack  -207.951  0.844226  0.844226  0.14575
protocols.relax.FastRelax: CMD: scale:fa_rep  -197.763  0.844226  0.844226  0.154
protocols.relax.FastRelax: CMD: min  -293.546  0.582729  0.582729  0.154
protocols.relax.FastRelax: CMD: coord_cst_weight  -293.546  0.582729  0.582729  0.154
protocols.relax.FastRelax: CMD: scale:fa_rep  -255.629  0.582729  0.582729  0.30745
core.pack.task: Packer task: initialize from command line() 
core.pack.pack_rotamers: built 934 rotamers at 75 positions.
core.pack.interaction_graph.interaction_graph_factory: Instantiating DensePDInteractionGraph
protocols.relax.FastRelax: CMD: repack  -255.629  0.582729  0.582729  0.30745
protocols.relax.FastRelax: CMD: scale:fa_rep  -252.639  0.582729  0.582729  0.31955
protocols.relax.FastRelax: CMD: min  -265.787  0.486608  0.486608  0.31955
protocols.relax.FastRelax: CMD: coord_cst_weight  -265.787  0.486608  0.486608  0.31955
protocols.relax.FastRelax: CMD: scale:fa_rep  -237.55  0.486608  0.486608  0.55
core.pack.task: Packer task: initialize from command line() 
core.pack.pack_rotamers: built 928 rotamers at 75 positions.
core.pack.interaction_graph.interaction_graph_factory: Instantiating DensePDInteractionGraph
protocols.relax.FastRelax: CMD: repack  -237.55  0.486608  0.486608  0.55
protocols.relax.FastRelax: CMD: min  -243.975  0.454931  0.454931  0.55
protocols.relax.FastRelax: MRP: 9  -243.975  -243.988  0.453262  0.453262  
protocols.relax.FastRelax: CMD: accept_to_best  -243.975  0.454931  0.454931  0.55
protocols.relax.FastRelax: CMD: endrepeat  -243.975  0.454931  0.454931  0.55
protocols::checkpoint: Deleting checkpoints of FastRelax
protocols.rosetta_scripts.ParsedProtocol: setting status to success
protocols.jd2.JobDistributor: flags_relax_v3_nstruct_10_structure_0007 reported success in 138 seconds
protocols.jd2.PDBJobInputter: PDBJobInputter::pose_from_job
protocols.jd2.PDBJobInputter: filling pose from saved copy structure.pdb
protocols.jd2.PDBJobInputter: PDBJobInputter::pose_from_job
protocols.jd2.PDBJobInputter: filling pose from PDB structure.pdb
core.import_pose.import_pose: File 'structure.pdb' automatically determined to be of type PDB from contents.
protocols.rosetta_scripts.ParsedProtocol: =======================BEGIN MOVER MutateResidue - mutant=======================
protocols.rosetta_scripts.ParsedProtocol: =======================BEGIN MOVER FastRelax - relax=======================
core.energy_methods.CartesianBondedEnergy: Creating new peptide-bonded energy container (75)
protocols.relax.FastRelax: CMD: repeat  -173.549  0  0  0.55
protocols.relax.FastRelax: CMD: coord_cst_weight  -173.549  0  0  0.55
protocols.relax.FastRelax: CMD: scale:fa_rep  -217.971  0  0  0.022
core.pack.task: Packer task: initialize from command line() 
core.pack.pack_rotamers: built 1065 rotamers at 75 positions.
core.pack.interaction_graph.interaction_graph_factory: Instantiating DensePDInteractionGraph
protocols.relax.FastRelax: CMD: repack  -258.971  0  0  0.022
protocols.relax.FastRelax: CMD: scale:fa_rep  -257.052  0  0  0.02805
protocols.relax.FastRelax: CMD: min  -343.672  0.776177  0.776177  0.02805
protocols.relax.FastRelax: CMD: coord_cst_weight  -343.672  0.776177  0.776177  0.02805
protocols.relax.FastRelax: CMD: scale:fa_rep  -201.588  0.776177  0.776177  0.14575
core.pack.task: Packer task: initialize from command line() 
core.pack.pack_rotamers: built 989 rotamers at 75 positions.
core.pack.interaction_graph.interaction_graph_factory: Instantiating DensePDInteractionGraph
protocols.relax.FastRelax: CMD: repack  -202.572  0.776177  0.776177  0.14575
protocols.relax.FastRelax: CMD: scale:fa_rep  -192.948  0.776177  0.776177  0.154
protocols.relax.FastRelax: CMD: min  -284.319  0.456845  0.456845  0.154
protocols.relax.FastRelax: CMD: coord_cst_weight  -284.319  0.456845  0.456845  0.154
protocols.relax.FastRelax: CMD: scale:fa_rep  -248.057  0.456845  0.456845  0.30745
core.pack.task: Packer task: initialize from command line() 
core.pack.pack_rotamers: built 967 rotamers at 75 positions.
core.pack.interaction_graph.interaction_graph_factory: Instantiating DensePDInteractionGraph
protocols.relax.FastRelax: CMD: repack  -248.057  0.456845  0.456845  0.30745
protocols.relax.FastRelax: CMD: scale:fa_rep  -245.198  0.456845  0.456845  0.31955
protocols.relax.FastRelax: CMD: min  -258.609  0.285991  0.285991  0.31955
protocols.relax.FastRelax: CMD: coord_cst_weight  -258.609  0.285991  0.285991  0.31955
protocols.relax.FastRelax: CMD: scale:fa_rep  -232.156  0.285991  0.285991  0.55
core.pack.task: Packer task: initialize from command line() 
core.pack.pack_rotamers: built 954 rotamers at 75 positions.
core.pack.interaction_graph.interaction_graph_factory: Instantiating DensePDInteractionGraph
protocols.relax.FastRelax: CMD: repack  -232.156  0.285991  0.285991  0.55
protocols.relax.FastRelax: CMD: min  -237.918  0.246486  0.246486  0.55
protocols.relax.FastRelax: MRP: 0  -237.918  -237.918  0.246486  0.246486  
protocols.relax.FastRelax: CMD: accept_to_best  -237.918  0.246486  0.246486  0.55
protocols.relax.FastRelax: CMD: endrepeat  -237.918  0.246486  0.246486  0.55
protocols.relax.FastRelax: CMD: coord_cst_weight  -237.918  0.246486  0.246486  0.55
protocols.relax.FastRelax: CMD: scale:fa_rep  -276.319  0.246486  0.246486  0.022
core.pack.task: Packer task: initialize from command line() 
core.pack.pack_rotamers: built 1073 rotamers at 75 positions.
core.pack.interaction_graph.interaction_graph_factory: Instantiating DensePDInteractionGraph
protocols.relax.FastRelax: CMD: repack  -280.41  0.246486  0.246486  0.022
protocols.relax.FastRelax: CMD: scale:fa_rep  -279.157  0.246486  0.246486  0.02805
protocols.relax.FastRelax: CMD: min  -350.594  0.835543  0.835543  0.02805
protocols.relax.FastRelax: CMD: coord_cst_weight  -350.594  0.835543  0.835543  0.02805
protocols.relax.FastRelax: CMD: scale:fa_rep  -203.805  0.835543  0.835543  0.14575
core.pack.task: Packer task: initialize from command line() 
core.pack.pack_rotamers: built 997 rotamers at 75 positions.
core.pack.interaction_graph.interaction_graph_factory: Instantiating DensePDInteractionGraph
protocols.relax.FastRelax: CMD: repack  -203.811  0.835543  0.835543  0.14575
protocols.relax.FastRelax: CMD: scale:fa_rep  -193.645  0.835543  0.835543  0.154
protocols.relax.FastRelax: CMD: min  -291.298  0.56049  0.56049  0.154
protocols.relax.FastRelax: CMD: coord_cst_weight  -291.298  0.56049  0.56049  0.154
protocols.relax.FastRelax: CMD: scale:fa_rep  -253.913  0.56049  0.56049  0.30745
core.pack.task: Packer task: initialize from command line() 
core.pack.pack_rotamers: built 954 rotamers at 75 positions.
core.pack.interaction_graph.interaction_graph_factory: Instantiating DensePDInteractionGraph
protocols.relax.FastRelax: CMD: repack  -253.913  0.56049  0.56049  0.30745
protocols.relax.FastRelax: CMD: scale:fa_rep  -250.966  0.56049  0.56049  0.31955
protocols.relax.FastRelax: CMD: min  -263.81  0.47182  0.47182  0.31955
protocols.relax.FastRelax: CMD: coord_cst_weight  -263.81  0.47182  0.47182  0.31955
protocols.relax.FastRelax: CMD: scale:fa_rep  -235.272  0.47182  0.47182  0.55
core.pack.task: Packer task: initialize from command line() 
core.pack.pack_rotamers: built 941 rotamers at 75 positions.
core.pack.interaction_graph.interaction_graph_factory: Instantiating DensePDInteractionGraph
protocols.relax.FastRelax: CMD: repack  -235.272  0.47182  0.47182  0.55
protocols.relax.FastRelax: CMD: min  -242.226  0.413011  0.413011  0.55
protocols.relax.FastRelax: MRP: 1  -242.226  -242.226  0.413011  0.413011  
protocols.relax.FastRelax: CMD: accept_to_best  -242.226  0.413011  0.413011  0.55
protocols.relax.FastRelax: CMD: endrepeat  -242.226  0.413011  0.413011  0.55
protocols.relax.FastRelax: CMD: coord_cst_weight  -242.226  0.413011  0.413011  0.55
protocols.relax.FastRelax: CMD: scale:fa_rep  -282.734  0.413011  0.413011  0.022
core.pack.task: Packer task: initialize from command line() 
core.pack.pack_rotamers: built 1083 rotamers at 75 positions.
core.pack.interaction_graph.interaction_graph_factory: Instantiating DensePDInteractionGraph
protocols.relax.FastRelax: CMD: repack  -287.305  0.413011  0.413011  0.022
protocols.relax.FastRelax: CMD: scale:fa_rep  -286.12  0.413011  0.413011  0.02805
protocols.relax.FastRelax: CMD: min  -352.649  0.861858  0.861858  0.02805
protocols.relax.FastRelax: CMD: coord_cst_weight  -352.649  0.861858  0.861858  0.02805
protocols.relax.FastRelax: CMD: scale:fa_rep  -204.168  0.861858  0.861858  0.14575
core.pack.task: Packer task: initialize from command line() 
core.pack.pack_rotamers: built 987 rotamers at 75 positions.
core.pack.interaction_graph.interaction_graph_factory: Instantiating DensePDInteractionGraph
protocols.relax.FastRelax: CMD: repack  -204.467  0.861858  0.861858  0.14575
protocols.relax.FastRelax: CMD: scale:fa_rep  -194.213  0.861858  0.861858  0.154
protocols.relax.FastRelax: CMD: min  -293.298  0.592005  0.592005  0.154
protocols.relax.FastRelax: CMD: coord_cst_weight  -293.298  0.592005  0.592005  0.154
protocols.relax.FastRelax: CMD: scale:fa_rep  -255.405  0.592005  0.592005  0.30745
core.pack.task: Packer task: initialize from command line() 
core.pack.pack_rotamers: built 935 rotamers at 75 positions.
core.pack.interaction_graph.interaction_graph_factory: Instantiating DensePDInteractionGraph
protocols.relax.FastRelax: CMD: repack  -255.405  0.592005  0.592005  0.30745
protocols.relax.FastRelax: CMD: scale:fa_rep  -252.417  0.592005  0.592005  0.31955
protocols.relax.FastRelax: CMD: min  -265.33  0.500517  0.500517  0.31955
protocols.relax.FastRelax: CMD: coord_cst_weight  -265.33  0.500517  0.500517  0.31955
protocols.relax.FastRelax: CMD: scale:fa_rep  -236.658  0.500517  0.500517  0.55
core.pack.task: Packer task: initialize from command line() 
core.pack.pack_rotamers: built 922 rotamers at 75 positions.
core.pack.interaction_graph.interaction_graph_factory: Instantiating DensePDInteractionGraph
protocols.relax.FastRelax: CMD: repack  -236.658  0.500517  0.500517  0.55
protocols.relax.FastRelax: CMD: min  -243.568  0.450699  0.450699  0.55
protocols.relax.FastRelax: MRP: 2  -243.568  -243.568  0.450699  0.450699  
protocols.relax.FastRelax: CMD: accept_to_best  -243.568  0.450699  0.450699  0.55
protocols.relax.FastRelax: CMD: endrepeat  -243.568  0.450699  0.450699  0.55
protocols.relax.FastRelax: CMD: coord_cst_weight  -243.568  0.450699  0.450699  0.55
protocols.relax.FastRelax: CMD: scale:fa_rep  -284.155  0.450699  0.450699  0.022
core.pack.task: Packer task: initialize from command line() 
core.pack.pack_rotamers: built 1068 rotamers at 75 positions.
core.pack.interaction_graph.interaction_graph_factory: Instantiating DensePDInteractionGraph
protocols.relax.FastRelax: CMD: repack  -287.972  0.450699  0.450699  0.022
protocols.relax.FastRelax: CMD: scale:fa_rep  -286.707  0.450699  0.450699  0.02805
protocols.relax.FastRelax: CMD: min  -353.528  0.84957  0.84957  0.02805
protocols.relax.FastRelax: CMD: coord_cst_weight  -353.528  0.84957  0.84957  0.02805
protocols.relax.FastRelax: CMD: scale:fa_rep  -208.033  0.84957  0.84957  0.14575
core.pack.task: Packer task: initialize from command line() 
core.pack.pack_rotamers: built 978 rotamers at 75 positions.
core.pack.interaction_graph.interaction_graph_factory: Instantiating DensePDInteractionGraph
protocols.relax.FastRelax: CMD: repack  -208.477  0.84957  0.84957  0.14575
protocols.relax.FastRelax: CMD: scale:fa_rep  -198.368  0.84957  0.84957  0.154
protocols.relax.FastRelax: CMD: min  -293.565  0.587972  0.587972  0.154
protocols.relax.FastRelax: CMD: coord_cst_weight  -293.565  0.587972  0.587972  0.154
protocols.relax.FastRelax: CMD: scale:fa_rep  -255.615  0.587972  0.587972  0.30745
core.pack.task: Packer task: initialize from command line() 
core.pack.pack_rotamers: built 931 rotamers at 75 positions.
core.pack.interaction_graph.interaction_graph_factory: Instantiating DensePDInteractionGraph
protocols.relax.FastRelax: CMD: repack  -255.615  0.587972  0.587972  0.30745
protocols.relax.FastRelax: CMD: scale:fa_rep  -252.623  0.587972  0.587972  0.31955
protocols.relax.FastRelax: CMD: min  -265.829  0.485161  0.485161  0.31955
protocols.relax.FastRelax: CMD: coord_cst_weight  -265.829  0.485161  0.485161  0.31955
protocols.relax.FastRelax: CMD: scale:fa_rep  -237.461  0.485161  0.485161  0.55
core.pack.task: Packer task: initialize from command line() 
core.pack.pack_rotamers: built 924 rotamers at 75 positions.
core.pack.interaction_graph.interaction_graph_factory: Instantiating DensePDInteractionGraph
protocols.relax.FastRelax: CMD: repack  -237.461  0.485161  0.485161  0.55
protocols.relax.FastRelax: CMD: min  -243.949  0.453963  0.453963  0.55
protocols.relax.FastRelax: MRP: 3  -243.949  -243.949  0.453963  0.453963  
protocols.relax.FastRelax: CMD: accept_to_best  -243.949  0.453963  0.453963  0.55
protocols.relax.FastRelax: CMD: endrepeat  -243.949  0.453963  0.453963  0.55
protocols.relax.FastRelax: CMD: coord_cst_weight  -243.949  0.453963  0.453963  0.55
protocols.relax.FastRelax: CMD: scale:fa_rep  -284.952  0.453963  0.453963  0.022
core.pack.task: Packer task: initialize from command line() 
core.pack.pack_rotamers: built 1067 rotamers at 75 positions.
core.pack.interaction_graph.interaction_graph_factory: Instantiating DensePDInteractionGraph
protocols.relax.FastRelax: CMD: repack  -288.793  0.453963  0.453963  0.022
protocols.relax.FastRelax: CMD: scale:fa_rep  -287.655  0.453963  0.453963  0.02805
protocols.relax.FastRelax: CMD: min  -353.568  0.845762  0.845762  0.02805
protocols.relax.FastRelax: CMD: coord_cst_weight  -353.568  0.845762  0.845762  0.02805
protocols.relax.FastRelax: CMD: scale:fa_rep  -207.84  0.845762  0.845762  0.14575
core.pack.task: Packer task: initialize from command line() 
core.pack.pack_rotamers: built 976 rotamers at 75 positions.
core.pack.interaction_graph.interaction_graph_factory: Instantiating DensePDInteractionGraph
protocols.relax.FastRelax: CMD: repack  -208.308  0.845762  0.845762  0.14575
protocols.relax.FastRelax: CMD: scale:fa_rep  -198.184  0.845762  0.845762  0.154
protocols.relax.FastRelax: CMD: min  -293.561  0.584699  0.584699  0.154
protocols.relax.FastRelax: CMD: coord_cst_weight  -293.561  0.584699  0.584699  0.154
protocols.relax.FastRelax: CMD: scale:fa_rep  -255.602  0.584699  0.584699  0.30745
core.pack.task: Packer task: initialize from command line() 
core.pack.pack_rotamers: built 938 rotamers at 75 positions.
core.pack.interaction_graph.interaction_graph_factory: Instantiating DensePDInteractionGraph
protocols.relax.FastRelax: CMD: repack  -255.602  0.584699  0.584699  0.30745
protocols.relax.FastRelax: CMD: scale:fa_rep  -252.609  0.584699  0.584699  0.31955
protocols.relax.FastRelax: CMD: min  -265.808  0.484994  0.484994  0.31955
protocols.relax.FastRelax: CMD: coord_cst_weight  -265.808  0.484994  0.484994  0.31955
protocols.relax.FastRelax: CMD: scale:fa_rep  -237.586  0.484994  0.484994  0.55
core.pack.task: Packer task: initialize from command line() 
core.pack.pack_rotamers: built 926 rotamers at 75 positions.
core.pack.interaction_graph.interaction_graph_factory: Instantiating DensePDInteractionGraph
protocols.relax.FastRelax: CMD: repack  -237.586  0.484994  0.484994  0.55
protocols.relax.FastRelax: CMD: min  -243.954  0.454189  0.454189  0.55
protocols.relax.FastRelax: MRP: 4  -243.954  -243.954  0.454189  0.454189  
protocols.relax.FastRelax: CMD: accept_to_best  -243.954  0.454189  0.454189  0.55
protocols.relax.FastRelax: CMD: endrepeat  -243.954  0.454189  0.454189  0.55
protocols.relax.FastRelax: CMD: coord_cst_weight  -243.954  0.454189  0.454189  0.55
protocols.relax.FastRelax: CMD: scale:fa_rep  -285.022  0.454189  0.454189  0.022
core.pack.task: Packer task: initialize from command line() 
core.pack.pack_rotamers: built 1066 rotamers at 75 positions.
core.pack.interaction_graph.interaction_graph_factory: Instantiating DensePDInteractionGraph
protocols.relax.FastRelax: CMD: repack  -288.857  0.454189  0.454189  0.022
protocols.relax.FastRelax: CMD: scale:fa_rep  -287.718  0.454189  0.454189  0.02805
protocols.relax.FastRelax: CMD: min  -353.692  0.848218  0.848218  0.02805
protocols.relax.FastRelax: CMD: coord_cst_weight  -353.692  0.848218  0.848218  0.02805
protocols.relax.FastRelax: CMD: scale:fa_rep  -207.922  0.848218  0.848218  0.14575
core.pack.task: Packer task: initialize from command line() 
core.pack.pack_rotamers: built 982 rotamers at 75 positions.
core.pack.interaction_graph.interaction_graph_factory: Instantiating DensePDInteractionGraph
protocols.relax.FastRelax: CMD: repack  -208.315  0.848218  0.848218  0.14575
protocols.relax.FastRelax: CMD: scale:fa_rep  -198.183  0.848218  0.848218  0.154
protocols.relax.FastRelax: CMD: min  -293.518  0.582136  0.582136  0.154
protocols.relax.FastRelax: CMD: coord_cst_weight  -293.518  0.582136  0.582136  0.154
protocols.relax.FastRelax: CMD: scale:fa_rep  -255.649  0.582136  0.582136  0.30745
core.pack.task: Packer task: initialize from command line() 
core.pack.pack_rotamers: built 936 rotamers at 75 positions.
core.pack.interaction_graph.interaction_graph_factory: Instantiating DensePDInteractionGraph
protocols.relax.FastRelax: CMD: repack  -255.649  0.582136  0.582136  0.30745
protocols.relax.FastRelax: CMD: scale:fa_rep  -252.663  0.582136  0.582136  0.31955
protocols.relax.FastRelax: CMD: min  -265.82  0.485222  0.485222  0.31955
protocols.relax.FastRelax: CMD: coord_cst_weight  -265.82  0.485222  0.485222  0.31955
protocols.relax.FastRelax: CMD: scale:fa_rep  -237.446  0.485222  0.485222  0.55
core.pack.task: Packer task: initialize from command line() 
core.pack.pack_rotamers: built 925 rotamers at 75 positions.
core.pack.interaction_graph.interaction_graph_factory: Instantiating DensePDInteractionGraph
protocols.relax.FastRelax: CMD: repack  -237.446  0.485222  0.485222  0.55
protocols.relax.FastRelax: CMD: min  -243.976  0.45429  0.45429  0.55
protocols.relax.FastRelax: MRP: 5  -243.976  -243.976  0.45429  0.45429  
protocols.relax.FastRelax: CMD: accept_to_best  -243.976  0.45429  0.45429  0.55
protocols.relax.FastRelax: CMD: endrepeat  -243.976  0.45429  0.45429  0.55
protocols.relax.FastRelax: CMD: coord_cst_weight  -243.976  0.45429  0.45429  0.55
protocols.relax.FastRelax: CMD: scale:fa_rep  -284.898  0.45429  0.45429  0.022
core.pack.task: Packer task: initialize from command line() 
core.pack.pack_rotamers: built 1068 rotamers at 75 positions.
core.pack.interaction_graph.interaction_graph_factory: Instantiating DensePDInteractionGraph
protocols.relax.FastRelax: CMD: repack  -288.725  0.45429  0.45429  0.022
protocols.relax.FastRelax: CMD: scale:fa_rep  -287.591  0.45429  0.45429  0.02805
protocols.relax.FastRelax: CMD: min  -353.52  0.842472  0.842472  0.02805
protocols.relax.FastRelax: CMD: coord_cst_weight  -353.52  0.842472  0.842472  0.02805
protocols.relax.FastRelax: CMD: scale:fa_rep  -208.699  0.842472  0.842472  0.14575
core.pack.task: Packer task: initialize from command line() 
core.pack.pack_rotamers: built 976 rotamers at 75 positions.
core.pack.interaction_graph.interaction_graph_factory: Instantiating DensePDInteractionGraph
protocols.relax.FastRelax: CMD: repack  -209.138  0.842472  0.842472  0.14575
protocols.relax.FastRelax: CMD: scale:fa_rep  -199.044  0.842472  0.842472  0.154
protocols.relax.FastRelax: CMD: min  -293.573  0.584506  0.584506  0.154
protocols.relax.FastRelax: CMD: coord_cst_weight  -293.573  0.584506  0.584506  0.154
protocols.relax.FastRelax: CMD: scale:fa_rep  -255.636  0.584506  0.584506  0.30745
core.pack.task: Packer task: initialize from command line() 
core.pack.pack_rotamers: built 936 rotamers at 75 positions.
core.pack.interaction_graph.interaction_graph_factory: Instantiating DensePDInteractionGraph
protocols.relax.FastRelax: CMD: repack  -255.636  0.584506  0.584506  0.30745
protocols.relax.FastRelax: CMD: scale:fa_rep  -252.645  0.584506  0.584506  0.31955
protocols.relax.FastRelax: CMD: min  -265.805  0.485206  0.485206  0.31955
protocols.relax.FastRelax: CMD: coord_cst_weight  -265.805  0.485206  0.485206  0.31955
protocols.relax.FastRelax: CMD: scale:fa_rep  -237.607  0.485206  0.485206  0.55
core.pack.task: Packer task: initialize from command line() 
core.pack.pack_rotamers: built 926 rotamers at 75 positions.
core.pack.interaction_graph.interaction_graph_factory: Instantiating DensePDInteractionGraph
protocols.relax.FastRelax: CMD: repack  -237.607  0.485206  0.485206  0.55
protocols.relax.FastRelax: CMD: min  -243.976  0.453661  0.453661  0.55
protocols.relax.FastRelax: MRP: 6  -243.976  -243.976  0.453661  0.453661  
protocols.relax.FastRelax: CMD: accept_to_best  -243.976  0.453661  0.453661  0.55
protocols.relax.FastRelax: CMD: endrepeat  -243.976  0.453661  0.453661  0.55
protocols.relax.FastRelax: CMD: coord_cst_weight  -243.976  0.453661  0.453661  0.55
protocols.relax.FastRelax: CMD: scale:fa_rep  -284.932  0.453661  0.453661  0.022
core.pack.task: Packer task: initialize from command line() 
core.pack.pack_rotamers: built 1069 rotamers at 75 positions.
core.pack.interaction_graph.interaction_graph_factory: Instantiating DensePDInteractionGraph
protocols.relax.FastRelax: CMD: repack  -288.758  0.453661  0.453661  0.022
protocols.relax.FastRelax: CMD: scale:fa_rep  -287.626  0.453661  0.453661  0.02805
protocols.relax.FastRelax: CMD: min  -353.495  0.839545  0.839545  0.02805
protocols.relax.FastRelax: CMD: coord_cst_weight  -353.495  0.839545  0.839545  0.02805
protocols.relax.FastRelax: CMD: scale:fa_rep  -208.417  0.839545  0.839545  0.14575
core.pack.task: Packer task: initialize from command line() 
core.pack.pack_rotamers: built 978 rotamers at 75 positions.
core.pack.interaction_graph.interaction_graph_factory: Instantiating DensePDInteractionGraph
protocols.relax.FastRelax: CMD: repack  -206.185  0.839545  0.839545  0.14575
protocols.relax.FastRelax: CMD: scale:fa_rep  -196.074  0.839545  0.839545  0.154
protocols.relax.FastRelax: CMD: min  -291.936  0.578985  0.578985  0.154
protocols.relax.FastRelax: CMD: coord_cst_weight  -291.936  0.578985  0.578985  0.154
protocols.relax.FastRelax: CMD: scale:fa_rep  -253.824  0.578985  0.578985  0.30745
core.pack.task: Packer task: initialize from command line() 
core.pack.pack_rotamers: built 933 rotamers at 75 positions.
core.pack.interaction_graph.interaction_graph_factory: Instantiating DensePDInteractionGraph
protocols.relax.FastRelax: CMD: repack  -253.824  0.578985  0.578985  0.30745
protocols.relax.FastRelax: CMD: scale:fa_rep  -250.819  0.578985  0.578985  0.31955
protocols.relax.FastRelax: CMD: min  -264.015  0.480511  0.480511  0.31955
protocols.relax.FastRelax: CMD: coord_cst_weight  -264.015  0.480511  0.480511  0.31955
protocols.relax.FastRelax: CMD: scale:fa_rep  -235.436  0.480511  0.480511  0.55
core.pack.task: Packer task: initialize from command line() 
core.pack.pack_rotamers: built 926 rotamers at 75 positions.
core.pack.interaction_graph.interaction_graph_factory: Instantiating DensePDInteractionGraph
protocols.relax.FastRelax: CMD: repack  -235.436  0.480511  0.480511  0.55
protocols.relax.FastRelax: CMD: min  -241.957  0.453521  0.453521  0.55
protocols.relax.FastRelax: MRP: 7  -241.957  -243.976  0.453661  0.453661  
protocols.relax.FastRelax: CMD: accept_to_best  -241.957  0.453521  0.453521  0.55
protocols.relax.FastRelax: CMD: endrepeat  -241.957  0.453521  0.453521  0.55
protocols.relax.FastRelax: CMD: coord_cst_weight  -241.957  0.453521  0.453521  0.55
protocols.relax.FastRelax: CMD: scale:fa_rep  -283.168  0.453521  0.453521  0.022
core.pack.task: Packer task: initialize from command line() 
core.pack.pack_rotamers: built 1074 rotamers at 75 positions.
core.pack.interaction_graph.interaction_graph_factory: Instantiating DensePDInteractionGraph
protocols.relax.FastRelax: CMD: repack  -288.388  0.453521  0.453521  0.022
protocols.relax.FastRelax: CMD: scale:fa_rep  -287.164  0.453521  0.453521  0.02805
protocols.relax.FastRelax: CMD: min  -354.772  0.843397  0.843397  0.02805
protocols.relax.FastRelax: CMD: coord_cst_weight  -354.772  0.843397  0.843397  0.02805
protocols.relax.FastRelax: CMD: scale:fa_rep  -206.995  0.843397  0.843397  0.14575
core.pack.task: Packer task: initialize from command line() 
core.pack.pack_rotamers: built 983 rotamers at 75 positions.
core.pack.interaction_graph.interaction_graph_factory: Instantiating DensePDInteractionGraph
protocols.relax.FastRelax: CMD: repack  -207.305  0.843397  0.843397  0.14575
protocols.relax.FastRelax: CMD: scale:fa_rep  -197.073  0.843397  0.843397  0.154
protocols.relax.FastRelax: CMD: min  -293.489  0.579311  0.579311  0.154
protocols.relax.FastRelax: CMD: coord_cst_weight  -293.489  0.579311  0.579311  0.154
protocols.relax.FastRelax: CMD: scale:fa_rep  -254.913  0.579311  0.579311  0.30745
core.pack.task: Packer task: initialize from command line() 
core.pack.pack_rotamers: built 944 rotamers at 75 positions.
core.pack.interaction_graph.interaction_graph_factory: Instantiating DensePDInteractionGraph
protocols.relax.FastRelax: CMD: repack  -254.955  0.579311  0.579311  0.30745
protocols.relax.FastRelax: CMD: scale:fa_rep  -251.933  0.579311  0.579311  0.31955
protocols.relax.FastRelax: CMD: min  -265.245  0.484672  0.484672  0.31955
protocols.relax.FastRelax: CMD: coord_cst_weight  -265.245  0.484672  0.484672  0.31955
protocols.relax.FastRelax: CMD: scale:fa_rep  -236.465  0.484672  0.484672  0.55
core.pack.task: Packer task: initialize from command line() 
core.pack.pack_rotamers: built 930 rotamers at 75 positions.
core.pack.interaction_graph.interaction_graph_factory: Instantiating DensePDInteractionGraph
protocols.relax.FastRelax: CMD: repack  -236.465  0.484672  0.484672  0.55
protocols.relax.FastRelax: CMD: min  -243.261  0.456664  0.456664  0.55
protocols.relax.FastRelax: MRP: 8  -243.261  -243.976  0.453661  0.453661  
protocols.relax.FastRelax: CMD: accept_to_best  -243.261  0.456664  0.456664  0.55
protocols.relax.FastRelax: CMD: endrepeat  -243.261  0.456664  0.456664  0.55
protocols.relax.FastRelax: CMD: coord_cst_weight  -243.261  0.456664  0.456664  0.55
protocols.relax.FastRelax: CMD: scale:fa_rep  -284.559  0.456664  0.456664  0.022
core.pack.task: Packer task: initialize from command line() 
core.pack.pack_rotamers: built 1069 rotamers at 75 positions.
core.pack.interaction_graph.interaction_graph_factory: Instantiating DensePDInteractionGraph
protocols.relax.FastRelax: CMD: repack  -288.607  0.456664  0.456664  0.022
protocols.relax.FastRelax: CMD: scale:fa_rep  -287.451  0.456664  0.456664  0.02805
protocols.relax.FastRelax: CMD: min  -354.327  0.83382  0.83382  0.02805
protocols.relax.FastRelax: CMD: coord_cst_weight  -354.327  0.83382  0.83382  0.02805
protocols.relax.FastRelax: CMD: scale:fa_rep  -209.101  0.83382  0.83382  0.14575
core.pack.task: Packer task: initialize from command line() 
core.pack.pack_rotamers: built 982 rotamers at 75 positions.
core.pack.interaction_graph.interaction_graph_factory: Instantiating DensePDInteractionGraph
protocols.relax.FastRelax: CMD: repack  -210.053  0.83382  0.83382  0.14575
protocols.relax.FastRelax: CMD: scale:fa_rep  -200.033  0.83382  0.83382  0.154
protocols.relax.FastRelax: CMD: min  -293.624  0.581508  0.581508  0.154
protocols.relax.FastRelax: CMD: coord_cst_weight  -293.624  0.581508  0.581508  0.154
protocols.relax.FastRelax: CMD: scale:fa_rep  -254.996  0.581508  0.581508  0.30745
core.pack.task: Packer task: initialize from command line() 
core.pack.pack_rotamers: built 942 rotamers at 75 positions.
core.pack.interaction_graph.interaction_graph_factory: Instantiating DensePDInteractionGraph
protocols.relax.FastRelax: CMD: repack  -254.996  0.581508  0.581508  0.30745
protocols.relax.FastRelax: CMD: scale:fa_rep  -251.951  0.581508  0.581508  0.31955
protocols.relax.FastRelax: CMD: min  -265.257  0.489389  0.489389  0.31955
protocols.relax.FastRelax: CMD: coord_cst_weight  -265.257  0.489389  0.489389  0.31955
protocols.relax.FastRelax: CMD: scale:fa_rep  -236.444  0.489389  0.489389  0.55
core.pack.task: Packer task: initialize from command line() 
core.pack.pack_rotamers: built 929 rotamers at 75 positions.
core.pack.interaction_graph.interaction_graph_factory: Instantiating DensePDInteractionGraph
protocols.relax.FastRelax: CMD: repack  -236.444  0.489389  0.489389  0.55
protocols.relax.FastRelax: CMD: min  -243.24  0.459924  0.459924  0.55
protocols.relax.FastRelax: MRP: 9  -243.24  -243.976  0.453661  0.453661  
protocols.relax.FastRelax: CMD: accept_to_best  -243.24  0.459924  0.459924  0.55
protocols.relax.FastRelax: CMD: endrepeat  -243.24  0.459924  0.459924  0.55
protocols::checkpoint: Deleting checkpoints of FastRelax
protocols.rosetta_scripts.ParsedProtocol: setting status to success
protocols.jd2.JobDistributor: flags_relax_v3_nstruct_10_structure_0008 reported success in 135 seconds
protocols.jd2.PDBJobInputter: PDBJobInputter::pose_from_job
protocols.jd2.PDBJobInputter: filling pose from saved copy structure.pdb
protocols.jd2.PDBJobInputter: PDBJobInputter::pose_from_job
protocols.jd2.PDBJobInputter: filling pose from PDB structure.pdb
core.import_pose.import_pose: File 'structure.pdb' automatically determined to be of type PDB from contents.
protocols.rosetta_scripts.ParsedProtocol: =======================BEGIN MOVER MutateResidue - mutant=======================
protocols.rosetta_scripts.ParsedProtocol: =======================BEGIN MOVER FastRelax - relax=======================
core.energy_methods.CartesianBondedEnergy: Creating new peptide-bonded energy container (75)
protocols.relax.FastRelax: CMD: repeat  -173.549  0  0  0.55
protocols.relax.FastRelax: CMD: coord_cst_weight  -173.549  0  0  0.55
protocols.relax.FastRelax: CMD: scale:fa_rep  -217.971  0  0  0.022
core.pack.task: Packer task: initialize from command line() 
core.pack.pack_rotamers: built 1065 rotamers at 75 positions.
core.pack.interaction_graph.interaction_graph_factory: Instantiating DensePDInteractionGraph
protocols.relax.FastRelax: CMD: repack  -258.971  0  0  0.022
protocols.relax.FastRelax: CMD: scale:fa_rep  -257.052  0  0  0.02805
protocols.relax.FastRelax: CMD: min  -343.672  0.776177  0.776177  0.02805
protocols.relax.FastRelax: CMD: coord_cst_weight  -343.672  0.776177  0.776177  0.02805
protocols.relax.FastRelax: CMD: scale:fa_rep  -201.588  0.776177  0.776177  0.14575
core.pack.task: Packer task: initialize from command line() 
core.pack.pack_rotamers: built 989 rotamers at 75 positions.
core.pack.interaction_graph.interaction_graph_factory: Instantiating DensePDInteractionGraph
protocols.relax.FastRelax: CMD: repack  -202.572  0.776177  0.776177  0.14575
protocols.relax.FastRelax: CMD: scale:fa_rep  -192.948  0.776177  0.776177  0.154
protocols.relax.FastRelax: CMD: min  -284.319  0.456845  0.456845  0.154
protocols.relax.FastRelax: CMD: coord_cst_weight  -284.319  0.456845  0.456845  0.154
protocols.relax.FastRelax: CMD: scale:fa_rep  -248.057  0.456845  0.456845  0.30745
core.pack.task: Packer task: initialize from command line() 
core.pack.pack_rotamers: built 967 rotamers at 75 positions.
core.pack.interaction_graph.interaction_graph_factory: Instantiating DensePDInteractionGraph
protocols.relax.FastRelax: CMD: repack  -248.057  0.456845  0.456845  0.30745
protocols.relax.FastRelax: CMD: scale:fa_rep  -245.198  0.456845  0.456845  0.31955
protocols.relax.FastRelax: CMD: min  -258.609  0.285991  0.285991  0.31955
protocols.relax.FastRelax: CMD: coord_cst_weight  -258.609  0.285991  0.285991  0.31955
protocols.relax.FastRelax: CMD: scale:fa_rep  -232.156  0.285991  0.285991  0.55
core.pack.task: Packer task: initialize from command line() 
core.pack.pack_rotamers: built 954 rotamers at 75 positions.
core.pack.interaction_graph.interaction_graph_factory: Instantiating DensePDInteractionGraph
protocols.relax.FastRelax: CMD: repack  -232.156  0.285991  0.285991  0.55
protocols.relax.FastRelax: CMD: min  -237.918  0.246486  0.246486  0.55
protocols.relax.FastRelax: MRP: 0  -237.918  -237.918  0.246486  0.246486  
protocols.relax.FastRelax: CMD: accept_to_best  -237.918  0.246486  0.246486  0.55
protocols.relax.FastRelax: CMD: endrepeat  -237.918  0.246486  0.246486  0.55
protocols.relax.FastRelax: CMD: coord_cst_weight  -237.918  0.246486  0.246486  0.55
protocols.relax.FastRelax: CMD: scale:fa_rep  -276.319  0.246486  0.246486  0.022
core.pack.task: Packer task: initialize from command line() 
core.pack.pack_rotamers: built 1073 rotamers at 75 positions.
core.pack.interaction_graph.interaction_graph_factory: Instantiating DensePDInteractionGraph
protocols.relax.FastRelax: CMD: repack  -280.11  0.246486  0.246486  0.022
protocols.relax.FastRelax: CMD: scale:fa_rep  -279.064  0.246486  0.246486  0.02805
protocols.relax.FastRelax: CMD: min  -347.25  0.774457  0.774457  0.02805
protocols.relax.FastRelax: CMD: coord_cst_weight  -347.25  0.774457  0.774457  0.02805
protocols.relax.FastRelax: CMD: scale:fa_rep  -203.563  0.774457  0.774457  0.14575
core.pack.task: Packer task: initialize from command line() 
core.pack.pack_rotamers: built 990 rotamers at 75 positions.
core.pack.interaction_graph.interaction_graph_factory: Instantiating DensePDInteractionGraph
protocols.relax.FastRelax: CMD: repack  -203.996  0.774457  0.774457  0.14575
protocols.relax.FastRelax: CMD: scale:fa_rep  -194.074  0.774457  0.774457  0.154
protocols.relax.FastRelax: CMD: min  -286.948  0.467624  0.467624  0.154
protocols.relax.FastRelax: CMD: coord_cst_weight  -286.948  0.467624  0.467624  0.154
protocols.relax.FastRelax: CMD: scale:fa_rep  -250.414  0.467624  0.467624  0.30745
core.pack.task: Packer task: initialize from command line() 
core.pack.pack_rotamers: built 963 rotamers at 75 positions.
core.pack.interaction_graph.interaction_graph_factory: Instantiating DensePDInteractionGraph
protocols.relax.FastRelax: CMD: repack  -250.414  0.467624  0.467624  0.30745
protocols.relax.FastRelax: CMD: scale:fa_rep  -247.533  0.467624  0.467624  0.31955
protocols.relax.FastRelax: CMD: min  -260.553  0.325664  0.325664  0.31955
protocols.relax.FastRelax: CMD: coord_cst_weight  -260.553  0.325664  0.325664  0.31955
protocols.relax.FastRelax: CMD: scale:fa_rep  -233.411  0.325664  0.325664  0.55
core.pack.task: Packer task: initialize from command line() 
core.pack.pack_rotamers: built 948 rotamers at 75 positions.
core.pack.interaction_graph.interaction_graph_factory: Instantiating DensePDInteractionGraph
protocols.relax.FastRelax: CMD: repack  -233.411  0.325664  0.325664  0.55
protocols.relax.FastRelax: CMD: min  -239.55  0.292399  0.292399  0.55
protocols.relax.FastRelax: MRP: 1  -239.55  -239.55  0.292399  0.292399  
protocols.relax.FastRelax: CMD: accept_to_best  -239.55  0.292399  0.292399  0.55
protocols.relax.FastRelax: CMD: endrepeat  -239.55  0.292399  0.292399  0.55
protocols.relax.FastRelax: CMD: coord_cst_weight  -239.55  0.292399  0.292399  0.55
protocols.relax.FastRelax: CMD: scale:fa_rep  -278.538  0.292399  0.292399  0.022
core.pack.task: Packer task: initialize from command line() 
core.pack.pack_rotamers: built 1084 rotamers at 75 positions.
core.pack.interaction_graph.interaction_graph_factory: Instantiating DensePDInteractionGraph
protocols.relax.FastRelax: CMD: repack  -282.444  0.292399  0.292399  0.022
protocols.relax.FastRelax: CMD: scale:fa_rep  -281.306  0.292399  0.292399  0.02805
protocols.relax.FastRelax: CMD: min  -346.839  0.765026  0.765026  0.02805
protocols.relax.FastRelax: CMD: coord_cst_weight  -346.839  0.765026  0.765026  0.02805
protocols.relax.FastRelax: CMD: scale:fa_rep  -203.914  0.765026  0.765026  0.14575
core.pack.task: Packer task: initialize from command line() 
core.pack.pack_rotamers: built 995 rotamers at 75 positions.
core.pack.interaction_graph.interaction_graph_factory: Instantiating DensePDInteractionGraph
protocols.relax.FastRelax: CMD: repack  -204.292  0.765026  0.765026  0.14575
protocols.relax.FastRelax: CMD: scale:fa_rep  -194.421  0.765026  0.765026  0.154
protocols.relax.FastRelax: CMD: min  -286.952  0.487537  0.487537  0.154
protocols.relax.FastRelax: CMD: coord_cst_weight  -286.952  0.487537  0.487537  0.154
protocols.relax.FastRelax: CMD: scale:fa_rep  -249.795  0.487537  0.487537  0.30745
core.pack.task: Packer task: initialize from command line() 
core.pack.pack_rotamers: built 963 rotamers at 75 positions.
core.pack.interaction_graph.interaction_graph_factory: Instantiating DensePDInteractionGraph
protocols.relax.FastRelax: CMD: repack  -249.795  0.487537  0.487537  0.30745
protocols.relax.FastRelax: CMD: scale:fa_rep  -246.865  0.487537  0.487537  0.31955
protocols.relax.FastRelax: CMD: min  -260.561  0.337494  0.337494  0.31955
protocols.relax.FastRelax: CMD: coord_cst_weight  -260.561  0.337494  0.337494  0.31955
protocols.relax.FastRelax: CMD: scale:fa_rep  -233.187  0.337494  0.337494  0.55
core.pack.task: Packer task: initialize from command line() 
core.pack.pack_rotamers: built 950 rotamers at 75 positions.
core.pack.interaction_graph.interaction_graph_factory: Instantiating DensePDInteractionGraph
protocols.relax.FastRelax: CMD: repack  -233.187  0.337494  0.337494  0.55
protocols.relax.FastRelax: CMD: min  -239.384  0.302242  0.302242  0.55
protocols.relax.FastRelax: MRP: 2  -239.384  -239.55  0.292399  0.292399  
protocols.relax.FastRelax: CMD: accept_to_best  -239.384  0.302242  0.302242  0.55
protocols.relax.FastRelax: CMD: endrepeat  -239.384  0.302242  0.302242  0.55
protocols.relax.FastRelax: CMD: coord_cst_weight  -239.384  0.302242  0.302242  0.55
protocols.relax.FastRelax: CMD: scale:fa_rep  -278.696  0.302242  0.302242  0.022
core.pack.task: Packer task: initialize from command line() 
core.pack.pack_rotamers: built 1084 rotamers at 75 positions.
core.pack.interaction_graph.interaction_graph_factory: Instantiating DensePDInteractionGraph
protocols.relax.FastRelax: CMD: repack  -282.494  0.302242  0.302242  0.022
protocols.relax.FastRelax: CMD: scale:fa_rep  -281.355  0.302242  0.302242  0.02805
protocols.relax.FastRelax: CMD: min  -347.169  0.774428  0.774428  0.02805
protocols.relax.FastRelax: CMD: coord_cst_weight  -347.169  0.774428  0.774428  0.02805
protocols.relax.FastRelax: CMD: scale:fa_rep  -204.184  0.774428  0.774428  0.14575
core.pack.task: Packer task: initialize from command line() 
core.pack.pack_rotamers: built 978 rotamers at 75 positions.
core.pack.interaction_graph.interaction_graph_factory: Instantiating DensePDInteractionGraph
protocols.relax.FastRelax: CMD: repack  -204.666  0.774428  0.774428  0.14575
protocols.relax.FastRelax: CMD: scale:fa_rep  -194.794  0.774428  0.774428  0.154
protocols.relax.FastRelax: CMD: min  -286.729  0.493131  0.493131  0.154
protocols.relax.FastRelax: CMD: coord_cst_weight  -286.729  0.493131  0.493131  0.154
protocols.relax.FastRelax: CMD: scale:fa_rep  -249.5  0.493131  0.493131  0.30745
core.pack.task: Packer task: initialize from command line() 
core.pack.pack_rotamers: built 961 rotamers at 75 positions.
core.pack.interaction_graph.interaction_graph_factory: Instantiating DensePDInteractionGraph
protocols.relax.FastRelax: CMD: repack  -249.5  0.493131  0.493131  0.30745
protocols.relax.FastRelax: CMD: scale:fa_rep  -246.564  0.493131  0.493131  0.31955
protocols.relax.FastRelax: CMD: min  -260.566  0.333302  0.333302  0.31955
protocols.relax.FastRelax: CMD: coord_cst_weight  -260.566  0.333302  0.333302  0.31955
protocols.relax.FastRelax: CMD: scale:fa_rep  -233.274  0.333302  0.333302  0.55
core.pack.task: Packer task: initialize from command line() 
core.pack.pack_rotamers: built 951 rotamers at 75 positions.
core.pack.interaction_graph.interaction_graph_factory: Instantiating DensePDInteractionGraph
protocols.relax.FastRelax: CMD: repack  -233.274  0.333302  0.333302  0.55
protocols.relax.FastRelax: CMD: min  -239.432  0.297767  0.297767  0.55
protocols.relax.FastRelax: MRP: 3  -239.432  -239.55  0.292399  0.292399  
protocols.relax.FastRelax: CMD: accept_to_best  -239.432  0.297767  0.297767  0.55
protocols.relax.FastRelax: CMD: endrepeat  -239.432  0.297767  0.297767  0.55
protocols.relax.FastRelax: CMD: coord_cst_weight  -239.432  0.297767  0.297767  0.55
protocols.relax.FastRelax: CMD: scale:fa_rep  -278.776  0.297767  0.297767  0.022
core.pack.task: Packer task: initialize from command line() 
core.pack.pack_rotamers: built 1083 rotamers at 75 positions.
core.pack.interaction_graph.interaction_graph_factory: Instantiating DensePDInteractionGraph
protocols.relax.FastRelax: CMD: repack  -282.583  0.297767  0.297767  0.022
protocols.relax.FastRelax: CMD: scale:fa_rep  -281.451  0.297767  0.297767  0.02805
protocols.relax.FastRelax: CMD: min  -347.213  0.777043  0.777043  0.02805
protocols.relax.FastRelax: CMD: coord_cst_weight  -347.213  0.777043  0.777043  0.02805
protocols.relax.FastRelax: CMD: scale:fa_rep  -204.111  0.777043  0.777043  0.14575
core.pack.task: Packer task: initialize from command line() 
core.pack.pack_rotamers: built 979 rotamers at 75 positions.
core.pack.interaction_graph.interaction_graph_factory: Instantiating DensePDInteractionGraph
protocols.relax.FastRelax: CMD: repack  -204.581  0.777043  0.777043  0.14575
protocols.relax.FastRelax: CMD: scale:fa_rep  -194.697  0.777043  0.777043  0.154
protocols.relax.FastRelax: CMD: min  -287.029  0.472131  0.472131  0.154
protocols.relax.FastRelax: CMD: coord_cst_weight  -287.029  0.472131  0.472131  0.154
protocols.relax.FastRelax: CMD: scale:fa_rep  -250.217  0.472131  0.472131  0.30745
core.pack.task: Packer task: initialize from command line() 
core.pack.pack_rotamers: built 960 rotamers at 75 positions.
core.pack.interaction_graph.interaction_graph_factory: Instantiating DensePDInteractionGraph
protocols.relax.FastRelax: CMD: repack  -250.217  0.472131  0.472131  0.30745
protocols.relax.FastRelax: CMD: scale:fa_rep  -247.314  0.472131  0.472131  0.31955
protocols.relax.FastRelax: CMD: min  -260.527  0.335686  0.335686  0.31955
protocols.relax.FastRelax: CMD: coord_cst_weight  -260.527  0.335686  0.335686  0.31955
protocols.relax.FastRelax: CMD: scale:fa_rep  -233.157  0.335686  0.335686  0.55
core.pack.task: Packer task: initialize from command line() 
core.pack.pack_rotamers: built 952 rotamers at 75 positions.
core.pack.interaction_graph.interaction_graph_factory: Instantiating DensePDInteractionGraph
protocols.relax.FastRelax: CMD: repack  -233.157  0.335686  0.335686  0.55
protocols.relax.FastRelax: CMD: min  -239.378  0.300108  0.300108  0.55
protocols.relax.FastRelax: MRP: 4  -239.378  -239.55  0.292399  0.292399  
protocols.relax.FastRelax: CMD: accept_to_best  -239.378  0.300108  0.300108  0.55
protocols.relax.FastRelax: CMD: endrepeat  -239.378  0.300108  0.300108  0.55
protocols.relax.FastRelax: CMD: coord_cst_weight  -239.378  0.300108  0.300108  0.55
protocols.relax.FastRelax: CMD: scale:fa_rep  -278.718  0.300108  0.300108  0.022
core.pack.task: Packer task: initialize from command line() 
core.pack.pack_rotamers: built 1083 rotamers at 75 positions.
core.pack.interaction_graph.interaction_graph_factory: Instantiating DensePDInteractionGraph
protocols.relax.FastRelax: CMD: repack  -282.363  0.300108  0.300108  0.022
protocols.relax.FastRelax: CMD: scale:fa_rep  -280.98  0.300108  0.300108  0.02805
protocols.relax.FastRelax: CMD: min  -351.407  0.851144  0.851144  0.02805
protocols.relax.FastRelax: CMD: coord_cst_weight  -351.407  0.851144  0.851144  0.02805
protocols.relax.FastRelax: CMD: scale:fa_rep  -204.336  0.851144  0.851144  0.14575
core.pack.task: Packer task: initialize from command line() 
core.pack.pack_rotamers: built 985 rotamers at 75 positions.
core.pack.interaction_graph.interaction_graph_factory: Instantiating DensePDInteractionGraph
protocols.relax.FastRelax: CMD: repack  -204.435  0.851144  0.851144  0.14575
protocols.relax.FastRelax: CMD: scale:fa_rep  -194.248  0.851144  0.851144  0.154
protocols.relax.FastRelax: CMD: min  -290.811  0.58889  0.58889  0.154
protocols.relax.FastRelax: CMD: coord_cst_weight  -290.811  0.58889  0.58889  0.154
protocols.relax.FastRelax: CMD: scale:fa_rep  -252.562  0.58889  0.58889  0.30745
core.pack.task: Packer task: initialize from command line() 
core.pack.pack_rotamers: built 927 rotamers at 75 positions.
core.pack.interaction_graph.interaction_graph_factory: Instantiating DensePDInteractionGraph
protocols.relax.FastRelax: CMD: repack  -252.562  0.58889  0.58889  0.30745
protocols.relax.FastRelax: CMD: scale:fa_rep  -249.546  0.58889  0.58889  0.31955
protocols.relax.FastRelax: CMD: min  -263.423  0.465026  0.465026  0.31955
protocols.relax.FastRelax: CMD: coord_cst_weight  -263.423  0.465026  0.465026  0.31955
protocols.relax.FastRelax: CMD: scale:fa_rep  -235.099  0.465026  0.465026  0.55
core.pack.task: Packer task: initialize from command line() 
core.pack.pack_rotamers: built 926 rotamers at 75 positions.
core.pack.interaction_graph.interaction_graph_factory: Instantiating DensePDInteractionGraph
protocols.relax.FastRelax: CMD: repack  -235.099  0.465026  0.465026  0.55
protocols.relax.FastRelax: CMD: min  -241.61  0.424874  0.424874  0.55
protocols.relax.FastRelax: MRP: 5  -241.61  -241.61  0.424874  0.424874  
protocols.relax.FastRelax: CMD: accept_to_best  -241.61  0.424874  0.424874  0.55
protocols.relax.FastRelax: CMD: endrepeat  -241.61  0.424874  0.424874  0.55
protocols.relax.FastRelax: CMD: coord_cst_weight  -241.61  0.424874  0.424874  0.55
protocols.relax.FastRelax: CMD: scale:fa_rep  -282.368  0.424874  0.424874  0.022
core.pack.task: Packer task: initialize from command line() 
core.pack.pack_rotamers: built 1068 rotamers at 75 positions.
core.pack.interaction_graph.interaction_graph_factory: Instantiating DensePDInteractionGraph
protocols.relax.FastRelax: CMD: repack  -287.307  0.424874  0.424874  0.022
protocols.relax.FastRelax: CMD: scale:fa_rep  -286.097  0.424874  0.424874  0.02805
protocols.relax.FastRelax: CMD: min  -352.359  0.842259  0.842259  0.02805
protocols.relax.FastRelax: CMD: coord_cst_weight  -352.359  0.842259  0.842259  0.02805
protocols.relax.FastRelax: CMD: scale:fa_rep  -208.338  0.842259  0.842259  0.14575
core.pack.task: Packer task: initialize from command line() 
core.pack.pack_rotamers: built 981 rotamers at 75 positions.
core.pack.interaction_graph.interaction_graph_factory: Instantiating DensePDInteractionGraph
protocols.relax.FastRelax: CMD: repack  -208.848  0.842259  0.842259  0.14575
protocols.relax.FastRelax: CMD: scale:fa_rep  -198.814  0.842259  0.842259  0.154
protocols.relax.FastRelax: CMD: min  -293.561  0.579304  0.579304  0.154
protocols.relax.FastRelax: CMD: coord_cst_weight  -293.561  0.579304  0.579304  0.154
protocols.relax.FastRelax: CMD: scale:fa_rep  -255.71  0.579304  0.579304  0.30745
core.pack.task: Packer task: initialize from command line() 
core.pack.pack_rotamers: built 931 rotamers at 75 positions.
core.pack.interaction_graph.interaction_graph_factory: Instantiating DensePDInteractionGraph
protocols.relax.FastRelax: CMD: repack  -255.71  0.579304  0.579304  0.30745
protocols.relax.FastRelax: CMD: scale:fa_rep  -252.726  0.579304  0.579304  0.31955
protocols.relax.FastRelax: CMD: min  -265.822  0.483168  0.483168  0.31955
protocols.relax.FastRelax: CMD: coord_cst_weight  -265.822  0.483168  0.483168  0.31955
protocols.relax.FastRelax: CMD: scale:fa_rep  -237.49  0.483168  0.483168  0.55
core.pack.task: Packer task: initialize from command line() 
core.pack.pack_rotamers: built 921 rotamers at 75 positions.
core.pack.interaction_graph.interaction_graph_factory: Instantiating DensePDInteractionGraph
protocols.relax.FastRelax: CMD: repack  -237.49  0.483168  0.483168  0.55
protocols.relax.FastRelax: CMD: min  -243.981  0.451665  0.451665  0.55
protocols.relax.FastRelax: MRP: 6  -243.981  -243.981  0.451665  0.451665  
protocols.relax.FastRelax: CMD: accept_to_best  -243.981  0.451665  0.451665  0.55
protocols.relax.FastRelax: CMD: endrepeat  -243.981  0.451665  0.451665  0.55
protocols.relax.FastRelax: CMD: coord_cst_weight  -243.981  0.451665  0.451665  0.55
protocols.relax.FastRelax: CMD: scale:fa_rep  -284.97  0.451665  0.451665  0.022
core.pack.task: Packer task: initialize from command line() 
core.pack.pack_rotamers: built 1067 rotamers at 75 positions.
core.pack.interaction_graph.interaction_graph_factory: Instantiating DensePDInteractionGraph
protocols.relax.FastRelax: CMD: repack  -288.348  0.451665  0.451665  0.022
protocols.relax.FastRelax: CMD: scale:fa_rep  -287.147  0.451665  0.451665  0.02805
protocols.relax.FastRelax: CMD: min  -354.051  0.864545  0.864545  0.02805
protocols.relax.FastRelax: CMD: coord_cst_weight  -354.051  0.864545  0.864545  0.02805
protocols.relax.FastRelax: CMD: scale:fa_rep  -207.759  0.864545  0.864545  0.14575
core.pack.task: Packer task: initialize from command line() 
core.pack.pack_rotamers: built 965 rotamers at 75 positions.
core.pack.interaction_graph.interaction_graph_factory: Instantiating DensePDInteractionGraph
protocols.relax.FastRelax: CMD: repack  -208.241  0.864545  0.864545  0.14575
protocols.relax.FastRelax: CMD: scale:fa_rep  -198.054  0.864545  0.864545  0.154
protocols.relax.FastRelax: CMD: min  -294.071  0.588025  0.588025  0.154
protocols.relax.FastRelax: CMD: coord_cst_weight  -294.071  0.588025  0.588025  0.154
protocols.relax.FastRelax: CMD: scale:fa_rep  -256.522  0.588025  0.588025  0.30745
core.pack.task: Packer task: initialize from command line() 
core.pack.pack_rotamers: built 934 rotamers at 75 positions.
core.pack.interaction_graph.interaction_graph_factory: Instantiating DensePDInteractionGraph
protocols.relax.FastRelax: CMD: repack  -256.522  0.588025  0.588025  0.30745
protocols.relax.FastRelax: CMD: scale:fa_rep  -253.561  0.588025  0.588025  0.31955
protocols.relax.FastRelax: CMD: min  -266.567  0.492457  0.492457  0.31955
protocols.relax.FastRelax: CMD: coord_cst_weight  -266.567  0.492457  0.492457  0.31955
protocols.relax.FastRelax: CMD: scale:fa_rep  -238.574  0.492457  0.492457  0.55
core.pack.task: Packer task: initialize from command line() 
core.pack.pack_rotamers: built 924 rotamers at 75 positions.
core.pack.interaction_graph.interaction_graph_factory: Instantiating DensePDInteractionGraph
protocols.relax.FastRelax: CMD: repack  -238.574  0.492457  0.492457  0.55
protocols.relax.FastRelax: CMD: min  -244.829  0.460728  0.460728  0.55
protocols.relax.FastRelax: MRP: 7  -244.829  -244.829  0.460728  0.460728  
protocols.relax.FastRelax: CMD: accept_to_best  -244.829  0.460728  0.460728  0.55
protocols.relax.FastRelax: CMD: endrepeat  -244.829  0.460728  0.460728  0.55
protocols.relax.FastRelax: CMD: coord_cst_weight  -244.829  0.460728  0.460728  0.55
protocols.relax.FastRelax: CMD: scale:fa_rep  -285.427  0.460728  0.460728  0.022
core.pack.task: Packer task: initialize from command line() 
core.pack.pack_rotamers: built 1071 rotamers at 75 positions.
core.pack.interaction_graph.interaction_graph_factory: Instantiating DensePDInteractionGraph
protocols.relax.FastRelax: CMD: repack  -288.993  0.460728  0.460728  0.022
protocols.relax.FastRelax: CMD: scale:fa_rep  -287.83  0.460728  0.460728  0.02805
protocols.relax.FastRelax: CMD: min  -354.23  0.874947  0.874947  0.02805
protocols.relax.FastRelax: CMD: coord_cst_weight  -354.23  0.874947  0.874947  0.02805
protocols.relax.FastRelax: CMD: scale:fa_rep  -207.319  0.874947  0.874947  0.14575
core.pack.task: Packer task: initialize from command line() 
core.pack.pack_rotamers: built 968 rotamers at 75 positions.
core.pack.interaction_graph.interaction_graph_factory: Instantiating DensePDInteractionGraph
protocols.relax.FastRelax: CMD: repack  -207.768  0.874947  0.874947  0.14575
protocols.relax.FastRelax: CMD: scale:fa_rep  -197.62  0.874947  0.874947  0.154
protocols.relax.FastRelax: CMD: min  -294.082  0.58881  0.58881  0.154
protocols.relax.FastRelax: CMD: coord_cst_weight  -294.082  0.58881  0.58881  0.154
protocols.relax.FastRelax: CMD: scale:fa_rep  -256.446  0.58881  0.58881  0.30745
core.pack.task: Packer task: initialize from command line() 
core.pack.pack_rotamers: built 934 rotamers at 75 positions.
core.pack.interaction_graph.interaction_graph_factory: Instantiating DensePDInteractionGraph
protocols.relax.FastRelax: CMD: repack  -256.446  0.58881  0.58881  0.30745
protocols.relax.FastRelax: CMD: scale:fa_rep  -253.479  0.58881  0.58881  0.31955
protocols.relax.FastRelax: CMD: min  -266.568  0.491334  0.491334  0.31955
protocols.relax.FastRelax: CMD: coord_cst_weight  -266.568  0.491334  0.491334  0.31955
protocols.relax.FastRelax: CMD: scale:fa_rep  -238.559  0.491334  0.491334  0.55
core.pack.task: Packer task: initialize from command line() 
core.pack.pack_rotamers: built 923 rotamers at 75 positions.
core.pack.interaction_graph.interaction_graph_factory: Instantiating DensePDInteractionGraph
protocols.relax.FastRelax: CMD: repack  -238.559  0.491334  0.491334  0.55
protocols.relax.FastRelax: CMD: min  -244.846  0.459904  0.459904  0.55
protocols.relax.FastRelax: MRP: 8  -244.846  -244.846  0.459904  0.459904  
protocols.relax.FastRelax: CMD: accept_to_best  -244.846  0.459904  0.459904  0.55
protocols.relax.FastRelax: CMD: endrepeat  -244.846  0.459904  0.459904  0.55
protocols.relax.FastRelax: CMD: coord_cst_weight  -244.846  0.459904  0.459904  0.55
protocols.relax.FastRelax: CMD: scale:fa_rep  -285.458  0.459904  0.459904  0.022
core.pack.task: Packer task: initialize from command line() 
core.pack.pack_rotamers: built 1071 rotamers at 75 positions.
core.pack.interaction_graph.interaction_graph_factory: Instantiating DensePDInteractionGraph
protocols.relax.FastRelax: CMD: repack  -288.901  0.459904  0.459904  0.022
protocols.relax.FastRelax: CMD: scale:fa_rep  -287.654  0.459904  0.459904  0.02805
protocols.relax.FastRelax: CMD: min  -354.217  0.873217  0.873217  0.02805
protocols.relax.FastRelax: CMD: coord_cst_weight  -354.217  0.873217  0.873217  0.02805
protocols.relax.FastRelax: CMD: scale:fa_rep  -207.48  0.873217  0.873217  0.14575
core.pack.task: Packer task: initialize from command line() 
core.pack.pack_rotamers: built 969 rotamers at 75 positions.
core.pack.interaction_graph.interaction_graph_factory: Instantiating DensePDInteractionGraph
protocols.relax.FastRelax: CMD: repack  -207.931  0.873217  0.873217  0.14575
protocols.relax.FastRelax: CMD: scale:fa_rep  -197.744  0.873217  0.873217  0.154
protocols.relax.FastRelax: CMD: min  -293.983  0.58914  0.58914  0.154
protocols.relax.FastRelax: CMD: coord_cst_weight  -293.983  0.58914  0.58914  0.154
protocols.relax.FastRelax: CMD: scale:fa_rep  -256.404  0.58914  0.58914  0.30745
core.pack.task: Packer task: initialize from command line() 
core.pack.pack_rotamers: built 941 rotamers at 75 positions.
core.pack.interaction_graph.interaction_graph_factory: Instantiating DensePDInteractionGraph
protocols.relax.FastRelax: CMD: repack  -256.404  0.58914  0.58914  0.30745
protocols.relax.FastRelax: CMD: scale:fa_rep  -253.441  0.58914  0.58914  0.31955
protocols.relax.FastRelax: CMD: min  -266.586  0.489838  0.489838  0.31955
protocols.relax.FastRelax: CMD: coord_cst_weight  -266.586  0.489838  0.489838  0.31955
protocols.relax.FastRelax: CMD: scale:fa_rep  -238.511  0.489838  0.489838  0.55
core.pack.task: Packer task: initialize from command line() 
core.pack.pack_rotamers: built 923 rotamers at 75 positions.
core.pack.interaction_graph.interaction_graph_factory: Instantiating DensePDInteractionGraph
protocols.relax.FastRelax: CMD: repack  -238.511  0.489838  0.489838  0.55
protocols.relax.FastRelax: CMD: min  -244.866  0.457745  0.457745  0.55
protocols.relax.FastRelax: MRP: 9  -244.866  -244.866  0.457745  0.457745  
protocols.relax.FastRelax: CMD: accept_to_best  -244.866  0.457745  0.457745  0.55
protocols.relax.FastRelax: CMD: endrepeat  -244.866  0.457745  0.457745  0.55
protocols::checkpoint: Deleting checkpoints of FastRelax
protocols.rosetta_scripts.ParsedProtocol: setting status to success
protocols.jd2.JobDistributor: flags_relax_v3_nstruct_10_structure_0009 reported success in 137 seconds
protocols.jd2.PDBJobInputter: PDBJobInputter::pose_from_job
protocols.jd2.PDBJobInputter: filling pose from saved copy structure.pdb
protocols.jd2.PDBJobInputter: PDBJobInputter::pose_from_job
protocols.jd2.PDBJobInputter: filling pose from PDB structure.pdb
core.import_pose.import_pose: File 'structure.pdb' automatically determined to be of type PDB from contents.
protocols.rosetta_scripts.ParsedProtocol: =======================BEGIN MOVER MutateResidue - mutant=======================
protocols.rosetta_scripts.ParsedProtocol: =======================BEGIN MOVER FastRelax - relax=======================
core.energy_methods.CartesianBondedEnergy: Creating new peptide-bonded energy container (75)
protocols.relax.FastRelax: CMD: repeat  -173.549  0  0  0.55
protocols.relax.FastRelax: CMD: coord_cst_weight  -173.549  0  0  0.55
protocols.relax.FastRelax: CMD: scale:fa_rep  -217.971  0  0  0.022
core.pack.task: Packer task: initialize from command line() 
core.pack.pack_rotamers: built 1065 rotamers at 75 positions.
core.pack.interaction_graph.interaction_graph_factory: Instantiating DensePDInteractionGraph
protocols.relax.FastRelax: CMD: repack  -258.505  0  0  0.022
protocols.relax.FastRelax: CMD: scale:fa_rep  -256.263  0  0  0.02805
protocols.relax.FastRelax: CMD: min  -347.807  0.81664  0.81664  0.02805
protocols.relax.FastRelax: CMD: coord_cst_weight  -347.807  0.81664  0.81664  0.02805
protocols.relax.FastRelax: CMD: scale:fa_rep  -201.676  0.81664  0.81664  0.14575
core.pack.task: Packer task: initialize from command line() 
core.pack.pack_rotamers: built 981 rotamers at 75 positions.
core.pack.interaction_graph.interaction_graph_factory: Instantiating DensePDInteractionGraph
protocols.relax.FastRelax: CMD: repack  -202.489  0.81664  0.81664  0.14575
protocols.relax.FastRelax: CMD: scale:fa_rep  -192.36  0.81664  0.81664  0.154
protocols.relax.FastRelax: CMD: min  -292.328  0.54976  0.54976  0.154
protocols.relax.FastRelax: CMD: coord_cst_weight  -292.328  0.54976  0.54976  0.154
protocols.relax.FastRelax: CMD: scale:fa_rep  -254.486  0.54976  0.54976  0.30745
core.pack.task: Packer task: initialize from command line() 
core.pack.pack_rotamers: built 959 rotamers at 75 positions.
core.pack.interaction_graph.interaction_graph_factory: Instantiating DensePDInteractionGraph
protocols.relax.FastRelax: CMD: repack  -254.486  0.54976  0.54976  0.30745
protocols.relax.FastRelax: CMD: scale:fa_rep  -251.502  0.54976  0.54976  0.31955
protocols.relax.FastRelax: CMD: min  -264.649  0.464228  0.464228  0.31955
protocols.relax.FastRelax: CMD: coord_cst_weight  -264.649  0.464228  0.464228  0.31955
protocols.relax.FastRelax: CMD: scale:fa_rep  -235.982  0.464228  0.464228  0.55
core.pack.task: Packer task: initialize from command line() 
core.pack.pack_rotamers: built 944 rotamers at 75 positions.
core.pack.interaction_graph.interaction_graph_factory: Instantiating DensePDInteractionGraph
protocols.relax.FastRelax: CMD: repack  -235.982  0.464228  0.464228  0.55
protocols.relax.FastRelax: CMD: min  -242.755  0.41702  0.41702  0.55
protocols.relax.FastRelax: MRP: 0  -242.755  -242.755  0.41702  0.41702  
protocols.relax.FastRelax: CMD: accept_to_best  -242.755  0.41702  0.41702  0.55
protocols.relax.FastRelax: CMD: endrepeat  -242.755  0.41702  0.41702  0.55
protocols.relax.FastRelax: CMD: coord_cst_weight  -242.755  0.41702  0.41702  0.55
protocols.relax.FastRelax: CMD: scale:fa_rep  -283.5  0.41702  0.41702  0.022
core.pack.task: Packer task: initialize from command line() 
core.pack.pack_rotamers: built 1090 rotamers at 75 positions.
core.pack.interaction_graph.interaction_graph_factory: Instantiating DensePDInteractionGraph
protocols.relax.FastRelax: CMD: repack  -287.151  0.41702  0.41702  0.022
protocols.relax.FastRelax: CMD: scale:fa_rep  -285.836  0.41702  0.41702  0.02805
protocols.relax.FastRelax: CMD: min  -353.079  0.863539  0.863539  0.02805
protocols.relax.FastRelax: CMD: coord_cst_weight  -353.079  0.863539  0.863539  0.02805
protocols.relax.FastRelax: CMD: scale:fa_rep  -204.112  0.863539  0.863539  0.14575
core.pack.task: Packer task: initialize from command line() 
core.pack.pack_rotamers: built 991 rotamers at 75 positions.
core.pack.interaction_graph.interaction_graph_factory: Instantiating DensePDInteractionGraph
protocols.relax.FastRelax: CMD: repack  -204.511  0.863539  0.863539  0.14575
protocols.relax.FastRelax: CMD: scale:fa_rep  -194.256  0.863539  0.863539  0.154
protocols.relax.FastRelax: CMD: min  -293.735  0.58382  0.58382  0.154
protocols.relax.FastRelax: CMD: coord_cst_weight  -293.735  0.58382  0.58382  0.154
protocols.relax.FastRelax: CMD: scale:fa_rep  -255.79  0.58382  0.58382  0.30745
core.pack.task: Packer task: initialize from command line() 
core.pack.pack_rotamers: built 938 rotamers at 75 positions.
core.pack.interaction_graph.interaction_graph_factory: Instantiating DensePDInteractionGraph
protocols.relax.FastRelax: CMD: repack  -255.79  0.58382  0.58382  0.30745
protocols.relax.FastRelax: CMD: scale:fa_rep  -252.798  0.58382  0.58382  0.31955
protocols.relax.FastRelax: CMD: min  -265.924  0.479706  0.479706  0.31955
protocols.relax.FastRelax: CMD: coord_cst_weight  -265.924  0.479706  0.479706  0.31955
protocols.relax.FastRelax: CMD: scale:fa_rep  -237.383  0.479706  0.479706  0.55
core.pack.task: Packer task: initialize from command line() 
core.pack.pack_rotamers: built 927 rotamers at 75 positions.
core.pack.interaction_graph.interaction_graph_factory: Instantiating DensePDInteractionGraph
protocols.relax.FastRelax: CMD: repack  -237.383  0.479706  0.479706  0.55
protocols.relax.FastRelax: CMD: min  -243.977  0.440797  0.440797  0.55
protocols.relax.FastRelax: MRP: 1  -243.977  -243.977  0.440797  0.440797  
protocols.relax.FastRelax: CMD: accept_to_best  -243.977  0.440797  0.440797  0.55
protocols.relax.FastRelax: CMD: endrepeat  -243.977  0.440797  0.440797  0.55
protocols.relax.FastRelax: CMD: coord_cst_weight  -243.977  0.440797  0.440797  0.55
protocols.relax.FastRelax: CMD: scale:fa_rep  -285.035  0.440797  0.440797  0.022
core.pack.task: Packer task: initialize from command line() 
core.pack.pack_rotamers: built 1072 rotamers at 75 positions.
core.pack.interaction_graph.interaction_graph_factory: Instantiating DensePDInteractionGraph
protocols.relax.FastRelax: CMD: repack  -288.648  0.440797  0.440797  0.022
protocols.relax.FastRelax: CMD: scale:fa_rep  -287.535  0.440797  0.440797  0.02805
protocols.relax.FastRelax: CMD: min  -353.483  0.831844  0.831844  0.02805
protocols.relax.FastRelax: CMD: coord_cst_weight  -353.483  0.831844  0.831844  0.02805
protocols.relax.FastRelax: CMD: scale:fa_rep  -209.517  0.831844  0.831844  0.14575
core.pack.task: Packer task: initialize from command line() 
core.pack.pack_rotamers: built 977 rotamers at 75 positions.
core.pack.interaction_graph.interaction_graph_factory: Instantiating DensePDInteractionGraph
protocols.relax.FastRelax: CMD: repack  -210.015  0.831844  0.831844  0.14575
protocols.relax.FastRelax: CMD: scale:fa_rep  -200.019  0.831844  0.831844  0.154
protocols.relax.FastRelax: CMD: min  -293.772  0.582801  0.582801  0.154
protocols.relax.FastRelax: CMD: coord_cst_weight  -293.772  0.582801  0.582801  0.154
protocols.relax.FastRelax: CMD: scale:fa_rep  -255.725  0.582801  0.582801  0.30745
core.pack.task: Packer task: initialize from command line() 
core.pack.pack_rotamers: built 935 rotamers at 75 positions.
core.pack.interaction_graph.interaction_graph_factory: Instantiating DensePDInteractionGraph
protocols.relax.FastRelax: CMD: repack  -255.725  0.582801  0.582801  0.30745
protocols.relax.FastRelax: CMD: scale:fa_rep  -252.725  0.582801  0.582801  0.31955
protocols.relax.FastRelax: CMD: min  -265.947  0.478172  0.478172  0.31955
protocols.relax.FastRelax: CMD: coord_cst_weight  -265.947  0.478172  0.478172  0.31955
protocols.relax.FastRelax: CMD: scale:fa_rep  -237.363  0.478172  0.478172  0.55
core.pack.task: Packer task: initialize from command line() 
core.pack.pack_rotamers: built 929 rotamers at 75 positions.
core.pack.interaction_graph.interaction_graph_factory: Instantiating DensePDInteractionGraph
protocols.relax.FastRelax: CMD: repack  -237.363  0.478172  0.478172  0.55
protocols.relax.FastRelax: CMD: min  -244.011  0.440156  0.440156  0.55
protocols.relax.FastRelax: MRP: 2  -244.011  -244.011  0.440156  0.440156  
protocols.relax.FastRelax: CMD: accept_to_best  -244.011  0.440156  0.440156  0.55
protocols.relax.FastRelax: CMD: endrepeat  -244.011  0.440156  0.440156  0.55
protocols.relax.FastRelax: CMD: coord_cst_weight  -244.011  0.440156  0.440156  0.55
protocols.relax.FastRelax: CMD: scale:fa_rep  -285.01  0.440156  0.440156  0.022
core.pack.task: Packer task: initialize from command line() 
core.pack.pack_rotamers: built 1072 rotamers at 75 positions.
core.pack.interaction_graph.interaction_graph_factory: Instantiating DensePDInteractionGraph
protocols.relax.FastRelax: CMD: repack  -288.669  0.440156  0.440156  0.022
protocols.relax.FastRelax: CMD: scale:fa_rep  -287.425  0.440156  0.440156  0.02805
protocols.relax.FastRelax: CMD: min  -353.477  0.831668  0.831668  0.02805
protocols.relax.FastRelax: CMD: coord_cst_weight  -353.477  0.831668  0.831668  0.02805
protocols.relax.FastRelax: CMD: scale:fa_rep  -209.788  0.831668  0.831668  0.14575
core.pack.task: Packer task: initialize from command line() 
core.pack.pack_rotamers: built 978 rotamers at 75 positions.
core.pack.interaction_graph.interaction_graph_factory: Instantiating DensePDInteractionGraph
protocols.relax.FastRelax: CMD: repack  -210.254  0.831668  0.831668  0.14575
protocols.relax.FastRelax: CMD: scale:fa_rep  -200.274  0.831668  0.831668  0.154
protocols.relax.FastRelax: CMD: min  -293.642  0.583705  0.583705  0.154
protocols.relax.FastRelax: CMD: coord_cst_weight  -293.642  0.583705  0.583705  0.154
protocols.relax.FastRelax: CMD: scale:fa_rep  -255.492  0.583705  0.583705  0.30745
core.pack.task: Packer task: initialize from command line() 
core.pack.pack_rotamers: built 937 rotamers at 75 positions.
core.pack.interaction_graph.interaction_graph_factory: Instantiating DensePDInteractionGraph
protocols.relax.FastRelax: CMD: repack  -255.492  0.583705  0.583705  0.30745
protocols.relax.FastRelax: CMD: scale:fa_rep  -252.483  0.583705  0.583705  0.31955
protocols.relax.FastRelax: CMD: min  -265.945  0.478555  0.478555  0.31955
protocols.relax.FastRelax: CMD: coord_cst_weight  -265.945  0.478555  0.478555  0.31955
protocols.relax.FastRelax: CMD: scale:fa_rep  -237.412  0.478555  0.478555  0.55
core.pack.task: Packer task: initialize from command line() 
core.pack.pack_rotamers: built 930 rotamers at 75 positions.
core.pack.interaction_graph.interaction_graph_factory: Instantiating DensePDInteractionGraph
protocols.relax.FastRelax: CMD: repack  -237.412  0.478555  0.478555  0.55
protocols.relax.FastRelax: CMD: min  -244.006  0.440773  0.440773  0.55
protocols.relax.FastRelax: MRP: 3  -244.006  -244.011  0.440156  0.440156  
protocols.relax.FastRelax: CMD: accept_to_best  -244.006  0.440773  0.440773  0.55
protocols.relax.FastRelax: CMD: endrepeat  -244.006  0.440773  0.440773  0.55
protocols.relax.FastRelax: CMD: coord_cst_weight  -244.006  0.440773  0.440773  0.55
protocols.relax.FastRelax: CMD: scale:fa_rep  -285.125  0.440773  0.440773  0.022
core.pack.task: Packer task: initialize from command line() 
core.pack.pack_rotamers: built 1071 rotamers at 75 positions.
core.pack.interaction_graph.interaction_graph_factory: Instantiating DensePDInteractionGraph
protocols.relax.FastRelax: CMD: repack  -288.771  0.440773  0.440773  0.022
protocols.relax.FastRelax: CMD: scale:fa_rep  -287.666  0.440773  0.440773  0.02805
protocols.relax.FastRelax: CMD: min  -353.668  0.837454  0.837454  0.02805
protocols.relax.FastRelax: CMD: coord_cst_weight  -353.668  0.837454  0.837454  0.02805
protocols.relax.FastRelax: CMD: scale:fa_rep  -208.736  0.837454  0.837454  0.14575
core.pack.task: Packer task: initialize from command line() 
core.pack.pack_rotamers: built 979 rotamers at 75 positions.
core.pack.interaction_graph.interaction_graph_factory: Instantiating DensePDInteractionGraph
protocols.relax.FastRelax: CMD: repack  -209.242  0.837454  0.837454  0.14575
protocols.relax.FastRelax: CMD: scale:fa_rep  -199.18  0.837454  0.837454  0.154
protocols.relax.FastRelax: CMD: min  -293.688  0.579807  0.579807  0.154
protocols.relax.FastRelax: CMD: coord_cst_weight  -293.688  0.579807  0.579807  0.154
protocols.relax.FastRelax: CMD: scale:fa_rep  -255.87  0.579807  0.579807  0.30745
core.pack.task: Packer task: initialize from command line() 
core.pack.pack_rotamers: built 939 rotamers at 75 positions.
core.pack.interaction_graph.interaction_graph_factory: Instantiating DensePDInteractionGraph
protocols.relax.FastRelax: CMD: repack  -255.87  0.579807  0.579807  0.30745
protocols.relax.FastRelax: CMD: scale:fa_rep  -252.888  0.579807  0.579807  0.31955
protocols.relax.FastRelax: CMD: min  -265.809  0.487363  0.487363  0.31955
protocols.relax.FastRelax: CMD: coord_cst_weight  -265.809  0.487363  0.487363  0.31955
protocols.relax.FastRelax: CMD: scale:fa_rep  -237.179  0.487363  0.487363  0.55
core.pack.task: Packer task: initialize from command line() 
core.pack.pack_rotamers: built 927 rotamers at 75 positions.
core.pack.interaction_graph.interaction_graph_factory: Instantiating DensePDInteractionGraph
protocols.relax.FastRelax: CMD: repack  -237.179  0.487363  0.487363  0.55
protocols.relax.FastRelax: CMD: min  -243.98  0.442048  0.442048  0.55
protocols.relax.FastRelax: MRP: 4  -243.98  -244.011  0.440156  0.440156  
protocols.relax.FastRelax: CMD: accept_to_best  -243.98  0.442048  0.442048  0.55
protocols.relax.FastRelax: CMD: endrepeat  -243.98  0.442048  0.442048  0.55
protocols.relax.FastRelax: CMD: coord_cst_weight  -243.98  0.442048  0.442048  0.55
protocols.relax.FastRelax: CMD: scale:fa_rep  -284.912  0.442048  0.442048  0.022
core.pack.task: Packer task: initialize from command line() 
core.pack.pack_rotamers: built 1070 rotamers at 75 positions.
core.pack.interaction_graph.interaction_graph_factory: Instantiating DensePDInteractionGraph
protocols.relax.FastRelax: CMD: repack  -288.57  0.442048  0.442048  0.022
protocols.relax.FastRelax: CMD: scale:fa_rep  -287.477  0.442048  0.442048  0.02805
protocols.relax.FastRelax: CMD: min  -353.641  0.837854  0.837854  0.02805
protocols.relax.FastRelax: CMD: coord_cst_weight  -353.641  0.837854  0.837854  0.02805
protocols.relax.FastRelax: CMD: scale:fa_rep  -208.923  0.837854  0.837854  0.14575
core.pack.task: Packer task: initialize from command line() 
core.pack.pack_rotamers: built 980 rotamers at 75 positions.
core.pack.interaction_graph.interaction_graph_factory: Instantiating DensePDInteractionGraph
protocols.relax.FastRelax: CMD: repack  -209.483  0.837854  0.837854  0.14575
protocols.relax.FastRelax: CMD: scale:fa_rep  -199.439  0.837854  0.837854  0.154
protocols.relax.FastRelax: CMD: min  -293.739  0.580937  0.580937  0.154
protocols.relax.FastRelax: CMD: coord_cst_weight  -293.739  0.580937  0.580937  0.154
protocols.relax.FastRelax: CMD: scale:fa_rep  -255.758  0.580937  0.580937  0.30745
core.pack.task: Packer task: initialize from command line() 
core.pack.pack_rotamers: built 938 rotamers at 75 positions.
core.pack.interaction_graph.interaction_graph_factory: Instantiating DensePDInteractionGraph
protocols.relax.FastRelax: CMD: repack  -255.758  0.580937  0.580937  0.30745
protocols.relax.FastRelax: CMD: scale:fa_rep  -252.763  0.580937  0.580937  0.31955
protocols.relax.FastRelax: CMD: min  -265.932  0.477711  0.477711  0.31955
protocols.relax.FastRelax: CMD: coord_cst_weight  -265.932  0.477711  0.477711  0.31955
protocols.relax.FastRelax: CMD: scale:fa_rep  -237.535  0.477711  0.477711  0.55
core.pack.task: Packer task: initialize from command line() 
core.pack.pack_rotamers: built 928 rotamers at 75 positions.
core.pack.interaction_graph.interaction_graph_factory: Instantiating DensePDInteractionGraph
protocols.relax.FastRelax: CMD: repack  -237.535  0.477711  0.477711  0.55
protocols.relax.FastRelax: CMD: min  -244.011  0.440532  0.440532  0.55
protocols.relax.FastRelax: MRP: 5  -244.011  -244.011  0.440532  0.440532  
protocols.relax.FastRelax: CMD: accept_to_best  -244.011  0.440532  0.440532  0.55
protocols.relax.FastRelax: CMD: endrepeat  -244.011  0.440532  0.440532  0.55
protocols.relax.FastRelax: CMD: coord_cst_weight  -244.011  0.440532  0.440532  0.55
protocols.relax.FastRelax: CMD: scale:fa_rep  -284.975  0.440532  0.440532  0.022
core.pack.task: Packer task: initialize from command line() 
core.pack.pack_rotamers: built 1071 rotamers at 75 positions.
core.pack.interaction_graph.interaction_graph_factory: Instantiating DensePDInteractionGraph
protocols.relax.FastRelax: CMD: repack  -288.62  0.440532  0.440532  0.022
protocols.relax.FastRelax: CMD: scale:fa_rep  -287.516  0.440532  0.440532  0.02805
protocols.relax.FastRelax: CMD: min  -353.597  0.836027  0.836027  0.02805
protocols.relax.FastRelax: CMD: coord_cst_weight  -353.597  0.836027  0.836027  0.02805
protocols.relax.FastRelax: CMD: scale:fa_rep  -209.035  0.836027  0.836027  0.14575
core.pack.task: Packer task: initialize from command line() 
core.pack.pack_rotamers: built 979 rotamers at 75 positions.
core.pack.interaction_graph.interaction_graph_factory: Instantiating DensePDInteractionGraph
protocols.relax.FastRelax: CMD: repack  -209.579  0.836027  0.836027  0.14575
protocols.relax.FastRelax: CMD: scale:fa_rep  -199.544  0.836027  0.836027  0.154
protocols.relax.FastRelax: CMD: min  -293.739  0.581429  0.581429  0.154
protocols.relax.FastRelax: CMD: coord_cst_weight  -293.739  0.581429  0.581429  0.154
protocols.relax.FastRelax: CMD: scale:fa_rep  -255.755  0.581429  0.581429  0.30745
core.pack.task: Packer task: initialize from command line() 
core.pack.pack_rotamers: built 938 rotamers at 75 positions.
core.pack.interaction_graph.interaction_graph_factory: Instantiating DensePDInteractionGraph
protocols.relax.FastRelax: CMD: repack  -255.755  0.581429  0.581429  0.30745
protocols.relax.FastRelax: CMD: scale:fa_rep  -252.76  0.581429  0.581429  0.31955
protocols.relax.FastRelax: CMD: min  -265.943  0.478536  0.478536  0.31955
protocols.relax.FastRelax: CMD: coord_cst_weight  -265.943  0.478536  0.478536  0.31955
protocols.relax.FastRelax: CMD: scale:fa_rep  -237.45  0.478536  0.478536  0.55
core.pack.task: Packer task: initialize from command line() 
core.pack.pack_rotamers: built 928 rotamers at 75 positions.
core.pack.interaction_graph.interaction_graph_factory: Instantiating DensePDInteractionGraph
protocols.relax.FastRelax: CMD: repack  -237.45  0.478536  0.478536  0.55
protocols.relax.FastRelax: CMD: min  -243.992  0.442414  0.442414  0.55
protocols.relax.FastRelax: MRP: 6  -243.992  -244.011  0.440532  0.440532  
protocols.relax.FastRelax: CMD: accept_to_best  -243.992  0.442414  0.442414  0.55
protocols.relax.FastRelax: CMD: endrepeat  -243.992  0.442414  0.442414  0.55
protocols.relax.FastRelax: CMD: coord_cst_weight  -243.992  0.442414  0.442414  0.55
protocols.relax.FastRelax: CMD: scale:fa_rep  -285.33  0.442414  0.442414  0.022
core.pack.task: Packer task: initialize from command line() 
core.pack.pack_rotamers: built 1070 rotamers at 75 positions.
core.pack.interaction_graph.interaction_graph_factory: Instantiating DensePDInteractionGraph
protocols.relax.FastRelax: CMD: repack  -288.974  0.442414  0.442414  0.022
protocols.relax.FastRelax: CMD: scale:fa_rep  -287.867  0.442414  0.442414  0.02805
protocols.relax.FastRelax: CMD: min  -353.559  0.835241  0.835241  0.02805
protocols.relax.FastRelax: CMD: coord_cst_weight  -353.559  0.835241  0.835241  0.02805
protocols.relax.FastRelax: CMD: scale:fa_rep  -209.219  0.835241  0.835241  0.14575
core.pack.task: Packer task: initialize from command line() 
core.pack.pack_rotamers: built 978 rotamers at 75 positions.
core.pack.interaction_graph.interaction_graph_factory: Instantiating DensePDInteractionGraph
protocols.relax.FastRelax: CMD: repack  -209.723  0.835241  0.835241  0.14575
protocols.relax.FastRelax: CMD: scale:fa_rep  -199.701  0.835241  0.835241  0.154
protocols.relax.FastRelax: CMD: min  -293.762  0.582498  0.582498  0.154
protocols.relax.FastRelax: CMD: coord_cst_weight  -293.762  0.582498  0.582498  0.154
protocols.relax.FastRelax: CMD: scale:fa_rep  -255.731  0.582498  0.582498  0.30745
core.pack.task: Packer task: initialize from command line() 
core.pack.pack_rotamers: built 939 rotamers at 75 positions.
core.pack.interaction_graph.interaction_graph_factory: Instantiating DensePDInteractionGraph
protocols.relax.FastRelax: CMD: repack  -255.731  0.582498  0.582498  0.30745
protocols.relax.FastRelax: CMD: scale:fa_rep  -252.732  0.582498  0.582498  0.31955
protocols.relax.FastRelax: CMD: min  -265.945  0.479635  0.479635  0.31955
protocols.relax.FastRelax: CMD: coord_cst_weight  -265.945  0.479635  0.479635  0.31955
protocols.relax.FastRelax: CMD: scale:fa_rep  -237.464  0.479635  0.479635  0.55
core.pack.task: Packer task: initialize from command line() 
core.pack.pack_rotamers: built 929 rotamers at 75 positions.
core.pack.interaction_graph.interaction_graph_factory: Instantiating DensePDInteractionGraph
protocols.relax.FastRelax: CMD: repack  -237.464  0.479635  0.479635  0.55
protocols.relax.FastRelax: CMD: min  -244.011  0.44117  0.44117  0.55
protocols.relax.FastRelax: MRP: 7  -244.011  -244.011  0.440532  0.440532  
protocols.relax.FastRelax: CMD: accept_to_best  -244.011  0.44117  0.44117  0.55
protocols.relax.FastRelax: CMD: endrepeat  -244.011  0.44117  0.44117  0.55
protocols.relax.FastRelax: CMD: coord_cst_weight  -244.011  0.44117  0.44117  0.55
protocols.relax.FastRelax: CMD: scale:fa_rep  -284.985  0.44117  0.44117  0.022
core.pack.task: Packer task: initialize from command line() 
core.pack.pack_rotamers: built 1072 rotamers at 75 positions.
core.pack.interaction_graph.interaction_graph_factory: Instantiating DensePDInteractionGraph
protocols.relax.FastRelax: CMD: repack  -288.646  0.44117  0.44117  0.022
protocols.relax.FastRelax: CMD: scale:fa_rep  -287.551  0.44117  0.44117  0.02805
protocols.relax.FastRelax: CMD: min  -353.542  0.835694  0.835694  0.02805
protocols.relax.FastRelax: CMD: coord_cst_weight  -353.542  0.835694  0.835694  0.02805
protocols.relax.FastRelax: CMD: scale:fa_rep  -209.278  0.835694  0.835694  0.14575
core.pack.task: Packer task: initialize from command line() 
core.pack.pack_rotamers: built 978 rotamers at 75 positions.
core.pack.interaction_graph.interaction_graph_factory: Instantiating DensePDInteractionGraph
protocols.relax.FastRelax: CMD: repack  -209.797  0.835694  0.835694  0.14575
protocols.relax.FastRelax: CMD: scale:fa_rep  -199.782  0.835694  0.835694  0.154
protocols.relax.FastRelax: CMD: min  -293.739  0.582129  0.582129  0.154
protocols.relax.FastRelax: CMD: coord_cst_weight  -293.739  0.582129  0.582129  0.154
protocols.relax.FastRelax: CMD: scale:fa_rep  -255.762  0.582129  0.582129  0.30745
core.pack.task: Packer task: initialize from command line() 
core.pack.pack_rotamers: built 937 rotamers at 75 positions.
core.pack.interaction_graph.interaction_graph_factory: Instantiating DensePDInteractionGraph
protocols.relax.FastRelax: CMD: repack  -255.762  0.582129  0.582129  0.30745
protocols.relax.FastRelax: CMD: scale:fa_rep  -252.768  0.582129  0.582129  0.31955
protocols.relax.FastRelax: CMD: min  -265.946  0.478187  0.478187  0.31955
protocols.relax.FastRelax: CMD: coord_cst_weight  -265.946  0.478187  0.478187  0.31955
protocols.relax.FastRelax: CMD: scale:fa_rep  -237.424  0.478187  0.478187  0.55
core.pack.task: Packer task: initialize from command line() 
core.pack.pack_rotamers: built 929 rotamers at 75 positions.
core.pack.interaction_graph.interaction_graph_factory: Instantiating DensePDInteractionGraph
protocols.relax.FastRelax: CMD: repack  -237.424  0.478187  0.478187  0.55
protocols.relax.FastRelax: CMD: min  -244.007  0.44105  0.44105  0.55
protocols.relax.FastRelax: MRP: 8  -244.007  -244.011  0.440532  0.440532  
protocols.relax.FastRelax: CMD: accept_to_best  -244.007  0.44105  0.44105  0.55
protocols.relax.FastRelax: CMD: endrepeat  -244.007  0.44105  0.44105  0.55
protocols.relax.FastRelax: CMD: coord_cst_weight  -244.007  0.44105  0.44105  0.55
protocols.relax.FastRelax: CMD: scale:fa_rep  -285.071  0.44105  0.44105  0.022
core.pack.task: Packer task: initialize from command line() 
core.pack.pack_rotamers: built 1070 rotamers at 75 positions.
core.pack.interaction_graph.interaction_graph_factory: Instantiating DensePDInteractionGraph
protocols.relax.FastRelax: CMD: repack  -288.725  0.44105  0.44105  0.022
protocols.relax.FastRelax: CMD: scale:fa_rep  -287.624  0.44105  0.44105  0.02805
protocols.relax.FastRelax: CMD: min  -353.584  0.836448  0.836448  0.02805
protocols.relax.FastRelax: CMD: coord_cst_weight  -353.584  0.836448  0.836448  0.02805
protocols.relax.FastRelax: CMD: scale:fa_rep  -209.014  0.836448  0.836448  0.14575
core.pack.task: Packer task: initialize from command line() 
core.pack.pack_rotamers: built 979 rotamers at 75 positions.
core.pack.interaction_graph.interaction_graph_factory: Instantiating DensePDInteractionGraph
protocols.relax.FastRelax: CMD: repack  -209.573  0.836448  0.836448  0.14575
protocols.relax.FastRelax: CMD: scale:fa_rep  -199.539  0.836448  0.836448  0.154
protocols.relax.FastRelax: CMD: min  -293.691  0.581856  0.581856  0.154
protocols.relax.FastRelax: CMD: coord_cst_weight  -293.691  0.581856  0.581856  0.154
protocols.relax.FastRelax: CMD: scale:fa_rep  -255.762  0.581856  0.581856  0.30745
core.pack.task: Packer task: initialize from command line() 
core.pack.pack_rotamers: built 937 rotamers at 75 positions.
core.pack.interaction_graph.interaction_graph_factory: Instantiating DensePDInteractionGraph
protocols.relax.FastRelax: CMD: repack  -255.762  0.581856  0.581856  0.30745
protocols.relax.FastRelax: CMD: scale:fa_rep  -252.771  0.581856  0.581856  0.31955
protocols.relax.FastRelax: CMD: min  -265.96  0.477484  0.477484  0.31955
protocols.relax.FastRelax: CMD: coord_cst_weight  -265.96  0.477484  0.477484  0.31955
protocols.relax.FastRelax: CMD: scale:fa_rep  -237.493  0.477484  0.477484  0.55
core.pack.task: Packer task: initialize from command line() 
core.pack.pack_rotamers: built 930 rotamers at 75 positions.
core.pack.interaction_graph.interaction_graph_factory: Instantiating DensePDInteractionGraph
protocols.relax.FastRelax: CMD: repack  -237.493  0.477484  0.477484  0.55
protocols.relax.FastRelax: CMD: min  -243.987  0.443339  0.443339  0.55
protocols.relax.FastRelax: MRP: 9  -243.987  -244.011  0.440532  0.440532  
protocols.relax.FastRelax: CMD: accept_to_best  -243.987  0.443339  0.443339  0.55
protocols.relax.FastRelax: CMD: endrepeat  -243.987  0.443339  0.443339  0.55
protocols::checkpoint: Deleting checkpoints of FastRelax
protocols.rosetta_scripts.ParsedProtocol: setting status to success
protocols.jd2.JobDistributor: flags_relax_v3_nstruct_10_structure_0010 reported success in 134 seconds
protocols.jd2.JobDistributor: no more batches to process... 
protocols.jd2.JobDistributor: 10 jobs considered, 10 jobs attempted in 1407 seconds
basic.citation_manager.CitationManager: 
The following Rosetta modules were used during this run of Rosetta, and should be cited:

rosetta_scripts Application's citation(s):
Fleishman SJ, Leaver-Fay A, Corn JE, Strauch E-M, Khare SD, Koga N, Ashworth J, Murphy P, Richter F, Lemmon G, Meiler J, and Baker D.  (2011).  RosettaScripts: A Scripting Language Interface to the Rosetta Macromolecular Modeling Suite.  PLoS ONE 6(6):e20161.  doi: 10.1371/journal.pone.0020161.

FastRelax Mover's citation(s):
*Tyka MD, *Keedy DA, André I, Dimaio F, Song Y, Richardson DC, Richardson JS, and Baker D.  (2011).  Alternate states of proteins revealed by detailed energy landscape mapping.  J Mol Biol 405(2):607-18.  doi: 10.1016/j.jmb.2010.11.008.  (*Co-primary authors.)

Khatib F, Cooper S, Tyka MD, Xu K, Makedon I, Popovic Z, Baker D, and Players F.  (2011).  Algorithm discovery by protein folding game players.  Proc Natl Acad Sci USA 108(47):18949-53.  doi: 10.1073/pnas.1115898108.

Maguire JB, Haddox HK, Strickland D, Halabiya SF, Coventry B, Griffin JR, Pulavarti SVSRK, Cummins M, Thieker DF, Klavins E, Szyperski T, DiMaio F, Baker D, and Kuhlman B.  (2021).  Perturbing the energy landscape for improved packing during computational protein design.  Proteins 89(4):436-449.  doi: 10.1002/prot.26030.


