********  (C) Copyright Rosetta Commons Member Institutions.  ***************
* Use of Rosetta for commercial purposes may require purchase of a license. *
********  See LICENSE.md or email license@uw.edu for more details. **********
core.init: Checking for fconfig files in pwd and ./rosetta/flags 
core.init: Rosetta version: 2025.37+HEAD.df75a9c48e df75a9c48e763e52a7aa3f5dfba077f4da88dbf5 https://github.com/RosettaCommons/rosetta.git 2025-09-03T12:23:30
core.init: Rosetta extras: []
core.init: command: rosetta_scripts @flags_relax_v3_no_cart_nstruct_10
basic.random.init_random_generator: 'RNG device' seed mode, using '/dev/urandom', seed=696407610 seed_offset=0 real_seed=696407610
basic.random.init_random_generator: RandomGenerator:init: Normal mode, seed=696407610 RG_type=mt19937
core.init: found database environment variable ROSETTA3_DB: /usr/local/database
protocols.jd2.PDBJobInputter: Instantiate PDBJobInputter
protocols.jd2.PDBJobInputter: PDBJobInputter::fill_jobs
protocols.jd2.PDBJobInputter: pushed structure.pdb nstruct indices 1 - 10
protocols.evaluation.ChiWellRmsdEvaluatorCreator: Evaluation Creator active ... 
protocols.jd2.PDBJobInputter: PDBJobInputter::pose_from_job
protocols.jd2.PDBJobInputter: filling pose from PDB structure.pdb
core.chemical.GlobalResidueTypeSet: Finished initializing fa_standard residue type set.  Created 985 residue types
core.chemical.GlobalResidueTypeSet: Total time to initialize 0.53713 seconds.
core.import_pose.import_pose: File 'structure.pdb' automatically determined to be of type PDB from contents.
protocols.rosetta_scripts.RosettaScriptsParser: dock_design_filename=relax_v3_no_cart.xml
protocols.rosetta_scripts.RosettaScriptsParser: Validating input script...
protocols.rosetta_scripts.RosettaScriptsSchemaValidator: Generating XML Schema for rosetta_scripts...
protocols.rosetta_scripts.RosettaScriptsSchemaValidator: ...done
protocols.rosetta_scripts.RosettaScriptsSchemaValidator: Initializing schema validator...
protocols.rosetta_scripts.RosettaScriptsSchemaValidator: ...done
protocols.rosetta_scripts.RosettaScriptsParser: ...done
protocols.rosetta_scripts.RosettaScriptsParser: Parsed script:
<ROSETTASCRIPTS>
	<SCOREFXNS>
		<ScoreFunction name="beta_sf" weights="beta_nov16"/>
	</SCOREFXNS>
	<MOVERS>
		<MutateResidue name="mutant" new_res="ALA" target="55A"/>
		<FastRelax disable_design="true" name="relax" repeats="10" scorefxn="beta_sf"/>
	</MOVERS>
	<PROTOCOLS>
		<Add mover_name="mutant"/>
		<Add mover_name="relax"/>
	</PROTOCOLS>
	<OUTPUT scorefxn="beta_sf"/>
</ROSETTASCRIPTS>
core.scoring.ScoreFunctionFactory: SCOREFUNCTION: beta_nov16.wts
core.scoring.etable: Starting energy table calculation
core.scoring.etable: smooth_etable: changing atr/rep split to bottom of energy well
core.scoring.etable: smooth_etable: spline smoothing lj etables (maxdis = 6)
core.scoring.etable: smooth_etable: spline smoothing solvation etables (max_dis = 6)
core.scoring.etable: Finished calculating energy tables.
basic.io.database: Database file opened: scoring/score_functions/hbonds/ref2015_params/HBPoly1D.csv
basic.io.database: Database file opened: scoring/score_functions/hbonds/ref2015_params/HBFadeIntervals.csv
basic.io.database: Database file opened: scoring/score_functions/hbonds/ref2015_params/HBEval.csv
basic.io.database: Database file opened: scoring/score_functions/hbonds/ref2015_params/DonStrength.csv
basic.io.database: Database file opened: scoring/score_functions/hbonds/ref2015_params/AccStrength.csv
basic.io.database: Database file opened: scoring/score_functions/rama/fd_beta_nov2016/all.ramaProb
basic.io.database: Database file opened: scoring/score_functions/rama/fd_beta_nov2016/prepro.ramaProb
basic.io.database: Database file opened: scoring/score_functions/omega/omega_ppdep.all.txt
basic.io.database: Database file opened: scoring/score_functions/omega/omega_ppdep.gly.txt
basic.io.database: Database file opened: scoring/score_functions/omega/omega_ppdep.pro.txt
basic.io.database: Database file opened: scoring/score_functions/omega/omega_ppdep.valile.txt
basic.io.database: Database file opened: scoring/score_functions/P_AA_pp/P_AA
basic.io.database: Database file opened: scoring/score_functions/P_AA_pp/P_AA_n
core.scoring.P_AA: shapovalov_lib::shap_p_aa_pp_smooth_level of 1( aka low_smooth ) got activated.
basic.io.database: Database file opened: scoring/score_functions/P_AA_pp/shapovalov/10deg/kappa131/a20.prop
basic.io.database: Database file opened: scoring/score_functions/bondlength_bondangle/hydroxyl_torsion_preference.txt
core.scoring.etable: Starting energy table calculation
core.scoring.etable: smooth_etable: changing atr/rep split to bottom of energy well
core.scoring.etable: smooth_etable: spline smoothing lj etables (maxdis = 6)
core.scoring.etable: smooth_etable: spline smoothing solvation etables (max_dis = 6)
core.scoring.etable: Finished calculating energy tables.
basic.io.database: Database file opened: scoring/score_functions/PairEPotential/pdb_pair_stats_fine
basic.io.database: Database file opened: scoring/score_functions/InterchainPotential/interchain_env_log.txt
basic.io.database: Database file opened: scoring/score_functions/InterchainPotential/interchain_pair_log.txt
basic.io.database: Database file opened: scoring/score_functions/EnvPairPotential/env_log.txt
basic.io.database: Database file opened: scoring/score_functions/EnvPairPotential/cbeta_den.txt
basic.io.database: Database file opened: scoring/score_functions/EnvPairPotential/pair_log.txt
basic.io.database: Database file opened: scoring/score_functions/EnvPairPotential/cenpack_log.txt
core.scoring.ramachandran: shapovalov_lib::shap_rama_smooth_level of 4( aka highest_smooth ) got activated.
basic.io.database: Database file opened: scoring/score_functions/rama/shapovalov/kappa25/all.ramaProb
protocols.jd2.parser.ScoreFunctionLoader: defined score function "beta_sf" with weights "beta_nov16"
protocols.rosetta_scripts.RosettaScriptsParser: Defined mover named "mutant" of type MutateResidue
protocols.relax.RelaxScriptManager: Reading relax scripts list from database.
core.scoring.ScoreFunctionFactory: SCOREFUNCTION: beta_nov16.wts
protocols.relax.RelaxScriptManager: Looking for MonomerRelax2019.txt
protocols.relax.RelaxScriptManager: ================== Reading script file: /usr/local/database/sampling/relax_scripts/MonomerRelax2019.txt ==================
protocols.relax.RelaxScriptManager: repeat %%nrepeats%%
protocols.relax.RelaxScriptManager: coord_cst_weight 1.0
protocols.relax.RelaxScriptManager: scale:fa_rep 0.040
protocols.relax.RelaxScriptManager: repack
protocols.relax.RelaxScriptManager: scale:fa_rep 0.051
protocols.relax.RelaxScriptManager: min 0.01
protocols.relax.RelaxScriptManager: coord_cst_weight 0.5
protocols.relax.RelaxScriptManager: scale:fa_rep 0.265
protocols.relax.RelaxScriptManager: repack
protocols.relax.RelaxScriptManager: scale:fa_rep 0.280
protocols.relax.RelaxScriptManager: min 0.01
protocols.relax.RelaxScriptManager: coord_cst_weight 0.0
protocols.relax.RelaxScriptManager: scale:fa_rep 0.559
protocols.relax.RelaxScriptManager: repack
protocols.relax.RelaxScriptManager: scale:fa_rep 0.581
protocols.relax.RelaxScriptManager: min 0.01
protocols.relax.RelaxScriptManager: coord_cst_weight 0.0
protocols.relax.RelaxScriptManager: scale:fa_rep 1
protocols.relax.RelaxScriptManager: repack
protocols.relax.RelaxScriptManager: min 0.00001
protocols.relax.RelaxScriptManager: accept_to_best
protocols.relax.RelaxScriptManager: endrepeat
protocols.rosetta_scripts.RosettaScriptsParser: Defined mover named "relax" of type FastRelax
protocols.rosetta_scripts.ParsedProtocol: ParsedProtocol mover with the following settings
protocols.rosetta_scripts.ParsedProtocol: Added mover "mutant"
protocols.rosetta_scripts.ParsedProtocol: Added mover "relax"
protocols.jd2.PDBJobInputter: PDBJobInputter::pose_from_job
protocols.jd2.PDBJobInputter: filling pose from saved copy structure.pdb
protocols.rosetta_scripts.ParsedProtocol: =======================BEGIN MOVER MutateResidue - mutant=======================
protocols.rosetta_scripts.ParsedProtocol: =======================BEGIN MOVER FastRelax - relax=======================
basic.io.database: Database file opened: scoring/score_functions/elec_cp_reps.dat
core.scoring.elec.util: Read 40 countpair representative atoms
core.pack.dunbrack.RotamerLibrary: shapovalov_lib_fixes_enable option is true.
core.pack.dunbrack.RotamerLibrary: Binary rotamer library selected: /usr/local/database/rotamer/beta_nov2016/Dunbrack10.lib.bin
core.pack.dunbrack.RotamerLibrary: Using Dunbrack library binary file '/usr/local/database/rotamer/beta_nov2016/Dunbrack10.lib.bin'.
core.pack.dunbrack.RotamerLibrary: Dunbrack 2010 library took 0.104131 seconds to load from binary
protocols.relax.FastRelax: CMD: repeat  -208.514  0  0  0.55
protocols.relax.FastRelax: CMD: coord_cst_weight  -208.514  0  0  0.55
protocols.relax.FastRelax: CMD: scale:fa_rep  -252.935  0  0  0.022
core.pack.task: Packer task: initialize from command line() 
core.pack.pack_rotamers: built 1065 rotamers at 75 positions.
core.pack.interaction_graph.interaction_graph_factory: Instantiating DensePDInteractionGraph
protocols.relax.FastRelax: CMD: repack  -285.828  0  0  0.022
protocols.relax.FastRelax: CMD: scale:fa_rep  -284.509  0  0  0.02805
protocols.relax.FastRelax: CMD: min  -332.769  0.623012  0.623012  0.02805
protocols.relax.FastRelax: CMD: coord_cst_weight  -332.769  0.623012  0.623012  0.02805
protocols.relax.FastRelax: CMD: scale:fa_rep  -229.189  0.623012  0.623012  0.14575
core.pack.task: Packer task: initialize from command line() 
core.pack.pack_rotamers: built 1023 rotamers at 75 positions.
core.pack.interaction_graph.interaction_graph_factory: Instantiating DensePDInteractionGraph
protocols.relax.FastRelax: CMD: repack  -231.548  0.623012  0.623012  0.14575
protocols.relax.FastRelax: CMD: scale:fa_rep  -224.582  0.623012  0.623012  0.154
protocols.relax.FastRelax: CMD: min  -288.57  0.361438  0.361438  0.154
protocols.relax.FastRelax: CMD: coord_cst_weight  -288.57  0.361438  0.361438  0.154
protocols.relax.FastRelax: CMD: scale:fa_rep  -255.786  0.361438  0.361438  0.30745
core.pack.task: Packer task: initialize from command line() 
core.pack.pack_rotamers: built 986 rotamers at 75 positions.
core.pack.interaction_graph.interaction_graph_factory: Instantiating DensePDInteractionGraph
protocols.relax.FastRelax: CMD: repack  -255.786  0.361438  0.361438  0.30745
protocols.relax.FastRelax: CMD: scale:fa_rep  -253.201  0.361438  0.361438  0.31955
protocols.relax.FastRelax: CMD: min  -262.32  0.290515  0.290515  0.31955
protocols.relax.FastRelax: CMD: coord_cst_weight  -262.32  0.290515  0.290515  0.31955
protocols.relax.FastRelax: CMD: scale:fa_rep  -232.081  0.290515  0.290515  0.55
core.pack.task: Packer task: initialize from command line() 
core.pack.pack_rotamers: built 978 rotamers at 75 positions.
core.pack.interaction_graph.interaction_graph_factory: Instantiating DensePDInteractionGraph
protocols.relax.FastRelax: CMD: repack  -232.25  0.290515  0.290515  0.55
protocols.relax.FastRelax: CMD: min  -247.282  0.270405  0.270405  0.55
protocols.relax.FastRelax: MRP: 0  -247.282  -247.282  0.270405  0.270405  
protocols.relax.FastRelax: CMD: accept_to_best  -247.282  0.270405  0.270405  0.55
protocols.relax.FastRelax: CMD: endrepeat  -247.282  0.270405  0.270405  0.55
protocols.relax.FastRelax: CMD: coord_cst_weight  -247.282  0.270405  0.270405  0.55
protocols.relax.FastRelax: CMD: scale:fa_rep  -288.299  0.270405  0.270405  0.022
core.pack.task: Packer task: initialize from command line() 
core.pack.pack_rotamers: built 1078 rotamers at 75 positions.
core.pack.interaction_graph.interaction_graph_factory: Instantiating DensePDInteractionGraph
protocols.relax.FastRelax: CMD: repack  -290.369  0.270405  0.270405  0.022
protocols.relax.FastRelax: CMD: scale:fa_rep  -289.432  0.270405  0.270405  0.02805
protocols.relax.FastRelax: CMD: min  -333.387  0.695141  0.695141  0.02805
protocols.relax.FastRelax: CMD: coord_cst_weight  -333.387  0.695141  0.695141  0.02805
protocols.relax.FastRelax: CMD: scale:fa_rep  -231.468  0.695141  0.695141  0.14575
core.pack.task: Packer task: initialize from command line() 
core.pack.pack_rotamers: built 1020 rotamers at 75 positions.
core.pack.interaction_graph.interaction_graph_factory: Instantiating DensePDInteractionGraph
protocols.relax.FastRelax: CMD: repack  -231.831  0.695141  0.695141  0.14575
protocols.relax.FastRelax: CMD: scale:fa_rep  -224.841  0.695141  0.695141  0.154
protocols.relax.FastRelax: CMD: min  -289.569  0.416363  0.416363  0.154
protocols.relax.FastRelax: CMD: coord_cst_weight  -289.569  0.416363  0.416363  0.154
protocols.relax.FastRelax: CMD: scale:fa_rep  -258.006  0.416363  0.416363  0.30745
core.pack.task: Packer task: initialize from command line() 
core.pack.pack_rotamers: built 997 rotamers at 75 positions.
core.pack.interaction_graph.interaction_graph_factory: Instantiating DensePDInteractionGraph
protocols.relax.FastRelax: CMD: repack  -258.025  0.416363  0.416363  0.30745
protocols.relax.FastRelax: CMD: scale:fa_rep  -255.497  0.416363  0.416363  0.31955
protocols.relax.FastRelax: CMD: min  -263.433  0.362501  0.362501  0.31955
protocols.relax.FastRelax: CMD: coord_cst_weight  -263.433  0.362501  0.362501  0.31955
protocols.relax.FastRelax: CMD: scale:fa_rep  -231.932  0.362501  0.362501  0.55
core.pack.task: Packer task: initialize from command line() 
core.pack.pack_rotamers: built 959 rotamers at 75 positions.
core.pack.interaction_graph.interaction_graph_factory: Instantiating DensePDInteractionGraph
protocols.relax.FastRelax: CMD: repack  -232.302  0.362501  0.362501  0.55
protocols.relax.FastRelax: CMD: min  -247.006  0.297323  0.297323  0.55
protocols.relax.FastRelax: MRP: 1  -247.006  -247.282  0.270405  0.270405  
protocols.relax.FastRelax: CMD: accept_to_best  -247.006  0.297323  0.297323  0.55
protocols.relax.FastRelax: CMD: endrepeat  -247.006  0.297323  0.297323  0.55
protocols.relax.FastRelax: CMD: coord_cst_weight  -247.006  0.297323  0.297323  0.55
protocols.relax.FastRelax: CMD: scale:fa_rep  -287.956  0.297323  0.297323  0.022
core.pack.task: Packer task: initialize from command line() 
core.pack.pack_rotamers: built 1075 rotamers at 75 positions.
core.pack.interaction_graph.interaction_graph_factory: Instantiating DensePDInteractionGraph
protocols.relax.FastRelax: CMD: repack  -290.47  0.297323  0.297323  0.022
protocols.relax.FastRelax: CMD: scale:fa_rep  -289.445  0.297323  0.297323  0.02805
protocols.relax.FastRelax: CMD: min  -335.44  0.667907  0.667907  0.02805
protocols.relax.FastRelax: CMD: coord_cst_weight  -335.44  0.667907  0.667907  0.02805
protocols.relax.FastRelax: CMD: scale:fa_rep  -231.611  0.667907  0.667907  0.14575
core.pack.task: Packer task: initialize from command line() 
core.pack.pack_rotamers: built 1013 rotamers at 75 positions.
core.pack.interaction_graph.interaction_graph_factory: Instantiating DensePDInteractionGraph
protocols.relax.FastRelax: CMD: repack  -229.913  0.667907  0.667907  0.14575
protocols.relax.FastRelax: CMD: scale:fa_rep  -223.083  0.667907  0.667907  0.154
protocols.relax.FastRelax: CMD: min  -286.488  0.416435  0.416435  0.154
protocols.relax.FastRelax: CMD: coord_cst_weight  -286.488  0.416435  0.416435  0.154
protocols.relax.FastRelax: CMD: scale:fa_rep  -255.633  0.416435  0.416435  0.30745
core.pack.task: Packer task: initialize from command line() 
core.pack.pack_rotamers: built 1000 rotamers at 75 positions.
core.pack.interaction_graph.interaction_graph_factory: Instantiating DensePDInteractionGraph
protocols.relax.FastRelax: CMD: repack  -256.27  0.416435  0.416435  0.30745
protocols.relax.FastRelax: CMD: scale:fa_rep  -253.742  0.416435  0.416435  0.31955
protocols.relax.FastRelax: CMD: min  -262.547  0.349958  0.349958  0.31955
protocols.relax.FastRelax: CMD: coord_cst_weight  -262.547  0.349958  0.349958  0.31955
protocols.relax.FastRelax: CMD: scale:fa_rep  -232.033  0.349958  0.349958  0.55
core.pack.task: Packer task: initialize from command line() 
core.pack.pack_rotamers: built 965 rotamers at 75 positions.
core.pack.interaction_graph.interaction_graph_factory: Instantiating DensePDInteractionGraph
protocols.relax.FastRelax: CMD: repack  -232.149  0.349958  0.349958  0.55
protocols.relax.FastRelax: CMD: min  -243.959  0.353091  0.353091  0.55
protocols.relax.FastRelax: MRP: 2  -243.959  -247.282  0.270405  0.270405  
protocols.relax.FastRelax: CMD: accept_to_best  -243.959  0.353091  0.353091  0.55
protocols.relax.FastRelax: CMD: endrepeat  -243.959  0.353091  0.353091  0.55
protocols.relax.FastRelax: CMD: coord_cst_weight  -243.959  0.353091  0.353091  0.55
protocols.relax.FastRelax: CMD: scale:fa_rep  -285.378  0.353091  0.353091  0.022
core.pack.task: Packer task: initialize from command line() 
core.pack.pack_rotamers: built 1082 rotamers at 75 positions.
core.pack.interaction_graph.interaction_graph_factory: Instantiating DensePDInteractionGraph
protocols.relax.FastRelax: CMD: repack  -288.902  0.353091  0.353091  0.022
protocols.relax.FastRelax: CMD: scale:fa_rep  -287.842  0.353091  0.353091  0.02805
protocols.relax.FastRelax: CMD: min  -333.067  0.692341  0.692341  0.02805
protocols.relax.FastRelax: CMD: coord_cst_weight  -333.067  0.692341  0.692341  0.02805
protocols.relax.FastRelax: CMD: scale:fa_rep  -231.278  0.692341  0.692341  0.14575
core.pack.task: Packer task: initialize from command line() 
core.pack.pack_rotamers: built 1019 rotamers at 75 positions.
core.pack.interaction_graph.interaction_graph_factory: Instantiating DensePDInteractionGraph
protocols.relax.FastRelax: CMD: repack  -234.06  0.692341  0.692341  0.14575
protocols.relax.FastRelax: CMD: scale:fa_rep  -227.417  0.692341  0.692341  0.154
protocols.relax.FastRelax: CMD: min  -287.437  0.438091  0.438091  0.154
protocols.relax.FastRelax: CMD: coord_cst_weight  -287.437  0.438091  0.438091  0.154
protocols.relax.FastRelax: CMD: scale:fa_rep  -256.138  0.438091  0.438091  0.30745
core.pack.task: Packer task: initialize from command line() 
core.pack.pack_rotamers: built 1004 rotamers at 75 positions.
core.pack.interaction_graph.interaction_graph_factory: Instantiating DensePDInteractionGraph
protocols.relax.FastRelax: CMD: repack  -256.168  0.438091  0.438091  0.30745
protocols.relax.FastRelax: CMD: scale:fa_rep  -253.66  0.438091  0.438091  0.31955
protocols.relax.FastRelax: CMD: min  -262.319  0.389791  0.389791  0.31955
protocols.relax.FastRelax: CMD: coord_cst_weight  -262.319  0.389791  0.389791  0.31955
protocols.relax.FastRelax: CMD: scale:fa_rep  -232.424  0.389791  0.389791  0.55
core.pack.task: Packer task: initialize from command line() 
core.pack.pack_rotamers: built 961 rotamers at 75 positions.
core.pack.interaction_graph.interaction_graph_factory: Instantiating DensePDInteractionGraph
protocols.relax.FastRelax: CMD: repack  -232.53  0.389791  0.389791  0.55
protocols.relax.FastRelax: CMD: min  -244.091  0.34753  0.34753  0.55
protocols.relax.FastRelax: MRP: 3  -244.091  -247.282  0.270405  0.270405  
protocols.relax.FastRelax: CMD: accept_to_best  -244.091  0.34753  0.34753  0.55
protocols.relax.FastRelax: CMD: endrepeat  -244.091  0.34753  0.34753  0.55
protocols.relax.FastRelax: CMD: coord_cst_weight  -244.091  0.34753  0.34753  0.55
protocols.relax.FastRelax: CMD: scale:fa_rep  -285.592  0.34753  0.34753  0.022
core.pack.task: Packer task: initialize from command line() 
core.pack.pack_rotamers: built 1085 rotamers at 75 positions.
core.pack.interaction_graph.interaction_graph_factory: Instantiating DensePDInteractionGraph
protocols.relax.FastRelax: CMD: repack  -289.231  0.34753  0.34753  0.022
protocols.relax.FastRelax: CMD: scale:fa_rep  -288.156  0.34753  0.34753  0.02805
protocols.relax.FastRelax: CMD: min  -332.419  0.681827  0.681827  0.02805
protocols.relax.FastRelax: CMD: coord_cst_weight  -332.419  0.681827  0.681827  0.02805
protocols.relax.FastRelax: CMD: scale:fa_rep  -229.362  0.681827  0.681827  0.14575
core.pack.task: Packer task: initialize from command line() 
core.pack.pack_rotamers: built 1017 rotamers at 75 positions.
core.pack.interaction_graph.interaction_graph_factory: Instantiating DensePDInteractionGraph
protocols.relax.FastRelax: CMD: repack  -231.384  0.681827  0.681827  0.14575
protocols.relax.FastRelax: CMD: scale:fa_rep  -224.518  0.681827  0.681827  0.154
protocols.relax.FastRelax: CMD: min  -288.06  0.442587  0.442587  0.154
protocols.relax.FastRelax: CMD: coord_cst_weight  -288.06  0.442587  0.442587  0.154
protocols.relax.FastRelax: CMD: scale:fa_rep  -256.072  0.442587  0.442587  0.30745
core.pack.task: Packer task: initialize from command line() 
core.pack.pack_rotamers: built 1001 rotamers at 75 positions.
core.pack.interaction_graph.interaction_graph_factory: Instantiating DensePDInteractionGraph
protocols.relax.FastRelax: CMD: repack  -256.072  0.442587  0.442587  0.30745
protocols.relax.FastRelax: CMD: scale:fa_rep  -253.55  0.442587  0.442587  0.31955
protocols.relax.FastRelax: CMD: min  -262.734  0.383796  0.383796  0.31955
protocols.relax.FastRelax: CMD: coord_cst_weight  -262.734  0.383796  0.383796  0.31955
protocols.relax.FastRelax: CMD: scale:fa_rep  -233.277  0.383796  0.383796  0.55
core.pack.task: Packer task: initialize from command line() 
core.pack.pack_rotamers: built 962 rotamers at 75 positions.
core.pack.interaction_graph.interaction_graph_factory: Instantiating DensePDInteractionGraph
protocols.relax.FastRelax: CMD: repack  -233.278  0.383796  0.383796  0.55
protocols.relax.FastRelax: CMD: min  -244.678  0.342436  0.342436  0.55
protocols.relax.FastRelax: MRP: 4  -244.678  -247.282  0.270405  0.270405  
protocols.relax.FastRelax: CMD: accept_to_best  -244.678  0.342436  0.342436  0.55
protocols.relax.FastRelax: CMD: endrepeat  -244.678  0.342436  0.342436  0.55
protocols.relax.FastRelax: CMD: coord_cst_weight  -244.678  0.342436  0.342436  0.55
protocols.relax.FastRelax: CMD: scale:fa_rep  -286.184  0.342436  0.342436  0.022
core.pack.task: Packer task: initialize from command line() 
core.pack.pack_rotamers: built 1084 rotamers at 75 positions.
core.pack.interaction_graph.interaction_graph_factory: Instantiating DensePDInteractionGraph
protocols.relax.FastRelax: CMD: repack  -288.809  0.342436  0.342436  0.022
protocols.relax.FastRelax: CMD: scale:fa_rep  -287.786  0.342436  0.342436  0.02805
protocols.relax.FastRelax: CMD: min  -330.396  0.638056  0.638056  0.02805
protocols.relax.FastRelax: CMD: coord_cst_weight  -330.396  0.638056  0.638056  0.02805
protocols.relax.FastRelax: CMD: scale:fa_rep  -244.534  0.638056  0.638056  0.14575
core.pack.task: Packer task: initialize from command line() 
core.pack.pack_rotamers: built 1022 rotamers at 75 positions.
core.pack.interaction_graph.interaction_graph_factory: Instantiating DensePDInteractionGraph
protocols.relax.FastRelax: CMD: repack  -245.542  0.638056  0.638056  0.14575
protocols.relax.FastRelax: CMD: scale:fa_rep  -239.641  0.638056  0.638056  0.154
protocols.relax.FastRelax: CMD: min  -287.168  0.446548  0.446548  0.154
protocols.relax.FastRelax: CMD: coord_cst_weight  -287.168  0.446548  0.446548  0.154
protocols.relax.FastRelax: CMD: scale:fa_rep  -254.6  0.446548  0.446548  0.30745
core.pack.task: Packer task: initialize from command line() 
core.pack.pack_rotamers: built 1006 rotamers at 75 positions.
core.pack.interaction_graph.interaction_graph_factory: Instantiating DensePDInteractionGraph
protocols.relax.FastRelax: CMD: repack  -254.611  0.446548  0.446548  0.30745
protocols.relax.FastRelax: CMD: scale:fa_rep  -252.059  0.446548  0.446548  0.31955
protocols.relax.FastRelax: CMD: min  -261.444  0.377388  0.377388  0.31955
protocols.relax.FastRelax: CMD: coord_cst_weight  -261.444  0.377388  0.377388  0.31955
protocols.relax.FastRelax: CMD: scale:fa_rep  -229.993  0.377388  0.377388  0.55
core.pack.task: Packer task: initialize from command line() 
core.pack.pack_rotamers: built 944 rotamers at 75 positions.
core.pack.interaction_graph.interaction_graph_factory: Instantiating DensePDInteractionGraph
protocols.relax.FastRelax: CMD: repack  -230.024  0.377388  0.377388  0.55
protocols.relax.FastRelax: CMD: min  -244.466  0.36822  0.36822  0.55
protocols.relax.FastRelax: MRP: 5  -244.466  -247.282  0.270405  0.270405  
protocols.relax.FastRelax: CMD: accept_to_best  -244.466  0.36822  0.36822  0.55
protocols.relax.FastRelax: CMD: endrepeat  -244.466  0.36822  0.36822  0.55
protocols.relax.FastRelax: CMD: coord_cst_weight  -244.466  0.36822  0.36822  0.55
protocols.relax.FastRelax: CMD: scale:fa_rep  -286.387  0.36822  0.36822  0.022
core.pack.task: Packer task: initialize from command line() 
core.pack.pack_rotamers: built 1086 rotamers at 75 positions.
core.pack.interaction_graph.interaction_graph_factory: Instantiating DensePDInteractionGraph
protocols.relax.FastRelax: CMD: repack  -288.551  0.36822  0.36822  0.022
protocols.relax.FastRelax: CMD: scale:fa_rep  -288.001  0.36822  0.36822  0.02805
protocols.relax.FastRelax: CMD: min  -331.107  0.659952  0.659952  0.02805
protocols.relax.FastRelax: CMD: coord_cst_weight  -331.107  0.659952  0.659952  0.02805
protocols.relax.FastRelax: CMD: scale:fa_rep  -238.132  0.659952  0.659952  0.14575
core.pack.task: Packer task: initialize from command line() 
core.pack.pack_rotamers: built 1019 rotamers at 75 positions.
core.pack.interaction_graph.interaction_graph_factory: Instantiating DensePDInteractionGraph
protocols.relax.FastRelax: CMD: repack  -239.267  0.659952  0.659952  0.14575
protocols.relax.FastRelax: CMD: scale:fa_rep  -232.854  0.659952  0.659952  0.154
protocols.relax.FastRelax: CMD: min  -286.578  0.459293  0.459293  0.154
protocols.relax.FastRelax: CMD: coord_cst_weight  -286.578  0.459293  0.459293  0.154
protocols.relax.FastRelax: CMD: scale:fa_rep  -252.775  0.459293  0.459293  0.30745
core.pack.task: Packer task: initialize from command line() 
core.pack.pack_rotamers: built 1007 rotamers at 75 positions.
core.pack.interaction_graph.interaction_graph_factory: Instantiating DensePDInteractionGraph
protocols.relax.FastRelax: CMD: repack  -252.782  0.459293  0.459293  0.30745
protocols.relax.FastRelax: CMD: scale:fa_rep  -250.116  0.459293  0.459293  0.31955
protocols.relax.FastRelax: CMD: min  -261.086  0.392853  0.392853  0.31955
protocols.relax.FastRelax: CMD: coord_cst_weight  -261.086  0.392853  0.392853  0.31955
protocols.relax.FastRelax: CMD: scale:fa_rep  -228.496  0.392853  0.392853  0.55
core.pack.task: Packer task: initialize from command line() 
core.pack.pack_rotamers: built 945 rotamers at 75 positions.
core.pack.interaction_graph.interaction_graph_factory: Instantiating DensePDInteractionGraph
protocols.relax.FastRelax: CMD: repack  -228.632  0.392853  0.392853  0.55
protocols.relax.FastRelax: CMD: min  -244.213  0.375256  0.375256  0.55
protocols.relax.FastRelax: MRP: 6  -244.213  -247.282  0.270405  0.270405  
protocols.relax.FastRelax: CMD: accept_to_best  -244.213  0.375256  0.375256  0.55
protocols.relax.FastRelax: CMD: endrepeat  -244.213  0.375256  0.375256  0.55
protocols.relax.FastRelax: CMD: coord_cst_weight  -244.213  0.375256  0.375256  0.55
protocols.relax.FastRelax: CMD: scale:fa_rep  -286.115  0.375256  0.375256  0.022
core.pack.task: Packer task: initialize from command line() 
core.pack.pack_rotamers: built 1087 rotamers at 75 positions.
core.pack.interaction_graph.interaction_graph_factory: Instantiating DensePDInteractionGraph
protocols.relax.FastRelax: CMD: repack  -288.259  0.375256  0.375256  0.022
protocols.relax.FastRelax: CMD: scale:fa_rep  -287.718  0.375256  0.375256  0.02805
protocols.relax.FastRelax: CMD: min  -330.543  0.656432  0.656432  0.02805
protocols.relax.FastRelax: CMD: coord_cst_weight  -330.543  0.656432  0.656432  0.02805
protocols.relax.FastRelax: CMD: scale:fa_rep  -236.544  0.656432  0.656432  0.14575
core.pack.task: Packer task: initialize from command line() 
core.pack.pack_rotamers: built 1022 rotamers at 75 positions.
core.pack.interaction_graph.interaction_graph_factory: Instantiating DensePDInteractionGraph
protocols.relax.FastRelax: CMD: repack  -237.857  0.656432  0.656432  0.14575
protocols.relax.FastRelax: CMD: scale:fa_rep  -231.377  0.656432  0.656432  0.154
protocols.relax.FastRelax: CMD: min  -288.534  0.436521  0.436521  0.154
protocols.relax.FastRelax: CMD: coord_cst_weight  -288.534  0.436521  0.436521  0.154
protocols.relax.FastRelax: CMD: scale:fa_rep  -256.676  0.436521  0.436521  0.30745
core.pack.task: Packer task: initialize from command line() 
core.pack.pack_rotamers: built 999 rotamers at 75 positions.
core.pack.interaction_graph.interaction_graph_factory: Instantiating DensePDInteractionGraph
protocols.relax.FastRelax: CMD: repack  -256.676  0.436521  0.436521  0.30745
protocols.relax.FastRelax: CMD: scale:fa_rep  -254.164  0.436521  0.436521  0.31955
protocols.relax.FastRelax: CMD: min  -263.188  0.381072  0.381072  0.31955
protocols.relax.FastRelax: CMD: coord_cst_weight  -263.188  0.381072  0.381072  0.31955
protocols.relax.FastRelax: CMD: scale:fa_rep  -233.803  0.381072  0.381072  0.55
core.pack.task: Packer task: initialize from command line() 
core.pack.pack_rotamers: built 957 rotamers at 75 positions.
core.pack.interaction_graph.interaction_graph_factory: Instantiating DensePDInteractionGraph
protocols.relax.FastRelax: CMD: repack  -233.81  0.381072  0.381072  0.55
protocols.relax.FastRelax: CMD: min  -244.657  0.372502  0.372502  0.55
protocols.relax.FastRelax: MRP: 7  -244.657  -247.282  0.270405  0.270405  
protocols.relax.FastRelax: CMD: accept_to_best  -244.657  0.372502  0.372502  0.55
protocols.relax.FastRelax: CMD: endrepeat  -244.657  0.372502  0.372502  0.55
protocols.relax.FastRelax: CMD: coord_cst_weight  -244.657  0.372502  0.372502  0.55
protocols.relax.FastRelax: CMD: scale:fa_rep  -286.689  0.372502  0.372502  0.022
core.pack.task: Packer task: initialize from command line() 
core.pack.pack_rotamers: built 1103 rotamers at 75 positions.
core.pack.interaction_graph.interaction_graph_factory: Instantiating DensePDInteractionGraph
protocols.relax.FastRelax: CMD: repack  -287.958  0.372502  0.372502  0.022
protocols.relax.FastRelax: CMD: scale:fa_rep  -287.426  0.372502  0.372502  0.02805
protocols.relax.FastRelax: CMD: min  -331.687  0.665991  0.665991  0.02805
protocols.relax.FastRelax: CMD: coord_cst_weight  -331.687  0.665991  0.665991  0.02805
protocols.relax.FastRelax: CMD: scale:fa_rep  -236.265  0.665991  0.665991  0.14575
core.pack.task: Packer task: initialize from command line() 
core.pack.pack_rotamers: built 1016 rotamers at 75 positions.
core.pack.interaction_graph.interaction_graph_factory: Instantiating DensePDInteractionGraph
protocols.relax.FastRelax: CMD: repack  -237.832  0.665991  0.665991  0.14575
protocols.relax.FastRelax: CMD: scale:fa_rep  -231.401  0.665991  0.665991  0.154
protocols.relax.FastRelax: CMD: min  -287.755  0.446871  0.446871  0.154
protocols.relax.FastRelax: CMD: coord_cst_weight  -287.755  0.446871  0.446871  0.154
protocols.relax.FastRelax: CMD: scale:fa_rep  -255.874  0.446871  0.446871  0.30745
core.pack.task: Packer task: initialize from command line() 
core.pack.pack_rotamers: built 1009 rotamers at 75 positions.
core.pack.interaction_graph.interaction_graph_factory: Instantiating DensePDInteractionGraph
protocols.relax.FastRelax: CMD: repack  -255.876  0.446871  0.446871  0.30745
protocols.relax.FastRelax: CMD: scale:fa_rep  -253.361  0.446871  0.446871  0.31955
protocols.relax.FastRelax: CMD: min  -259.904  0.412889  0.412889  0.31955
protocols.relax.FastRelax: CMD: coord_cst_weight  -259.904  0.412889  0.412889  0.31955
protocols.relax.FastRelax: CMD: scale:fa_rep  -228.209  0.412889  0.412889  0.55
core.pack.task: Packer task: initialize from command line() 
core.pack.pack_rotamers: built 966 rotamers at 75 positions.
core.pack.interaction_graph.interaction_graph_factory: Instantiating DensePDInteractionGraph
protocols.relax.FastRelax: CMD: repack  -228.411  0.412889  0.412889  0.55
protocols.relax.FastRelax: CMD: min  -244.104  0.385804  0.385804  0.55
protocols.relax.FastRelax: MRP: 8  -244.104  -247.282  0.270405  0.270405  
protocols.relax.FastRelax: CMD: accept_to_best  -244.104  0.385804  0.385804  0.55
protocols.relax.FastRelax: CMD: endrepeat  -244.104  0.385804  0.385804  0.55
protocols.relax.FastRelax: CMD: coord_cst_weight  -244.104  0.385804  0.385804  0.55
protocols.relax.FastRelax: CMD: scale:fa_rep  -286.128  0.385804  0.385804  0.022
core.pack.task: Packer task: initialize from command line() 
core.pack.pack_rotamers: built 1106 rotamers at 75 positions.
core.pack.interaction_graph.interaction_graph_factory: Instantiating DensePDInteractionGraph
protocols.relax.FastRelax: CMD: repack  -287.548  0.385804  0.385804  0.022
protocols.relax.FastRelax: CMD: scale:fa_rep  -286.652  0.385804  0.385804  0.02805
protocols.relax.FastRelax: CMD: min  -333.473  0.732144  0.732144  0.02805
protocols.relax.FastRelax: CMD: coord_cst_weight  -333.473  0.732144  0.732144  0.02805
protocols.relax.FastRelax: CMD: scale:fa_rep  -226.548  0.732144  0.732144  0.14575
core.pack.task: Packer task: initialize from command line() 
core.pack.pack_rotamers: built 1027 rotamers at 75 positions.
core.pack.interaction_graph.interaction_graph_factory: Instantiating DensePDInteractionGraph
protocols.relax.FastRelax: CMD: repack  -225.227  0.732144  0.732144  0.14575
protocols.relax.FastRelax: CMD: scale:fa_rep  -218.234  0.732144  0.732144  0.154
protocols.relax.FastRelax: CMD: min  -279.87  0.502493  0.502493  0.154
protocols.relax.FastRelax: CMD: coord_cst_weight  -279.87  0.502493  0.502493  0.154
protocols.relax.FastRelax: CMD: scale:fa_rep  -245.541  0.502493  0.502493  0.30745
core.pack.task: Packer task: initialize from command line() 
core.pack.pack_rotamers: built 1007 rotamers at 75 positions.
core.pack.interaction_graph.interaction_graph_factory: Instantiating DensePDInteractionGraph
protocols.relax.FastRelax: CMD: repack  -246.08  0.502493  0.502493  0.30745
protocols.relax.FastRelax: CMD: scale:fa_rep  -243.321  0.502493  0.502493  0.31955
protocols.relax.FastRelax: CMD: min  -254.746  0.423407  0.423407  0.31955
protocols.relax.FastRelax: CMD: coord_cst_weight  -254.746  0.423407  0.423407  0.31955
protocols.relax.FastRelax: CMD: scale:fa_rep  -222.772  0.423407  0.423407  0.55
core.pack.task: Packer task: initialize from command line() 
core.pack.pack_rotamers: built 986 rotamers at 75 positions.
core.pack.interaction_graph.interaction_graph_factory: Instantiating DensePDInteractionGraph
protocols.relax.FastRelax: CMD: repack  -222.842  0.423407  0.423407  0.55
protocols.relax.FastRelax: CMD: min  -239.59  0.388271  0.388271  0.55
protocols.relax.FastRelax: MRP: 9  -239.59  -247.282  0.270405  0.270405  
protocols.relax.FastRelax: CMD: accept_to_best  -239.59  0.388271  0.388271  0.55
protocols.relax.FastRelax: CMD: endrepeat  -239.59  0.388271  0.388271  0.55
protocols::checkpoint: Deleting checkpoints of FastRelax
protocols.rosetta_scripts.ParsedProtocol: setting status to success
protocols.jd2.JobDistributor: flags_relax_v3_no_cart_nstruct_10_structure_0001 reported success in 30 seconds
protocols.jd2.PDBJobInputter: PDBJobInputter::pose_from_job
protocols.jd2.PDBJobInputter: filling pose from saved copy structure.pdb
protocols.jd2.PDBJobInputter: PDBJobInputter::pose_from_job
protocols.jd2.PDBJobInputter: filling pose from PDB structure.pdb
core.import_pose.import_pose: File 'structure.pdb' automatically determined to be of type PDB from contents.
protocols.rosetta_scripts.ParsedProtocol: =======================BEGIN MOVER MutateResidue - mutant=======================
protocols.rosetta_scripts.ParsedProtocol: =======================BEGIN MOVER FastRelax - relax=======================
protocols.relax.FastRelax: CMD: repeat  -208.514  0  0  0.55
protocols.relax.FastRelax: CMD: coord_cst_weight  -208.514  0  0  0.55
protocols.relax.FastRelax: CMD: scale:fa_rep  -252.935  0  0  0.022
core.pack.task: Packer task: initialize from command line() 
core.pack.pack_rotamers: built 1065 rotamers at 75 positions.
core.pack.interaction_graph.interaction_graph_factory: Instantiating DensePDInteractionGraph
protocols.relax.FastRelax: CMD: repack  -286.326  0  0  0.022
protocols.relax.FastRelax: CMD: scale:fa_rep  -285.329  0  0  0.02805
protocols.relax.FastRelax: CMD: min  -330.818  0.562301  0.562301  0.02805
protocols.relax.FastRelax: CMD: coord_cst_weight  -330.818  0.562301  0.562301  0.02805
protocols.relax.FastRelax: CMD: scale:fa_rep  -235.404  0.562301  0.562301  0.14575
core.pack.task: Packer task: initialize from command line() 
core.pack.pack_rotamers: built 998 rotamers at 75 positions.
core.pack.interaction_graph.interaction_graph_factory: Instantiating DensePDInteractionGraph
protocols.relax.FastRelax: CMD: repack  -236.791  0.562301  0.562301  0.14575
protocols.relax.FastRelax: CMD: scale:fa_rep  -230.38  0.562301  0.562301  0.154
protocols.relax.FastRelax: CMD: min  -287.19  0.272146  0.272146  0.154
protocols.relax.FastRelax: CMD: coord_cst_weight  -287.19  0.272146  0.272146  0.154
protocols.relax.FastRelax: CMD: scale:fa_rep  -254.791  0.272146  0.272146  0.30745
core.pack.task: Packer task: initialize from command line() 
core.pack.pack_rotamers: built 988 rotamers at 75 positions.
core.pack.interaction_graph.interaction_graph_factory: Instantiating DensePDInteractionGraph
protocols.relax.FastRelax: CMD: repack  -254.83  0.272146  0.272146  0.30745
protocols.relax.FastRelax: CMD: scale:fa_rep  -252.273  0.272146  0.272146  0.31955
protocols.relax.FastRelax: CMD: min  -265.169  0.17819  0.17819  0.31955
protocols.relax.FastRelax: CMD: coord_cst_weight  -265.169  0.17819  0.17819  0.31955
protocols.relax.FastRelax: CMD: scale:fa_rep  -238.47  0.17819  0.17819  0.55
core.pack.task: Packer task: initialize from command line() 
core.pack.pack_rotamers: built 963 rotamers at 75 positions.
core.pack.interaction_graph.interaction_graph_factory: Instantiating DensePDInteractionGraph
protocols.relax.FastRelax: CMD: repack  -238.47  0.17819  0.17819  0.55
protocols.relax.FastRelax: CMD: min  -248.444  0.199806  0.199806  0.55
protocols.relax.FastRelax: MRP: 0  -248.444  -248.444  0.199806  0.199806  
protocols.relax.FastRelax: CMD: accept_to_best  -248.444  0.199806  0.199806  0.55
protocols.relax.FastRelax: CMD: endrepeat  -248.444  0.199806  0.199806  0.55
protocols.relax.FastRelax: CMD: coord_cst_weight  -248.444  0.199806  0.199806  0.55
protocols.relax.FastRelax: CMD: scale:fa_rep  -288.993  0.199806  0.199806  0.022
core.pack.task: Packer task: initialize from command line() 
core.pack.pack_rotamers: built 1081 rotamers at 75 positions.
core.pack.interaction_graph.interaction_graph_factory: Instantiating DensePDInteractionGraph
protocols.relax.FastRelax: CMD: repack  -291.29  0.199806  0.199806  0.022
protocols.relax.FastRelax: CMD: scale:fa_rep  -289.975  0.199806  0.199806  0.02805
protocols.relax.FastRelax: CMD: min  -329.261  0.581402  0.581402  0.02805
protocols.relax.FastRelax: CMD: coord_cst_weight  -329.261  0.581402  0.581402  0.02805
protocols.relax.FastRelax: CMD: scale:fa_rep  -237.083  0.581402  0.581402  0.14575
core.pack.task: Packer task: initialize from command line() 
core.pack.pack_rotamers: built 1017 rotamers at 75 positions.
core.pack.interaction_graph.interaction_graph_factory: Instantiating DensePDInteractionGraph
protocols.relax.FastRelax: CMD: repack  -239.744  0.581402  0.581402  0.14575
protocols.relax.FastRelax: CMD: scale:fa_rep  -233.898  0.581402  0.581402  0.154
protocols.relax.FastRelax: CMD: min  -286.079  0.323144  0.323144  0.154
protocols.relax.FastRelax: CMD: coord_cst_weight  -286.079  0.323144  0.323144  0.154
protocols.relax.FastRelax: CMD: scale:fa_rep  -257.08  0.323144  0.323144  0.30745
core.pack.task: Packer task: initialize from command line() 
core.pack.pack_rotamers: built 993 rotamers at 75 positions.
core.pack.interaction_graph.interaction_graph_factory: Instantiating DensePDInteractionGraph
protocols.relax.FastRelax: CMD: repack  -257.08  0.323144  0.323144  0.30745
protocols.relax.FastRelax: CMD: scale:fa_rep  -254.793  0.323144  0.323144  0.31955
protocols.relax.FastRelax: CMD: min  -262.968  0.256395  0.256395  0.31955
protocols.relax.FastRelax: CMD: coord_cst_weight  -262.968  0.256395  0.256395  0.31955
protocols.relax.FastRelax: CMD: scale:fa_rep  -235.482  0.256395  0.256395  0.55
core.pack.task: Packer task: initialize from command line() 
core.pack.pack_rotamers: built 956 rotamers at 75 positions.
core.pack.interaction_graph.interaction_graph_factory: Instantiating DensePDInteractionGraph
protocols.relax.FastRelax: CMD: repack  -235.482  0.256395  0.256395  0.55
protocols.relax.FastRelax: CMD: min  -246.611  0.234175  0.234175  0.55
protocols.relax.FastRelax: MRP: 1  -246.611  -248.444  0.199806  0.199806  
protocols.relax.FastRelax: CMD: accept_to_best  -246.611  0.234175  0.234175  0.55
protocols.relax.FastRelax: CMD: endrepeat  -246.611  0.234175  0.234175  0.55
protocols.relax.FastRelax: CMD: coord_cst_weight  -246.611  0.234175  0.234175  0.55
protocols.relax.FastRelax: CMD: scale:fa_rep  -287.192  0.234175  0.234175  0.022
core.pack.task: Packer task: initialize from command line() 
core.pack.pack_rotamers: built 1084 rotamers at 75 positions.
core.pack.interaction_graph.interaction_graph_factory: Instantiating DensePDInteractionGraph
protocols.relax.FastRelax: CMD: repack  -292.333  0.234175  0.234175  0.022
protocols.relax.FastRelax: CMD: scale:fa_rep  -290.537  0.234175  0.234175  0.02805
protocols.relax.FastRelax: CMD: min  -325.729  0.49554  0.49554  0.02805
protocols.relax.FastRelax: CMD: coord_cst_weight  -325.729  0.49554  0.49554  0.02805
protocols.relax.FastRelax: CMD: scale:fa_rep  -246.427  0.49554  0.49554  0.14575
core.pack.task: Packer task: initialize from command line() 
core.pack.pack_rotamers: built 1033 rotamers at 75 positions.
core.pack.interaction_graph.interaction_graph_factory: Instantiating DensePDInteractionGraph
protocols.relax.FastRelax: CMD: repack  -249.274  0.49554  0.49554  0.14575
protocols.relax.FastRelax: CMD: scale:fa_rep  -244.095  0.49554  0.49554  0.154
protocols.relax.FastRelax: CMD: min  -286.617  0.341087  0.341087  0.154
protocols.relax.FastRelax: CMD: coord_cst_weight  -286.617  0.341087  0.341087  0.154
protocols.relax.FastRelax: CMD: scale:fa_rep  -255.025  0.341087  0.341087  0.30745
core.pack.task: Packer task: initialize from command line() 
core.pack.pack_rotamers: built 1008 rotamers at 75 positions.
core.pack.interaction_graph.interaction_graph_factory: Instantiating DensePDInteractionGraph
protocols.relax.FastRelax: CMD: repack  -255.581  0.341087  0.341087  0.30745
protocols.relax.FastRelax: CMD: scale:fa_rep  -253.212  0.341087  0.341087  0.31955
protocols.relax.FastRelax: CMD: min  -260.961  0.276301  0.276301  0.31955
protocols.relax.FastRelax: CMD: coord_cst_weight  -260.961  0.276301  0.276301  0.31955
protocols.relax.FastRelax: CMD: scale:fa_rep  -231.934  0.276301  0.276301  0.55
core.pack.task: Packer task: initialize from command line() 
core.pack.pack_rotamers: built 978 rotamers at 75 positions.
core.pack.interaction_graph.interaction_graph_factory: Instantiating DensePDInteractionGraph
protocols.relax.FastRelax: CMD: repack  -231.938  0.276301  0.276301  0.55
protocols.relax.FastRelax: CMD: min  -248.6  0.283631  0.283631  0.55
protocols.relax.FastRelax: MRP: 2  -248.6  -248.6  0.283631  0.283631  
protocols.relax.FastRelax: CMD: accept_to_best  -248.6  0.283631  0.283631  0.55
protocols.relax.FastRelax: CMD: endrepeat  -248.6  0.283631  0.283631  0.55
protocols.relax.FastRelax: CMD: coord_cst_weight  -248.6  0.283631  0.283631  0.55
protocols.relax.FastRelax: CMD: scale:fa_rep  -289.998  0.283631  0.283631  0.022
core.pack.task: Packer task: initialize from command line() 
core.pack.pack_rotamers: built 1089 rotamers at 75 positions.
core.pack.interaction_graph.interaction_graph_factory: Instantiating DensePDInteractionGraph
protocols.relax.FastRelax: CMD: repack  -291.511  0.283631  0.283631  0.022
protocols.relax.FastRelax: CMD: scale:fa_rep  -290.543  0.283631  0.283631  0.02805
protocols.relax.FastRelax: CMD: min  -334.546  0.618439  0.618439  0.02805
protocols.relax.FastRelax: CMD: coord_cst_weight  -334.546  0.618439  0.618439  0.02805
protocols.relax.FastRelax: CMD: scale:fa_rep  -233.382  0.618439  0.618439  0.14575
core.pack.task: Packer task: initialize from command line() 
core.pack.pack_rotamers: built 1020 rotamers at 75 positions.
core.pack.interaction_graph.interaction_graph_factory: Instantiating DensePDInteractionGraph
protocols.relax.FastRelax: CMD: repack  -236.295  0.618439  0.618439  0.14575
protocols.relax.FastRelax: CMD: scale:fa_rep  -229.76  0.618439  0.618439  0.154
protocols.relax.FastRelax: CMD: min  -291.023  0.361895  0.361895  0.154
protocols.relax.FastRelax: CMD: coord_cst_weight  -291.023  0.361895  0.361895  0.154
protocols.relax.FastRelax: CMD: scale:fa_rep  -260.78  0.361895  0.361895  0.30745
core.pack.task: Packer task: initialize from command line() 
core.pack.pack_rotamers: built 998 rotamers at 75 positions.
core.pack.interaction_graph.interaction_graph_factory: Instantiating DensePDInteractionGraph
protocols.relax.FastRelax: CMD: repack  -260.78  0.361895  0.361895  0.30745
protocols.relax.FastRelax: CMD: scale:fa_rep  -258.395  0.361895  0.361895  0.31955
protocols.relax.FastRelax: CMD: min  -264.576  0.2954  0.2954  0.31955
protocols.relax.FastRelax: CMD: coord_cst_weight  -264.576  0.2954  0.2954  0.31955
protocols.relax.FastRelax: CMD: scale:fa_rep  -233.848  0.2954  0.2954  0.55
core.pack.task: Packer task: initialize from command line() 
core.pack.pack_rotamers: built 953 rotamers at 75 positions.
core.pack.interaction_graph.interaction_graph_factory: Instantiating DensePDInteractionGraph
protocols.relax.FastRelax: CMD: repack  -233.848  0.2954  0.2954  0.55
protocols.relax.FastRelax: CMD: min  -248.136  0.257231  0.257231  0.55
protocols.relax.FastRelax: MRP: 3  -248.136  -248.6  0.283631  0.283631  
protocols.relax.FastRelax: CMD: accept_to_best  -248.136  0.257231  0.257231  0.55
protocols.relax.FastRelax: CMD: endrepeat  -248.136  0.257231  0.257231  0.55
protocols.relax.FastRelax: CMD: coord_cst_weight  -248.136  0.257231  0.257231  0.55
protocols.relax.FastRelax: CMD: scale:fa_rep  -289.087  0.257231  0.257231  0.022
core.pack.task: Packer task: initialize from command line() 
core.pack.pack_rotamers: built 1085 rotamers at 75 positions.
core.pack.interaction_graph.interaction_graph_factory: Instantiating DensePDInteractionGraph
protocols.relax.FastRelax: CMD: repack  -291.013  0.257231  0.257231  0.022
protocols.relax.FastRelax: CMD: scale:fa_rep  -289.52  0.257231  0.257231  0.02805
protocols.relax.FastRelax: CMD: min  -335.071  0.640981  0.640981  0.02805
protocols.relax.FastRelax: CMD: coord_cst_weight  -335.071  0.640981  0.640981  0.02805
protocols.relax.FastRelax: CMD: scale:fa_rep  -234.964  0.640981  0.640981  0.14575
core.pack.task: Packer task: initialize from command line() 
core.pack.pack_rotamers: built 1015 rotamers at 75 positions.
core.pack.interaction_graph.interaction_graph_factory: Instantiating DensePDInteractionGraph
protocols.relax.FastRelax: CMD: repack  -237.557  0.640981  0.640981  0.14575
protocols.relax.FastRelax: CMD: scale:fa_rep  -230.974  0.640981  0.640981  0.154
protocols.relax.FastRelax: CMD: min  -287.829  0.36826  0.36826  0.154
protocols.relax.FastRelax: CMD: coord_cst_weight  -287.829  0.36826  0.36826  0.154
protocols.relax.FastRelax: CMD: scale:fa_rep  -254.167  0.36826  0.36826  0.30745
core.pack.task: Packer task: initialize from command line() 
core.pack.pack_rotamers: built 1001 rotamers at 75 positions.
core.pack.interaction_graph.interaction_graph_factory: Instantiating DensePDInteractionGraph
protocols.relax.FastRelax: CMD: repack  -254.167  0.36826  0.36826  0.30745
protocols.relax.FastRelax: CMD: scale:fa_rep  -251.513  0.36826  0.36826  0.31955
protocols.relax.FastRelax: CMD: min  -260.913  0.321223  0.321223  0.31955
protocols.relax.FastRelax: CMD: coord_cst_weight  -260.913  0.321223  0.321223  0.31955
protocols.relax.FastRelax: CMD: scale:fa_rep  -228.531  0.321223  0.321223  0.55
core.pack.task: Packer task: initialize from command line() 
core.pack.pack_rotamers: built 945 rotamers at 75 positions.
core.pack.interaction_graph.interaction_graph_factory: Instantiating DensePDInteractionGraph
protocols.relax.FastRelax: CMD: repack  -228.532  0.321223  0.321223  0.55
protocols.relax.FastRelax: CMD: min  -248.108  0.259137  0.259137  0.55
protocols.relax.FastRelax: MRP: 4  -248.108  -248.6  0.283631  0.283631  
protocols.relax.FastRelax: CMD: accept_to_best  -248.108  0.259137  0.259137  0.55
protocols.relax.FastRelax: CMD: endrepeat  -248.108  0.259137  0.259137  0.55
protocols.relax.FastRelax: CMD: coord_cst_weight  -248.108  0.259137  0.259137  0.55
protocols.relax.FastRelax: CMD: scale:fa_rep  -289.064  0.259137  0.259137  0.022
core.pack.task: Packer task: initialize from command line() 
core.pack.pack_rotamers: built 1085 rotamers at 75 positions.
core.pack.interaction_graph.interaction_graph_factory: Instantiating DensePDInteractionGraph
protocols.relax.FastRelax: CMD: repack  -291.226  0.259137  0.259137  0.022
protocols.relax.FastRelax: CMD: scale:fa_rep  -290.029  0.259137  0.259137  0.02805
protocols.relax.FastRelax: CMD: min  -335.478  0.636693  0.636693  0.02805
protocols.relax.FastRelax: CMD: coord_cst_weight  -335.478  0.636693  0.636693  0.02805
protocols.relax.FastRelax: CMD: scale:fa_rep  -236.439  0.636693  0.636693  0.14575
core.pack.task: Packer task: initialize from command line() 
core.pack.pack_rotamers: built 1006 rotamers at 75 positions.
core.pack.interaction_graph.interaction_graph_factory: Instantiating DensePDInteractionGraph
protocols.relax.FastRelax: CMD: repack  -238.255  0.636693  0.636693  0.14575
protocols.relax.FastRelax: CMD: scale:fa_rep  -231.607  0.636693  0.636693  0.154
protocols.relax.FastRelax: CMD: min  -290.195  0.374326  0.374326  0.154
protocols.relax.FastRelax: CMD: coord_cst_weight  -290.195  0.374326  0.374326  0.154
protocols.relax.FastRelax: CMD: scale:fa_rep  -257.75  0.374326  0.374326  0.30745
core.pack.task: Packer task: initialize from command line() 
core.pack.pack_rotamers: built 988 rotamers at 75 positions.
core.pack.interaction_graph.interaction_graph_factory: Instantiating DensePDInteractionGraph
protocols.relax.FastRelax: CMD: repack  -257.75  0.374326  0.374326  0.30745
protocols.relax.FastRelax: CMD: scale:fa_rep  -255.192  0.374326  0.374326  0.31955
protocols.relax.FastRelax: CMD: min  -265.831  0.280135  0.280135  0.31955
protocols.relax.FastRelax: CMD: coord_cst_weight  -265.831  0.280135  0.280135  0.31955
protocols.relax.FastRelax: CMD: scale:fa_rep  -237.467  0.280135  0.280135  0.55
core.pack.task: Packer task: initialize from command line() 
core.pack.pack_rotamers: built 954 rotamers at 75 positions.
core.pack.interaction_graph.interaction_graph_factory: Instantiating DensePDInteractionGraph
protocols.relax.FastRelax: CMD: repack  -237.474  0.280135  0.280135  0.55
protocols.relax.FastRelax: CMD: min  -248.132  0.257564  0.257564  0.55
protocols.relax.FastRelax: MRP: 5  -248.132  -248.6  0.283631  0.283631  
protocols.relax.FastRelax: CMD: accept_to_best  -248.132  0.257564  0.257564  0.55
protocols.relax.FastRelax: CMD: endrepeat  -248.132  0.257564  0.257564  0.55
protocols.relax.FastRelax: CMD: coord_cst_weight  -248.132  0.257564  0.257564  0.55
protocols.relax.FastRelax: CMD: scale:fa_rep  -289.095  0.257564  0.257564  0.022
core.pack.task: Packer task: initialize from command line() 
core.pack.pack_rotamers: built 1085 rotamers at 75 positions.
core.pack.interaction_graph.interaction_graph_factory: Instantiating DensePDInteractionGraph
protocols.relax.FastRelax: CMD: repack  -291.252  0.257564  0.257564  0.022
protocols.relax.FastRelax: CMD: scale:fa_rep  -290.07  0.257564  0.257564  0.02805
protocols.relax.FastRelax: CMD: min  -334.303  0.624156  0.624156  0.02805
protocols.relax.FastRelax: CMD: coord_cst_weight  -334.303  0.624156  0.624156  0.02805
protocols.relax.FastRelax: CMD: scale:fa_rep  -237.153  0.624156  0.624156  0.14575
core.pack.task: Packer task: initialize from command line() 
core.pack.pack_rotamers: built 1001 rotamers at 75 positions.
core.pack.interaction_graph.interaction_graph_factory: Instantiating DensePDInteractionGraph
protocols.relax.FastRelax: CMD: repack  -236.068  0.624156  0.624156  0.14575
protocols.relax.FastRelax: CMD: scale:fa_rep  -229.62  0.624156  0.624156  0.154
protocols.relax.FastRelax: CMD: min  -288.307  0.359093  0.359093  0.154
protocols.relax.FastRelax: CMD: coord_cst_weight  -288.307  0.359093  0.359093  0.154
protocols.relax.FastRelax: CMD: scale:fa_rep  -258.003  0.359093  0.359093  0.30745
core.pack.task: Packer task: initialize from command line() 
core.pack.pack_rotamers: built 991 rotamers at 75 positions.
core.pack.interaction_graph.interaction_graph_factory: Instantiating DensePDInteractionGraph
protocols.relax.FastRelax: CMD: repack  -258.073  0.359093  0.359093  0.30745
protocols.relax.FastRelax: CMD: scale:fa_rep  -255.691  0.359093  0.359093  0.31955
protocols.relax.FastRelax: CMD: min  -263.465  0.309035  0.309035  0.31955
protocols.relax.FastRelax: CMD: coord_cst_weight  -263.465  0.309035  0.309035  0.31955
protocols.relax.FastRelax: CMD: scale:fa_rep  -234.879  0.309035  0.309035  0.55
core.pack.task: Packer task: initialize from command line() 
core.pack.pack_rotamers: built 952 rotamers at 75 positions.
core.pack.interaction_graph.interaction_graph_factory: Instantiating DensePDInteractionGraph
protocols.relax.FastRelax: CMD: repack  -234.879  0.309035  0.309035  0.55
protocols.relax.FastRelax: CMD: min  -245.705  0.262678  0.262678  0.55
protocols.relax.FastRelax: MRP: 6  -245.705  -248.6  0.283631  0.283631  
protocols.relax.FastRelax: CMD: accept_to_best  -245.705  0.262678  0.262678  0.55
protocols.relax.FastRelax: CMD: endrepeat  -245.705  0.262678  0.262678  0.55
protocols.relax.FastRelax: CMD: coord_cst_weight  -245.705  0.262678  0.262678  0.55
protocols.relax.FastRelax: CMD: scale:fa_rep  -286.28  0.262678  0.262678  0.022
core.pack.task: Packer task: initialize from command line() 
core.pack.pack_rotamers: built 1088 rotamers at 75 positions.
core.pack.interaction_graph.interaction_graph_factory: Instantiating DensePDInteractionGraph
protocols.relax.FastRelax: CMD: repack  -289.636  0.262678  0.262678  0.022
protocols.relax.FastRelax: CMD: scale:fa_rep  -288.107  0.262678  0.262678  0.02805
protocols.relax.FastRelax: CMD: min  -331.289  0.594137  0.594137  0.02805
protocols.relax.FastRelax: CMD: coord_cst_weight  -331.289  0.594137  0.594137  0.02805
protocols.relax.FastRelax: CMD: scale:fa_rep  -233.535  0.594137  0.594137  0.14575
core.pack.task: Packer task: initialize from command line() 
core.pack.pack_rotamers: built 1008 rotamers at 75 positions.
core.pack.interaction_graph.interaction_graph_factory: Instantiating DensePDInteractionGraph
protocols.relax.FastRelax: CMD: repack  -236.995  0.594137  0.594137  0.14575
protocols.relax.FastRelax: CMD: scale:fa_rep  -230.726  0.594137  0.594137  0.154
protocols.relax.FastRelax: CMD: min  -286.345  0.365063  0.365063  0.154
protocols.relax.FastRelax: CMD: coord_cst_weight  -286.345  0.365063  0.365063  0.154
protocols.relax.FastRelax: CMD: scale:fa_rep  -254.643  0.365063  0.365063  0.30745
core.pack.task: Packer task: initialize from command line() 
core.pack.pack_rotamers: built 1000 rotamers at 75 positions.
core.pack.interaction_graph.interaction_graph_factory: Instantiating DensePDInteractionGraph
protocols.relax.FastRelax: CMD: repack  -254.694  0.365063  0.365063  0.30745
protocols.relax.FastRelax: CMD: scale:fa_rep  -252.194  0.365063  0.365063  0.31955
protocols.relax.FastRelax: CMD: min  -260.702  0.306898  0.306898  0.31955
protocols.relax.FastRelax: CMD: coord_cst_weight  -260.702  0.306898  0.306898  0.31955
protocols.relax.FastRelax: CMD: scale:fa_rep  -229.632  0.306898  0.306898  0.55
core.pack.task: Packer task: initialize from command line() 
core.pack.pack_rotamers: built 946 rotamers at 75 positions.
core.pack.interaction_graph.interaction_graph_factory: Instantiating DensePDInteractionGraph
protocols.relax.FastRelax: CMD: repack  -229.632  0.306898  0.306898  0.55
protocols.relax.FastRelax: CMD: min  -245.776  0.276499  0.276499  0.55
protocols.relax.FastRelax: MRP: 7  -245.776  -248.6  0.283631  0.283631  
protocols.relax.FastRelax: CMD: accept_to_best  -245.776  0.276499  0.276499  0.55
protocols.relax.FastRelax: CMD: endrepeat  -245.776  0.276499  0.276499  0.55
protocols.relax.FastRelax: CMD: coord_cst_weight  -245.776  0.276499  0.276499  0.55
protocols.relax.FastRelax: CMD: scale:fa_rep  -286.531  0.276499  0.276499  0.022
core.pack.task: Packer task: initialize from command line() 
core.pack.pack_rotamers: built 1082 rotamers at 75 positions.
core.pack.interaction_graph.interaction_graph_factory: Instantiating DensePDInteractionGraph
protocols.relax.FastRelax: CMD: repack  -289.975  0.276499  0.276499  0.022
protocols.relax.FastRelax: CMD: scale:fa_rep  -288.478  0.276499  0.276499  0.02805
protocols.relax.FastRelax: CMD: min  -328.935  0.579812  0.579812  0.02805
protocols.relax.FastRelax: CMD: coord_cst_weight  -328.935  0.579812  0.579812  0.02805
protocols.relax.FastRelax: CMD: scale:fa_rep  -232.867  0.579812  0.579812  0.14575
core.pack.task: Packer task: initialize from command line() 
core.pack.pack_rotamers: built 999 rotamers at 75 positions.
core.pack.interaction_graph.interaction_graph_factory: Instantiating DensePDInteractionGraph
protocols.relax.FastRelax: CMD: repack  -236.66  0.579812  0.579812  0.14575
protocols.relax.FastRelax: CMD: scale:fa_rep  -230.339  0.579812  0.579812  0.154
protocols.relax.FastRelax: CMD: min  -290.167  0.368821  0.368821  0.154
protocols.relax.FastRelax: CMD: coord_cst_weight  -290.167  0.368821  0.368821  0.154
protocols.relax.FastRelax: CMD: scale:fa_rep  -259.172  0.368821  0.368821  0.30745
core.pack.task: Packer task: initialize from command line() 
core.pack.pack_rotamers: built 993 rotamers at 75 positions.
core.pack.interaction_graph.interaction_graph_factory: Instantiating DensePDInteractionGraph
protocols.relax.FastRelax: CMD: repack  -259.372  0.368821  0.368821  0.30745
protocols.relax.FastRelax: CMD: scale:fa_rep  -256.937  0.368821  0.368821  0.31955
protocols.relax.FastRelax: CMD: min  -263.232  0.300133  0.300133  0.31955
protocols.relax.FastRelax: CMD: coord_cst_weight  -263.232  0.300133  0.300133  0.31955
protocols.relax.FastRelax: CMD: scale:fa_rep  -232.392  0.300133  0.300133  0.55
core.pack.task: Packer task: initialize from command line() 
core.pack.pack_rotamers: built 955 rotamers at 75 positions.
core.pack.interaction_graph.interaction_graph_factory: Instantiating DensePDInteractionGraph
protocols.relax.FastRelax: CMD: repack  -232.392  0.300133  0.300133  0.55
protocols.relax.FastRelax: CMD: min  -245.505  0.288984  0.288984  0.55
protocols.relax.FastRelax: MRP: 8  -245.505  -248.6  0.283631  0.283631  
protocols.relax.FastRelax: CMD: accept_to_best  -245.505  0.288984  0.288984  0.55
protocols.relax.FastRelax: CMD: endrepeat  -245.505  0.288984  0.288984  0.55
protocols.relax.FastRelax: CMD: coord_cst_weight  -245.505  0.288984  0.288984  0.55
protocols.relax.FastRelax: CMD: scale:fa_rep  -287.196  0.288984  0.288984  0.022
core.pack.task: Packer task: initialize from command line() 
core.pack.pack_rotamers: built 1089 rotamers at 75 positions.
core.pack.interaction_graph.interaction_graph_factory: Instantiating DensePDInteractionGraph
protocols.relax.FastRelax: CMD: repack  -289.327  0.288984  0.288984  0.022
protocols.relax.FastRelax: CMD: scale:fa_rep  -288.411  0.288984  0.288984  0.02805
protocols.relax.FastRelax: CMD: min  -332.745  0.627974  0.627974  0.02805
protocols.relax.FastRelax: CMD: coord_cst_weight  -332.745  0.627974  0.627974  0.02805
protocols.relax.FastRelax: CMD: scale:fa_rep  -232.319  0.627974  0.627974  0.14575
core.pack.task: Packer task: initialize from command line() 
core.pack.pack_rotamers: built 1008 rotamers at 75 positions.
core.pack.interaction_graph.interaction_graph_factory: Instantiating DensePDInteractionGraph
protocols.relax.FastRelax: CMD: repack  -234.901  0.627974  0.627974  0.14575
protocols.relax.FastRelax: CMD: scale:fa_rep  -228.324  0.627974  0.627974  0.154
protocols.relax.FastRelax: CMD: min  -288.029  0.368731  0.368731  0.154
protocols.relax.FastRelax: CMD: coord_cst_weight  -288.029  0.368731  0.368731  0.154
protocols.relax.FastRelax: CMD: scale:fa_rep  -256.59  0.368731  0.368731  0.30745
core.pack.task: Packer task: initialize from command line() 
core.pack.pack_rotamers: built 1000 rotamers at 75 positions.
core.pack.interaction_graph.interaction_graph_factory: Instantiating DensePDInteractionGraph
protocols.relax.FastRelax: CMD: repack  -256.59  0.368731  0.368731  0.30745
protocols.relax.FastRelax: CMD: scale:fa_rep  -254.111  0.368731  0.368731  0.31955
protocols.relax.FastRelax: CMD: min  -262.192  0.297125  0.297125  0.31955
protocols.relax.FastRelax: CMD: coord_cst_weight  -262.192  0.297125  0.297125  0.31955
protocols.relax.FastRelax: CMD: scale:fa_rep  -232.593  0.297125  0.297125  0.55
core.pack.task: Packer task: initialize from command line() 
core.pack.pack_rotamers: built 958 rotamers at 75 positions.
core.pack.interaction_graph.interaction_graph_factory: Instantiating DensePDInteractionGraph
protocols.relax.FastRelax: CMD: repack  -232.757  0.297125  0.297125  0.55
protocols.relax.FastRelax: CMD: min  -245.197  0.282191  0.282191  0.55
protocols.relax.FastRelax: MRP: 9  -245.197  -248.6  0.283631  0.283631  
protocols.relax.FastRelax: CMD: accept_to_best  -245.197  0.282191  0.282191  0.55
protocols.relax.FastRelax: CMD: endrepeat  -245.197  0.282191  0.282191  0.55
protocols::checkpoint: Deleting checkpoints of FastRelax
protocols.rosetta_scripts.ParsedProtocol: setting status to success
protocols.jd2.JobDistributor: flags_relax_v3_no_cart_nstruct_10_structure_0002 reported success in 25 seconds
protocols.jd2.PDBJobInputter: PDBJobInputter::pose_from_job
protocols.jd2.PDBJobInputter: filling pose from saved copy structure.pdb
protocols.jd2.PDBJobInputter: PDBJobInputter::pose_from_job
protocols.jd2.PDBJobInputter: filling pose from PDB structure.pdb
core.import_pose.import_pose: File 'structure.pdb' automatically determined to be of type PDB from contents.
protocols.rosetta_scripts.ParsedProtocol: =======================BEGIN MOVER MutateResidue - mutant=======================
protocols.rosetta_scripts.ParsedProtocol: =======================BEGIN MOVER FastRelax - relax=======================
protocols.relax.FastRelax: CMD: repeat  -208.514  0  0  0.55
protocols.relax.FastRelax: CMD: coord_cst_weight  -208.514  0  0  0.55
protocols.relax.FastRelax: CMD: scale:fa_rep  -252.935  0  0  0.022
core.pack.task: Packer task: initialize from command line() 
core.pack.pack_rotamers: built 1065 rotamers at 75 positions.
core.pack.interaction_graph.interaction_graph_factory: Instantiating DensePDInteractionGraph
protocols.relax.FastRelax: CMD: repack  -286.326  0  0  0.022
protocols.relax.FastRelax: CMD: scale:fa_rep  -285.329  0  0  0.02805
protocols.relax.FastRelax: CMD: min  -330.818  0.562301  0.562301  0.02805
protocols.relax.FastRelax: CMD: coord_cst_weight  -330.818  0.562301  0.562301  0.02805
protocols.relax.FastRelax: CMD: scale:fa_rep  -235.404  0.562301  0.562301  0.14575
core.pack.task: Packer task: initialize from command line() 
core.pack.pack_rotamers: built 998 rotamers at 75 positions.
core.pack.interaction_graph.interaction_graph_factory: Instantiating DensePDInteractionGraph
protocols.relax.FastRelax: CMD: repack  -236.587  0.562301  0.562301  0.14575
protocols.relax.FastRelax: CMD: scale:fa_rep  -230.249  0.562301  0.562301  0.154
protocols.relax.FastRelax: CMD: min  -288.016  0.259701  0.259701  0.154
protocols.relax.FastRelax: CMD: coord_cst_weight  -288.016  0.259701  0.259701  0.154
protocols.relax.FastRelax: CMD: scale:fa_rep  -257.905  0.259701  0.259701  0.30745
core.pack.task: Packer task: initialize from command line() 
core.pack.pack_rotamers: built 990 rotamers at 75 positions.
core.pack.interaction_graph.interaction_graph_factory: Instantiating DensePDInteractionGraph
protocols.relax.FastRelax: CMD: repack  -257.92  0.259701  0.259701  0.30745
protocols.relax.FastRelax: CMD: scale:fa_rep  -255.552  0.259701  0.259701  0.31955
protocols.relax.FastRelax: CMD: min  -263.829  0.201739  0.201739  0.31955
protocols.relax.FastRelax: CMD: coord_cst_weight  -263.829  0.201739  0.201739  0.31955
protocols.relax.FastRelax: CMD: scale:fa_rep  -235.245  0.201739  0.201739  0.55
core.pack.task: Packer task: initialize from command line() 
core.pack.pack_rotamers: built 952 rotamers at 75 positions.
core.pack.interaction_graph.interaction_graph_factory: Instantiating DensePDInteractionGraph
protocols.relax.FastRelax: CMD: repack  -235.283  0.201739  0.201739  0.55
protocols.relax.FastRelax: CMD: min  -247.796  0.199789  0.199789  0.55
protocols.relax.FastRelax: MRP: 0  -247.796  -247.796  0.199789  0.199789  
protocols.relax.FastRelax: CMD: accept_to_best  -247.796  0.199789  0.199789  0.55
protocols.relax.FastRelax: CMD: endrepeat  -247.796  0.199789  0.199789  0.55
protocols.relax.FastRelax: CMD: coord_cst_weight  -247.796  0.199789  0.199789  0.55
protocols.relax.FastRelax: CMD: scale:fa_rep  -288.46  0.199789  0.199789  0.022
core.pack.task: Packer task: initialize from command line() 
core.pack.pack_rotamers: built 1081 rotamers at 75 positions.
core.pack.interaction_graph.interaction_graph_factory: Instantiating DensePDInteractionGraph
protocols.relax.FastRelax: CMD: repack  -290.941  0.199789  0.199789  0.022
protocols.relax.FastRelax: CMD: scale:fa_rep  -289.96  0.199789  0.199789  0.02805
protocols.relax.FastRelax: CMD: min  -331.558  0.598631  0.598631  0.02805
protocols.relax.FastRelax: CMD: coord_cst_weight  -331.558  0.598631  0.598631  0.02805
protocols.relax.FastRelax: CMD: scale:fa_rep  -239.547  0.598631  0.598631  0.14575
core.pack.task: Packer task: initialize from command line() 
core.pack.pack_rotamers: built 1018 rotamers at 75 positions.
core.pack.interaction_graph.interaction_graph_factory: Instantiating DensePDInteractionGraph
protocols.relax.FastRelax: CMD: repack  -239.942  0.598631  0.598631  0.14575
protocols.relax.FastRelax: CMD: scale:fa_rep  -233.586  0.598631  0.598631  0.154
protocols.relax.FastRelax: CMD: min  -290.148  0.331773  0.331773  0.154
protocols.relax.FastRelax: CMD: coord_cst_weight  -290.148  0.331773  0.331773  0.154
protocols.relax.FastRelax: CMD: scale:fa_rep  -259.102  0.331773  0.331773  0.30745
core.pack.task: Packer task: initialize from command line() 
core.pack.pack_rotamers: built 984 rotamers at 75 positions.
core.pack.interaction_graph.interaction_graph_factory: Instantiating DensePDInteractionGraph
protocols.relax.FastRelax: CMD: repack  -259.102  0.331773  0.331773  0.30745
protocols.relax.FastRelax: CMD: scale:fa_rep  -256.654  0.331773  0.331773  0.31955
protocols.relax.FastRelax: CMD: min  -266.257  0.258025  0.258025  0.31955
protocols.relax.FastRelax: CMD: coord_cst_weight  -266.257  0.258025  0.258025  0.31955
protocols.relax.FastRelax: CMD: scale:fa_rep  -238.628  0.258025  0.258025  0.55
core.pack.task: Packer task: initialize from command line() 
core.pack.pack_rotamers: built 957 rotamers at 75 positions.
core.pack.interaction_graph.interaction_graph_factory: Instantiating DensePDInteractionGraph
protocols.relax.FastRelax: CMD: repack  -238.652  0.258025  0.258025  0.55
protocols.relax.FastRelax: CMD: min  -247.979  0.215041  0.215041  0.55
protocols.relax.FastRelax: MRP: 1  -247.979  -247.979  0.215041  0.215041  
protocols.relax.FastRelax: CMD: accept_to_best  -247.979  0.215041  0.215041  0.55
protocols.relax.FastRelax: CMD: endrepeat  -247.979  0.215041  0.215041  0.55
protocols.relax.FastRelax: CMD: coord_cst_weight  -247.979  0.215041  0.215041  0.55
protocols.relax.FastRelax: CMD: scale:fa_rep  -288.693  0.215041  0.215041  0.022
core.pack.task: Packer task: initialize from command line() 
core.pack.pack_rotamers: built 1078 rotamers at 75 positions.
core.pack.interaction_graph.interaction_graph_factory: Instantiating DensePDInteractionGraph
protocols.relax.FastRelax: CMD: repack  -290.741  0.215041  0.215041  0.022
protocols.relax.FastRelax: CMD: scale:fa_rep  -289.643  0.215041  0.215041  0.02805
protocols.relax.FastRelax: CMD: min  -332.712  0.610428  0.610428  0.02805
protocols.relax.FastRelax: CMD: coord_cst_weight  -332.712  0.610428  0.610428  0.02805
protocols.relax.FastRelax: CMD: scale:fa_rep  -239.543  0.610428  0.610428  0.14575
core.pack.task: Packer task: initialize from command line() 
core.pack.pack_rotamers: built 1018 rotamers at 75 positions.
core.pack.interaction_graph.interaction_graph_factory: Instantiating DensePDInteractionGraph
protocols.relax.FastRelax: CMD: repack  -240.113  0.610428  0.610428  0.14575
protocols.relax.FastRelax: CMD: scale:fa_rep  -233.867  0.610428  0.610428  0.154
protocols.relax.FastRelax: CMD: min  -289.245  0.324389  0.324389  0.154
protocols.relax.FastRelax: CMD: coord_cst_weight  -289.245  0.324389  0.324389  0.154
protocols.relax.FastRelax: CMD: scale:fa_rep  -258.042  0.324389  0.324389  0.30745
core.pack.task: Packer task: initialize from command line() 
core.pack.pack_rotamers: built 989 rotamers at 75 positions.
core.pack.interaction_graph.interaction_graph_factory: Instantiating DensePDInteractionGraph
protocols.relax.FastRelax: CMD: repack  -258.042  0.324389  0.324389  0.30745
protocols.relax.FastRelax: CMD: scale:fa_rep  -255.581  0.324389  0.324389  0.31955
protocols.relax.FastRelax: CMD: min  -263.629  0.266385  0.266385  0.31955
protocols.relax.FastRelax: CMD: coord_cst_weight  -263.629  0.266385  0.266385  0.31955
protocols.relax.FastRelax: CMD: scale:fa_rep  -232.845  0.266385  0.266385  0.55
core.pack.task: Packer task: initialize from command line() 
core.pack.pack_rotamers: built 946 rotamers at 75 positions.
core.pack.interaction_graph.interaction_graph_factory: Instantiating DensePDInteractionGraph
protocols.relax.FastRelax: CMD: repack  -233.264  0.266385  0.266385  0.55
protocols.relax.FastRelax: CMD: min  -247.866  0.213751  0.213751  0.55
protocols.relax.FastRelax: MRP: 2  -247.866  -247.979  0.215041  0.215041  
protocols.relax.FastRelax: CMD: accept_to_best  -247.866  0.213751  0.213751  0.55
protocols.relax.FastRelax: CMD: endrepeat  -247.866  0.213751  0.213751  0.55
protocols.relax.FastRelax: CMD: coord_cst_weight  -247.866  0.213751  0.213751  0.55
protocols.relax.FastRelax: CMD: scale:fa_rep  -288.586  0.213751  0.213751  0.022
core.pack.task: Packer task: initialize from command line() 
core.pack.pack_rotamers: built 1080 rotamers at 75 positions.
core.pack.interaction_graph.interaction_graph_factory: Instantiating DensePDInteractionGraph
protocols.relax.FastRelax: CMD: repack  -290.405  0.213751  0.213751  0.022
protocols.relax.FastRelax: CMD: scale:fa_rep  -289.044  0.213751  0.213751  0.02805
protocols.relax.FastRelax: CMD: min  -330.827  0.585424  0.585424  0.02805
protocols.relax.FastRelax: CMD: coord_cst_weight  -330.827  0.585424  0.585424  0.02805
protocols.relax.FastRelax: CMD: scale:fa_rep  -238.176  0.585424  0.585424  0.14575
core.pack.task: Packer task: initialize from command line() 
core.pack.pack_rotamers: built 1024 rotamers at 75 positions.
core.pack.interaction_graph.interaction_graph_factory: Instantiating DensePDInteractionGraph
protocols.relax.FastRelax: CMD: repack  -240.631  0.585424  0.585424  0.14575
protocols.relax.FastRelax: CMD: scale:fa_rep  -234.548  0.585424  0.585424  0.154
protocols.relax.FastRelax: CMD: min  -286.95  0.351786  0.351786  0.154
protocols.relax.FastRelax: CMD: coord_cst_weight  -286.95  0.351786  0.351786  0.154
protocols.relax.FastRelax: CMD: scale:fa_rep  -255.046  0.351786  0.351786  0.30745
core.pack.task: Packer task: initialize from command line() 
core.pack.pack_rotamers: built 998 rotamers at 75 positions.
core.pack.interaction_graph.interaction_graph_factory: Instantiating DensePDInteractionGraph
protocols.relax.FastRelax: CMD: repack  -255.128  0.351786  0.351786  0.30745
protocols.relax.FastRelax: CMD: scale:fa_rep  -252.696  0.351786  0.351786  0.31955
protocols.relax.FastRelax: CMD: min  -263.784  0.278183  0.278183  0.31955
protocols.relax.FastRelax: CMD: coord_cst_weight  -263.784  0.278183  0.278183  0.31955
protocols.relax.FastRelax: CMD: scale:fa_rep  -236.297  0.278183  0.278183  0.55
core.pack.task: Packer task: initialize from command line() 
core.pack.pack_rotamers: built 960 rotamers at 75 positions.
core.pack.interaction_graph.interaction_graph_factory: Instantiating DensePDInteractionGraph
protocols.relax.FastRelax: CMD: repack  -236.297  0.278183  0.278183  0.55
protocols.relax.FastRelax: CMD: min  -246.466  0.239012  0.239012  0.55
protocols.relax.FastRelax: MRP: 3  -246.466  -247.979  0.215041  0.215041  
protocols.relax.FastRelax: CMD: accept_to_best  -246.466  0.239012  0.239012  0.55
protocols.relax.FastRelax: CMD: endrepeat  -246.466  0.239012  0.239012  0.55
protocols.relax.FastRelax: CMD: coord_cst_weight  -246.466  0.239012  0.239012  0.55
protocols.relax.FastRelax: CMD: scale:fa_rep  -286.846  0.239012  0.239012  0.022
core.pack.task: Packer task: initialize from command line() 
core.pack.pack_rotamers: built 1087 rotamers at 75 positions.
core.pack.interaction_graph.interaction_graph_factory: Instantiating DensePDInteractionGraph
protocols.relax.FastRelax: CMD: repack  -290.108  0.239012  0.239012  0.022
protocols.relax.FastRelax: CMD: scale:fa_rep  -288.727  0.239012  0.239012  0.02805
protocols.relax.FastRelax: CMD: min  -333.657  0.673727  0.673727  0.02805
protocols.relax.FastRelax: CMD: coord_cst_weight  -333.657  0.673727  0.673727  0.02805
protocols.relax.FastRelax: CMD: scale:fa_rep  -226.847  0.673727  0.673727  0.14575
core.pack.task: Packer task: initialize from command line() 
core.pack.pack_rotamers: built 1024 rotamers at 75 positions.
core.pack.interaction_graph.interaction_graph_factory: Instantiating DensePDInteractionGraph
protocols.relax.FastRelax: CMD: repack  -228.563  0.673727  0.673727  0.14575
protocols.relax.FastRelax: CMD: scale:fa_rep  -221.527  0.673727  0.673727  0.154
protocols.relax.FastRelax: CMD: min  -288.879  0.332694  0.332694  0.154
protocols.relax.FastRelax: CMD: coord_cst_weight  -288.879  0.332694  0.332694  0.154
protocols.relax.FastRelax: CMD: scale:fa_rep  -258.916  0.332694  0.332694  0.30745
core.pack.task: Packer task: initialize from command line() 
core.pack.pack_rotamers: built 977 rotamers at 75 positions.
core.pack.interaction_graph.interaction_graph_factory: Instantiating DensePDInteractionGraph
protocols.relax.FastRelax: CMD: repack  -258.916  0.332694  0.332694  0.30745
protocols.relax.FastRelax: CMD: scale:fa_rep  -256.554  0.332694  0.332694  0.31955
protocols.relax.FastRelax: CMD: min  -264.032  0.2797  0.2797  0.31955
protocols.relax.FastRelax: CMD: coord_cst_weight  -264.032  0.2797  0.2797  0.31955
protocols.relax.FastRelax: CMD: scale:fa_rep  -235.286  0.2797  0.2797  0.55
core.pack.task: Packer task: initialize from command line() 
core.pack.pack_rotamers: built 961 rotamers at 75 positions.
core.pack.interaction_graph.interaction_graph_factory: Instantiating DensePDInteractionGraph
protocols.relax.FastRelax: CMD: repack  -235.292  0.2797  0.2797  0.55
protocols.relax.FastRelax: CMD: min  -247.155  0.24895  0.24895  0.55
protocols.relax.FastRelax: MRP: 4  -247.155  -247.979  0.215041  0.215041  
protocols.relax.FastRelax: CMD: accept_to_best  -247.155  0.24895  0.24895  0.55
protocols.relax.FastRelax: CMD: endrepeat  -247.155  0.24895  0.24895  0.55
protocols.relax.FastRelax: CMD: coord_cst_weight  -247.155  0.24895  0.24895  0.55
protocols.relax.FastRelax: CMD: scale:fa_rep  -287.506  0.24895  0.24895  0.022
core.pack.task: Packer task: initialize from command line() 
core.pack.pack_rotamers: built 1086 rotamers at 75 positions.
core.pack.interaction_graph.interaction_graph_factory: Instantiating DensePDInteractionGraph
protocols.relax.FastRelax: CMD: repack  -290.746  0.24895  0.24895  0.022
protocols.relax.FastRelax: CMD: scale:fa_rep  -289.322  0.24895  0.24895  0.02805
protocols.relax.FastRelax: CMD: min  -333.454  0.662099  0.662099  0.02805
protocols.relax.FastRelax: CMD: coord_cst_weight  -333.454  0.662099  0.662099  0.02805
protocols.relax.FastRelax: CMD: scale:fa_rep  -229.575  0.662099  0.662099  0.14575
core.pack.task: Packer task: initialize from command line() 
core.pack.pack_rotamers: built 1017 rotamers at 75 positions.
core.pack.interaction_graph.interaction_graph_factory: Instantiating DensePDInteractionGraph
protocols.relax.FastRelax: CMD: repack  -228.057  0.662099  0.662099  0.14575
protocols.relax.FastRelax: CMD: scale:fa_rep  -221.033  0.662099  0.662099  0.154
protocols.relax.FastRelax: CMD: min  -286.988  0.373904  0.373904  0.154
protocols.relax.FastRelax: CMD: coord_cst_weight  -286.988  0.373904  0.373904  0.154
protocols.relax.FastRelax: CMD: scale:fa_rep  -255.107  0.373904  0.373904  0.30745
core.pack.task: Packer task: initialize from command line() 
core.pack.pack_rotamers: built 1010 rotamers at 75 positions.
core.pack.interaction_graph.interaction_graph_factory: Instantiating DensePDInteractionGraph
protocols.relax.FastRelax: CMD: repack  -255.557  0.373904  0.373904  0.30745
protocols.relax.FastRelax: CMD: scale:fa_rep  -252.984  0.373904  0.373904  0.31955
protocols.relax.FastRelax: CMD: min  -261.926  0.326496  0.326496  0.31955
protocols.relax.FastRelax: CMD: coord_cst_weight  -261.926  0.326496  0.326496  0.31955
protocols.relax.FastRelax: CMD: scale:fa_rep  -230.925  0.326496  0.326496  0.55
core.pack.task: Packer task: initialize from command line() 
core.pack.pack_rotamers: built 969 rotamers at 75 positions.
core.pack.interaction_graph.interaction_graph_factory: Instantiating DensePDInteractionGraph
protocols.relax.FastRelax: CMD: repack  -230.954  0.326496  0.326496  0.55
protocols.relax.FastRelax: CMD: min  -245.563  0.346606  0.346606  0.55
protocols.relax.FastRelax: MRP: 5  -245.563  -247.979  0.215041  0.215041  
protocols.relax.FastRelax: CMD: accept_to_best  -245.563  0.346606  0.346606  0.55
protocols.relax.FastRelax: CMD: endrepeat  -245.563  0.346606  0.346606  0.55
protocols.relax.FastRelax: CMD: coord_cst_weight  -245.563  0.346606  0.346606  0.55
protocols.relax.FastRelax: CMD: scale:fa_rep  -287.755  0.346606  0.346606  0.022
core.pack.task: Packer task: initialize from command line() 
core.pack.pack_rotamers: built 1089 rotamers at 75 positions.
core.pack.interaction_graph.interaction_graph_factory: Instantiating DensePDInteractionGraph
protocols.relax.FastRelax: CMD: repack  -290.41  0.346606  0.346606  0.022
protocols.relax.FastRelax: CMD: scale:fa_rep  -289.097  0.346606  0.346606  0.02805
protocols.relax.FastRelax: CMD: min  -336.136  0.675481  0.675481  0.02805
protocols.relax.FastRelax: CMD: coord_cst_weight  -336.136  0.675481  0.675481  0.02805
protocols.relax.FastRelax: CMD: scale:fa_rep  -234.709  0.675481  0.675481  0.14575
core.pack.task: Packer task: initialize from command line() 
core.pack.pack_rotamers: built 1031 rotamers at 75 positions.
core.pack.interaction_graph.interaction_graph_factory: Instantiating DensePDInteractionGraph
protocols.relax.FastRelax: CMD: repack  -236.319  0.675481  0.675481  0.14575
protocols.relax.FastRelax: CMD: scale:fa_rep  -229.616  0.675481  0.675481  0.154
protocols.relax.FastRelax: CMD: min  -285.917  0.454686  0.454686  0.154
protocols.relax.FastRelax: CMD: coord_cst_weight  -285.917  0.454686  0.454686  0.154
protocols.relax.FastRelax: CMD: scale:fa_rep  -249.204  0.454686  0.454686  0.30745
core.pack.task: Packer task: initialize from command line() 
core.pack.pack_rotamers: built 1008 rotamers at 75 positions.
core.pack.interaction_graph.interaction_graph_factory: Instantiating DensePDInteractionGraph
protocols.relax.FastRelax: CMD: repack  -249.208  0.454686  0.454686  0.30745
protocols.relax.FastRelax: CMD: scale:fa_rep  -246.313  0.454686  0.454686  0.31955
protocols.relax.FastRelax: CMD: min  -263.957  0.354363  0.354363  0.31955
protocols.relax.FastRelax: CMD: coord_cst_weight  -263.957  0.354363  0.354363  0.31955
protocols.relax.FastRelax: CMD: scale:fa_rep  -235.225  0.354363  0.354363  0.55
core.pack.task: Packer task: initialize from command line() 
core.pack.pack_rotamers: built 964 rotamers at 75 positions.
core.pack.interaction_graph.interaction_graph_factory: Instantiating DensePDInteractionGraph
protocols.relax.FastRelax: CMD: repack  -235.225  0.354363  0.354363  0.55
protocols.relax.FastRelax: CMD: min  -244.739  0.346396  0.346396  0.55
protocols.relax.FastRelax: MRP: 6  -244.739  -247.979  0.215041  0.215041  
protocols.relax.FastRelax: CMD: accept_to_best  -244.739  0.346396  0.346396  0.55
protocols.relax.FastRelax: CMD: endrepeat  -244.739  0.346396  0.346396  0.55
protocols.relax.FastRelax: CMD: coord_cst_weight  -244.739  0.346396  0.346396  0.55
protocols.relax.FastRelax: CMD: scale:fa_rep  -287.321  0.346396  0.346396  0.022
core.pack.task: Packer task: initialize from command line() 
core.pack.pack_rotamers: built 1092 rotamers at 75 positions.
core.pack.interaction_graph.interaction_graph_factory: Instantiating DensePDInteractionGraph
protocols.relax.FastRelax: CMD: repack  -290.001  0.346396  0.346396  0.022
protocols.relax.FastRelax: CMD: scale:fa_rep  -288.878  0.346396  0.346396  0.02805
protocols.relax.FastRelax: CMD: min  -336.02  0.672126  0.672126  0.02805
protocols.relax.FastRelax: CMD: coord_cst_weight  -336.02  0.672126  0.672126  0.02805
protocols.relax.FastRelax: CMD: scale:fa_rep  -234.121  0.672126  0.672126  0.14575
core.pack.task: Packer task: initialize from command line() 
core.pack.pack_rotamers: built 1034 rotamers at 75 positions.
core.pack.interaction_graph.interaction_graph_factory: Instantiating DensePDInteractionGraph
protocols.relax.FastRelax: CMD: repack  -235.921  0.672126  0.672126  0.14575
protocols.relax.FastRelax: CMD: scale:fa_rep  -229.216  0.672126  0.672126  0.154
protocols.relax.FastRelax: CMD: min  -288.136  0.42939  0.42939  0.154
protocols.relax.FastRelax: CMD: coord_cst_weight  -288.136  0.42939  0.42939  0.154
protocols.relax.FastRelax: CMD: scale:fa_rep  -254.055  0.42939  0.42939  0.30745
core.pack.task: Packer task: initialize from command line() 
core.pack.pack_rotamers: built 1007 rotamers at 75 positions.
core.pack.interaction_graph.interaction_graph_factory: Instantiating DensePDInteractionGraph
protocols.relax.FastRelax: CMD: repack  -254.057  0.42939  0.42939  0.30745
protocols.relax.FastRelax: CMD: scale:fa_rep  -251.37  0.42939  0.42939  0.31955
protocols.relax.FastRelax: CMD: min  -260.081  0.378847  0.378847  0.31955
protocols.relax.FastRelax: CMD: coord_cst_weight  -260.081  0.378847  0.378847  0.31955
protocols.relax.FastRelax: CMD: scale:fa_rep  -226.99  0.378847  0.378847  0.55
core.pack.task: Packer task: initialize from command line() 
core.pack.pack_rotamers: built 955 rotamers at 75 positions.
core.pack.interaction_graph.interaction_graph_factory: Instantiating DensePDInteractionGraph
protocols.relax.FastRelax: CMD: repack  -226.99  0.378847  0.378847  0.55
protocols.relax.FastRelax: CMD: min  -244.76  0.348993  0.348993  0.55
protocols.relax.FastRelax: MRP: 7  -244.76  -247.979  0.215041  0.215041  
protocols.relax.FastRelax: CMD: accept_to_best  -244.76  0.348993  0.348993  0.55
protocols.relax.FastRelax: CMD: endrepeat  -244.76  0.348993  0.348993  0.55
protocols.relax.FastRelax: CMD: coord_cst_weight  -244.76  0.348993  0.348993  0.55
protocols.relax.FastRelax: CMD: scale:fa_rep  -287.439  0.348993  0.348993  0.022
core.pack.task: Packer task: initialize from command line() 
core.pack.pack_rotamers: built 1092 rotamers at 75 positions.
core.pack.interaction_graph.interaction_graph_factory: Instantiating DensePDInteractionGraph
protocols.relax.FastRelax: CMD: repack  -289.992  0.348993  0.348993  0.022
protocols.relax.FastRelax: CMD: scale:fa_rep  -288.861  0.348993  0.348993  0.02805
protocols.relax.FastRelax: CMD: min  -335.202  0.643168  0.643168  0.02805
protocols.relax.FastRelax: CMD: coord_cst_weight  -335.202  0.643168  0.643168  0.02805
protocols.relax.FastRelax: CMD: scale:fa_rep  -239.175  0.643168  0.643168  0.14575
core.pack.task: Packer task: initialize from command line() 
core.pack.pack_rotamers: built 1033 rotamers at 75 positions.
core.pack.interaction_graph.interaction_graph_factory: Instantiating DensePDInteractionGraph
protocols.relax.FastRelax: CMD: repack  -240.929  0.643168  0.643168  0.14575
protocols.relax.FastRelax: CMD: scale:fa_rep  -234.496  0.643168  0.643168  0.154
protocols.relax.FastRelax: CMD: min  -289.185  0.403288  0.403288  0.154
protocols.relax.FastRelax: CMD: coord_cst_weight  -289.185  0.403288  0.403288  0.154
protocols.relax.FastRelax: CMD: scale:fa_rep  -256.084  0.403288  0.403288  0.30745
core.pack.task: Packer task: initialize from command line() 
core.pack.pack_rotamers: built 1011 rotamers at 75 positions.
core.pack.interaction_graph.interaction_graph_factory: Instantiating DensePDInteractionGraph
protocols.relax.FastRelax: CMD: repack  -256.084  0.403288  0.403288  0.30745
protocols.relax.FastRelax: CMD: scale:fa_rep  -253.474  0.403288  0.403288  0.31955
protocols.relax.FastRelax: CMD: min  -260.996  0.377769  0.377769  0.31955
protocols.relax.FastRelax: CMD: coord_cst_weight  -260.996  0.377769  0.377769  0.31955
protocols.relax.FastRelax: CMD: scale:fa_rep  -227.954  0.377769  0.377769  0.55
core.pack.task: Packer task: initialize from command line() 
core.pack.pack_rotamers: built 960 rotamers at 75 positions.
core.pack.interaction_graph.interaction_graph_factory: Instantiating DensePDInteractionGraph
protocols.relax.FastRelax: CMD: repack  -228.089  0.377769  0.377769  0.55
protocols.relax.FastRelax: CMD: min  -245.471  0.354212  0.354212  0.55
protocols.relax.FastRelax: MRP: 8  -245.471  -247.979  0.215041  0.215041  
protocols.relax.FastRelax: CMD: accept_to_best  -245.471  0.354212  0.354212  0.55
protocols.relax.FastRelax: CMD: endrepeat  -245.471  0.354212  0.354212  0.55
protocols.relax.FastRelax: CMD: coord_cst_weight  -245.471  0.354212  0.354212  0.55
protocols.relax.FastRelax: CMD: scale:fa_rep  -288.184  0.354212  0.354212  0.022
core.pack.task: Packer task: initialize from command line() 
core.pack.pack_rotamers: built 1087 rotamers at 75 positions.
core.pack.interaction_graph.interaction_graph_factory: Instantiating DensePDInteractionGraph
protocols.relax.FastRelax: CMD: repack  -289.672  0.354212  0.354212  0.022
protocols.relax.FastRelax: CMD: scale:fa_rep  -288.381  0.354212  0.354212  0.02805
protocols.relax.FastRelax: CMD: min  -333.338  0.631363  0.631363  0.02805
protocols.relax.FastRelax: CMD: coord_cst_weight  -333.338  0.631363  0.631363  0.02805
protocols.relax.FastRelax: CMD: scale:fa_rep  -231.254  0.631363  0.631363  0.14575
core.pack.task: Packer task: initialize from command line() 
core.pack.pack_rotamers: built 1036 rotamers at 75 positions.
core.pack.interaction_graph.interaction_graph_factory: Instantiating DensePDInteractionGraph
protocols.relax.FastRelax: CMD: repack  -235.156  0.631363  0.631363  0.14575
protocols.relax.FastRelax: CMD: scale:fa_rep  -228.668  0.631363  0.631363  0.154
protocols.relax.FastRelax: CMD: min  -286.913  0.413169  0.413169  0.154
protocols.relax.FastRelax: CMD: coord_cst_weight  -286.913  0.413169  0.413169  0.154
protocols.relax.FastRelax: CMD: scale:fa_rep  -254.58  0.413169  0.413169  0.30745
core.pack.task: Packer task: initialize from command line() 
core.pack.pack_rotamers: built 1005 rotamers at 75 positions.
core.pack.interaction_graph.interaction_graph_factory: Instantiating DensePDInteractionGraph
protocols.relax.FastRelax: CMD: repack  -254.605  0.413169  0.413169  0.30745
protocols.relax.FastRelax: CMD: scale:fa_rep  -252.058  0.413169  0.413169  0.31955
protocols.relax.FastRelax: CMD: min  -258.709  0.385301  0.385301  0.31955
protocols.relax.FastRelax: CMD: coord_cst_weight  -258.709  0.385301  0.385301  0.31955
protocols.relax.FastRelax: CMD: scale:fa_rep  -225.749  0.385301  0.385301  0.55
core.pack.task: Packer task: initialize from command line() 
core.pack.pack_rotamers: built 962 rotamers at 75 positions.
core.pack.interaction_graph.interaction_graph_factory: Instantiating DensePDInteractionGraph
protocols.relax.FastRelax: CMD: repack  -225.893  0.385301  0.385301  0.55
protocols.relax.FastRelax: CMD: min  -243.45  0.365246  0.365246  0.55
protocols.relax.FastRelax: MRP: 9  -243.45  -247.979  0.215041  0.215041  
protocols.relax.FastRelax: CMD: accept_to_best  -243.45  0.365246  0.365246  0.55
protocols.relax.FastRelax: CMD: endrepeat  -243.45  0.365246  0.365246  0.55
protocols::checkpoint: Deleting checkpoints of FastRelax
protocols.rosetta_scripts.ParsedProtocol: setting status to success
protocols.jd2.JobDistributor: flags_relax_v3_no_cart_nstruct_10_structure_0003 reported success in 26 seconds
protocols.jd2.PDBJobInputter: PDBJobInputter::pose_from_job
protocols.jd2.PDBJobInputter: filling pose from saved copy structure.pdb
protocols.jd2.PDBJobInputter: PDBJobInputter::pose_from_job
protocols.jd2.PDBJobInputter: filling pose from PDB structure.pdb
core.import_pose.import_pose: File 'structure.pdb' automatically determined to be of type PDB from contents.
protocols.rosetta_scripts.ParsedProtocol: =======================BEGIN MOVER MutateResidue - mutant=======================
protocols.rosetta_scripts.ParsedProtocol: =======================BEGIN MOVER FastRelax - relax=======================
protocols.relax.FastRelax: CMD: repeat  -208.514  0  0  0.55
protocols.relax.FastRelax: CMD: coord_cst_weight  -208.514  0  0  0.55
protocols.relax.FastRelax: CMD: scale:fa_rep  -252.935  0  0  0.022
core.pack.task: Packer task: initialize from command line() 
core.pack.pack_rotamers: built 1065 rotamers at 75 positions.
core.pack.interaction_graph.interaction_graph_factory: Instantiating DensePDInteractionGraph
protocols.relax.FastRelax: CMD: repack  -286.326  0  0  0.022
protocols.relax.FastRelax: CMD: scale:fa_rep  -285.329  0  0  0.02805
protocols.relax.FastRelax: CMD: min  -330.818  0.562301  0.562301  0.02805
protocols.relax.FastRelax: CMD: coord_cst_weight  -330.818  0.562301  0.562301  0.02805
protocols.relax.FastRelax: CMD: scale:fa_rep  -235.404  0.562301  0.562301  0.14575
core.pack.task: Packer task: initialize from command line() 
core.pack.pack_rotamers: built 998 rotamers at 75 positions.
core.pack.interaction_graph.interaction_graph_factory: Instantiating DensePDInteractionGraph
protocols.relax.FastRelax: CMD: repack  -236.587  0.562301  0.562301  0.14575
protocols.relax.FastRelax: CMD: scale:fa_rep  -230.249  0.562301  0.562301  0.154
protocols.relax.FastRelax: CMD: min  -288.016  0.259701  0.259701  0.154
protocols.relax.FastRelax: CMD: coord_cst_weight  -288.016  0.259701  0.259701  0.154
protocols.relax.FastRelax: CMD: scale:fa_rep  -257.905  0.259701  0.259701  0.30745
core.pack.task: Packer task: initialize from command line() 
core.pack.pack_rotamers: built 990 rotamers at 75 positions.
core.pack.interaction_graph.interaction_graph_factory: Instantiating DensePDInteractionGraph
protocols.relax.FastRelax: CMD: repack  -257.92  0.259701  0.259701  0.30745
protocols.relax.FastRelax: CMD: scale:fa_rep  -255.552  0.259701  0.259701  0.31955
protocols.relax.FastRelax: CMD: min  -263.829  0.201739  0.201739  0.31955
protocols.relax.FastRelax: CMD: coord_cst_weight  -263.829  0.201739  0.201739  0.31955
protocols.relax.FastRelax: CMD: scale:fa_rep  -235.245  0.201739  0.201739  0.55
core.pack.task: Packer task: initialize from command line() 
core.pack.pack_rotamers: built 952 rotamers at 75 positions.
core.pack.interaction_graph.interaction_graph_factory: Instantiating DensePDInteractionGraph
protocols.relax.FastRelax: CMD: repack  -235.283  0.201739  0.201739  0.55
protocols.relax.FastRelax: CMD: min  -247.796  0.199789  0.199789  0.55
protocols.relax.FastRelax: MRP: 0  -247.796  -247.796  0.199789  0.199789  
protocols.relax.FastRelax: CMD: accept_to_best  -247.796  0.199789  0.199789  0.55
protocols.relax.FastRelax: CMD: endrepeat  -247.796  0.199789  0.199789  0.55
protocols.relax.FastRelax: CMD: coord_cst_weight  -247.796  0.199789  0.199789  0.55
protocols.relax.FastRelax: CMD: scale:fa_rep  -288.46  0.199789  0.199789  0.022
core.pack.task: Packer task: initialize from command line() 
core.pack.pack_rotamers: built 1081 rotamers at 75 positions.
core.pack.interaction_graph.interaction_graph_factory: Instantiating DensePDInteractionGraph
protocols.relax.FastRelax: CMD: repack  -290.941  0.199789  0.199789  0.022
protocols.relax.FastRelax: CMD: scale:fa_rep  -289.96  0.199789  0.199789  0.02805
protocols.relax.FastRelax: CMD: min  -331.558  0.598631  0.598631  0.02805
protocols.relax.FastRelax: CMD: coord_cst_weight  -331.558  0.598631  0.598631  0.02805
protocols.relax.FastRelax: CMD: scale:fa_rep  -239.547  0.598631  0.598631  0.14575
core.pack.task: Packer task: initialize from command line() 
core.pack.pack_rotamers: built 1018 rotamers at 75 positions.
core.pack.interaction_graph.interaction_graph_factory: Instantiating DensePDInteractionGraph
protocols.relax.FastRelax: CMD: repack  -239.942  0.598631  0.598631  0.14575
protocols.relax.FastRelax: CMD: scale:fa_rep  -233.586  0.598631  0.598631  0.154
protocols.relax.FastRelax: CMD: min  -290.148  0.331773  0.331773  0.154
protocols.relax.FastRelax: CMD: coord_cst_weight  -290.148  0.331773  0.331773  0.154
protocols.relax.FastRelax: CMD: scale:fa_rep  -259.102  0.331773  0.331773  0.30745
core.pack.task: Packer task: initialize from command line() 
core.pack.pack_rotamers: built 984 rotamers at 75 positions.
core.pack.interaction_graph.interaction_graph_factory: Instantiating DensePDInteractionGraph
protocols.relax.FastRelax: CMD: repack  -259.102  0.331773  0.331773  0.30745
protocols.relax.FastRelax: CMD: scale:fa_rep  -256.654  0.331773  0.331773  0.31955
protocols.relax.FastRelax: CMD: min  -266.257  0.258025  0.258025  0.31955
protocols.relax.FastRelax: CMD: coord_cst_weight  -266.257  0.258025  0.258025  0.31955
protocols.relax.FastRelax: CMD: scale:fa_rep  -238.628  0.258025  0.258025  0.55
core.pack.task: Packer task: initialize from command line() 
core.pack.pack_rotamers: built 957 rotamers at 75 positions.
core.pack.interaction_graph.interaction_graph_factory: Instantiating DensePDInteractionGraph
protocols.relax.FastRelax: CMD: repack  -238.652  0.258025  0.258025  0.55
protocols.relax.FastRelax: CMD: min  -247.979  0.215041  0.215041  0.55
protocols.relax.FastRelax: MRP: 1  -247.979  -247.979  0.215041  0.215041  
protocols.relax.FastRelax: CMD: accept_to_best  -247.979  0.215041  0.215041  0.55
protocols.relax.FastRelax: CMD: endrepeat  -247.979  0.215041  0.215041  0.55
protocols.relax.FastRelax: CMD: coord_cst_weight  -247.979  0.215041  0.215041  0.55
protocols.relax.FastRelax: CMD: scale:fa_rep  -288.693  0.215041  0.215041  0.022
core.pack.task: Packer task: initialize from command line() 
core.pack.pack_rotamers: built 1078 rotamers at 75 positions.
core.pack.interaction_graph.interaction_graph_factory: Instantiating DensePDInteractionGraph
protocols.relax.FastRelax: CMD: repack  -288.936  0.215041  0.215041  0.022
protocols.relax.FastRelax: CMD: scale:fa_rep  -287.796  0.215041  0.215041  0.02805
protocols.relax.FastRelax: CMD: min  -331.335  0.605241  0.605241  0.02805
protocols.relax.FastRelax: CMD: coord_cst_weight  -331.335  0.605241  0.605241  0.02805
protocols.relax.FastRelax: CMD: scale:fa_rep  -243.628  0.605241  0.605241  0.14575
core.pack.task: Packer task: initialize from command line() 
core.pack.pack_rotamers: built 1020 rotamers at 75 positions.
core.pack.interaction_graph.interaction_graph_factory: Instantiating DensePDInteractionGraph
protocols.relax.FastRelax: CMD: repack  -244.572  0.605241  0.605241  0.14575
protocols.relax.FastRelax: CMD: scale:fa_rep  -238.731  0.605241  0.605241  0.154
protocols.relax.FastRelax: CMD: min  -285.747  0.379369  0.379369  0.154
protocols.relax.FastRelax: CMD: coord_cst_weight  -285.747  0.379369  0.379369  0.154
protocols.relax.FastRelax: CMD: scale:fa_rep  -252.418  0.379369  0.379369  0.30745
core.pack.task: Packer task: initialize from command line() 
core.pack.pack_rotamers: built 1007 rotamers at 75 positions.
core.pack.interaction_graph.interaction_graph_factory: Instantiating DensePDInteractionGraph
protocols.relax.FastRelax: CMD: repack  -252.418  0.379369  0.379369  0.30745
protocols.relax.FastRelax: CMD: scale:fa_rep  -249.79  0.379369  0.379369  0.31955
protocols.relax.FastRelax: CMD: min  -263.848  0.313892  0.313892  0.31955
protocols.relax.FastRelax: CMD: coord_cst_weight  -263.848  0.313892  0.313892  0.31955
protocols.relax.FastRelax: CMD: scale:fa_rep  -236.003  0.313892  0.313892  0.55
core.pack.task: Packer task: initialize from command line() 
core.pack.pack_rotamers: built 958 rotamers at 75 positions.
core.pack.interaction_graph.interaction_graph_factory: Instantiating DensePDInteractionGraph
protocols.relax.FastRelax: CMD: repack  -235.832  0.313892  0.313892  0.55
protocols.relax.FastRelax: CMD: min  -245.213  0.310939  0.310939  0.55
protocols.relax.FastRelax: MRP: 2  -245.213  -247.979  0.215041  0.215041  
protocols.relax.FastRelax: CMD: accept_to_best  -245.213  0.310939  0.310939  0.55
protocols.relax.FastRelax: CMD: endrepeat  -245.213  0.310939  0.310939  0.55
protocols.relax.FastRelax: CMD: coord_cst_weight  -245.213  0.310939  0.310939  0.55
protocols.relax.FastRelax: CMD: scale:fa_rep  -286.957  0.310939  0.310939  0.022
core.pack.task: Packer task: initialize from command line() 
core.pack.pack_rotamers: built 1075 rotamers at 75 positions.
core.pack.interaction_graph.interaction_graph_factory: Instantiating DensePDInteractionGraph
protocols.relax.FastRelax: CMD: repack  -288.385  0.310939  0.310939  0.022
protocols.relax.FastRelax: CMD: scale:fa_rep  -287.812  0.310939  0.310939  0.02805
protocols.relax.FastRelax: CMD: min  -333.863  0.684341  0.684341  0.02805
protocols.relax.FastRelax: CMD: coord_cst_weight  -333.863  0.684341  0.684341  0.02805
protocols.relax.FastRelax: CMD: scale:fa_rep  -234.931  0.684341  0.684341  0.14575
core.pack.task: Packer task: initialize from command line() 
core.pack.pack_rotamers: built 1021 rotamers at 75 positions.
core.pack.interaction_graph.interaction_graph_factory: Instantiating DensePDInteractionGraph
protocols.relax.FastRelax: CMD: repack  -236.57  0.684341  0.684341  0.14575
protocols.relax.FastRelax: CMD: scale:fa_rep  -229.956  0.684341  0.684341  0.154
protocols.relax.FastRelax: CMD: min  -288.818  0.387566  0.387566  0.154
protocols.relax.FastRelax: CMD: coord_cst_weight  -288.818  0.387566  0.387566  0.154
protocols.relax.FastRelax: CMD: scale:fa_rep  -257.195  0.387566  0.387566  0.30745
core.pack.task: Packer task: initialize from command line() 
core.pack.pack_rotamers: built 1011 rotamers at 75 positions.
core.pack.interaction_graph.interaction_graph_factory: Instantiating DensePDInteractionGraph
protocols.relax.FastRelax: CMD: repack  -257.195  0.387566  0.387566  0.30745
protocols.relax.FastRelax: CMD: scale:fa_rep  -254.701  0.387566  0.387566  0.31955
protocols.relax.FastRelax: CMD: min  -261.528  0.333002  0.333002  0.31955
protocols.relax.FastRelax: CMD: coord_cst_weight  -261.528  0.333002  0.333002  0.31955
protocols.relax.FastRelax: CMD: scale:fa_rep  -229.946  0.333002  0.333002  0.55
core.pack.task: Packer task: initialize from command line() 
core.pack.pack_rotamers: built 967 rotamers at 75 positions.
core.pack.interaction_graph.interaction_graph_factory: Instantiating DensePDInteractionGraph
protocols.relax.FastRelax: CMD: repack  -229.946  0.333002  0.333002  0.55
protocols.relax.FastRelax: CMD: min  -245.072  0.285246  0.285246  0.55
protocols.relax.FastRelax: MRP: 3  -245.072  -247.979  0.215041  0.215041  
protocols.relax.FastRelax: CMD: accept_to_best  -245.072  0.285246  0.285246  0.55
protocols.relax.FastRelax: CMD: endrepeat  -245.072  0.285246  0.285246  0.55
protocols.relax.FastRelax: CMD: coord_cst_weight  -245.072  0.285246  0.285246  0.55
protocols.relax.FastRelax: CMD: scale:fa_rep  -286.507  0.285246  0.285246  0.022
core.pack.task: Packer task: initialize from command line() 
core.pack.pack_rotamers: built 1077 rotamers at 75 positions.
core.pack.interaction_graph.interaction_graph_factory: Instantiating DensePDInteractionGraph
protocols.relax.FastRelax: CMD: repack  -288.303  0.285246  0.285246  0.022
protocols.relax.FastRelax: CMD: scale:fa_rep  -287.177  0.285246  0.285246  0.02805
protocols.relax.FastRelax: CMD: min  -334.814  0.693674  0.693674  0.02805
protocols.relax.FastRelax: CMD: coord_cst_weight  -334.814  0.693674  0.693674  0.02805
protocols.relax.FastRelax: CMD: scale:fa_rep  -233.625  0.693674  0.693674  0.14575
core.pack.task: Packer task: initialize from command line() 
core.pack.pack_rotamers: built 1017 rotamers at 75 positions.
core.pack.interaction_graph.interaction_graph_factory: Instantiating DensePDInteractionGraph
protocols.relax.FastRelax: CMD: repack  -235.281  0.693674  0.693674  0.14575
protocols.relax.FastRelax: CMD: scale:fa_rep  -228.367  0.693674  0.693674  0.154
protocols.relax.FastRelax: CMD: min  -288.463  0.417177  0.417177  0.154
protocols.relax.FastRelax: CMD: coord_cst_weight  -288.463  0.417177  0.417177  0.154
protocols.relax.FastRelax: CMD: scale:fa_rep  -253.817  0.417177  0.417177  0.30745
core.pack.task: Packer task: initialize from command line() 
core.pack.pack_rotamers: built 1000 rotamers at 75 positions.
core.pack.interaction_graph.interaction_graph_factory: Instantiating DensePDInteractionGraph
protocols.relax.FastRelax: CMD: repack  -253.833  0.417177  0.417177  0.30745
protocols.relax.FastRelax: CMD: scale:fa_rep  -251.103  0.417177  0.417177  0.31955
protocols.relax.FastRelax: CMD: min  -259.594  0.362249  0.362249  0.31955
protocols.relax.FastRelax: CMD: coord_cst_weight  -259.594  0.362249  0.362249  0.31955
protocols.relax.FastRelax: CMD: scale:fa_rep  -225.84  0.362249  0.362249  0.55
core.pack.task: Packer task: initialize from command line() 
core.pack.pack_rotamers: built 961 rotamers at 75 positions.
core.pack.interaction_graph.interaction_graph_factory: Instantiating DensePDInteractionGraph
protocols.relax.FastRelax: CMD: repack  -226.094  0.362249  0.362249  0.55
protocols.relax.FastRelax: CMD: min  -244.798  0.318921  0.318921  0.55
protocols.relax.FastRelax: MRP: 4  -244.798  -247.979  0.215041  0.215041  
protocols.relax.FastRelax: CMD: accept_to_best  -244.798  0.318921  0.318921  0.55
protocols.relax.FastRelax: CMD: endrepeat  -244.798  0.318921  0.318921  0.55
protocols.relax.FastRelax: CMD: coord_cst_weight  -244.798  0.318921  0.318921  0.55
protocols.relax.FastRelax: CMD: scale:fa_rep  -286.696  0.318921  0.318921  0.022
core.pack.task: Packer task: initialize from command line() 
core.pack.pack_rotamers: built 1075 rotamers at 75 positions.
core.pack.interaction_graph.interaction_graph_factory: Instantiating DensePDInteractionGraph
protocols.relax.FastRelax: CMD: repack  -288.205  0.318921  0.318921  0.022
protocols.relax.FastRelax: CMD: scale:fa_rep  -287.28  0.318921  0.318921  0.02805
protocols.relax.FastRelax: CMD: min  -334.931  0.683887  0.683887  0.02805
protocols.relax.FastRelax: CMD: coord_cst_weight  -334.931  0.683887  0.683887  0.02805
protocols.relax.FastRelax: CMD: scale:fa_rep  -238.024  0.683887  0.683887  0.14575
core.pack.task: Packer task: initialize from command line() 
core.pack.pack_rotamers: built 1006 rotamers at 75 positions.
core.pack.interaction_graph.interaction_graph_factory: Instantiating DensePDInteractionGraph
protocols.relax.FastRelax: CMD: repack  -239.467  0.683887  0.683887  0.14575
protocols.relax.FastRelax: CMD: scale:fa_rep  -232.929  0.683887  0.683887  0.154
protocols.relax.FastRelax: CMD: min  -288.93  0.39612  0.39612  0.154
protocols.relax.FastRelax: CMD: coord_cst_weight  -288.93  0.39612  0.39612  0.154
protocols.relax.FastRelax: CMD: scale:fa_rep  -255.991  0.39612  0.39612  0.30745
core.pack.task: Packer task: initialize from command line() 
core.pack.pack_rotamers: built 1004 rotamers at 75 positions.
core.pack.interaction_graph.interaction_graph_factory: Instantiating DensePDInteractionGraph
protocols.relax.FastRelax: CMD: repack  -256.003  0.39612  0.39612  0.30745
protocols.relax.FastRelax: CMD: scale:fa_rep  -253.406  0.39612  0.39612  0.31955
protocols.relax.FastRelax: CMD: min  -263.202  0.345185  0.345185  0.31955
protocols.relax.FastRelax: CMD: coord_cst_weight  -263.202  0.345185  0.345185  0.31955
protocols.relax.FastRelax: CMD: scale:fa_rep  -233.343  0.345185  0.345185  0.55
core.pack.task: Packer task: initialize from command line() 
core.pack.pack_rotamers: built 962 rotamers at 75 positions.
core.pack.interaction_graph.interaction_graph_factory: Instantiating DensePDInteractionGraph
protocols.relax.FastRelax: CMD: repack  -233.343  0.345185  0.345185  0.55
protocols.relax.FastRelax: CMD: min  -244.812  0.319724  0.319724  0.55
protocols.relax.FastRelax: MRP: 5  -244.812  -247.979  0.215041  0.215041  
protocols.relax.FastRelax: CMD: accept_to_best  -244.812  0.319724  0.319724  0.55
protocols.relax.FastRelax: CMD: endrepeat  -244.812  0.319724  0.319724  0.55
protocols.relax.FastRelax: CMD: coord_cst_weight  -244.812  0.319724  0.319724  0.55
protocols.relax.FastRelax: CMD: scale:fa_rep  -286.716  0.319724  0.319724  0.022
core.pack.task: Packer task: initialize from command line() 
core.pack.pack_rotamers: built 1075 rotamers at 75 positions.
core.pack.interaction_graph.interaction_graph_factory: Instantiating DensePDInteractionGraph
protocols.relax.FastRelax: CMD: repack  -288.26  0.319724  0.319724  0.022
protocols.relax.FastRelax: CMD: scale:fa_rep  -287.333  0.319724  0.319724  0.02805
protocols.relax.FastRelax: CMD: min  -333.335  0.684657  0.684657  0.02805
protocols.relax.FastRelax: CMD: coord_cst_weight  -333.335  0.684657  0.684657  0.02805
protocols.relax.FastRelax: CMD: scale:fa_rep  -231.649  0.684657  0.684657  0.14575
core.pack.task: Packer task: initialize from command line() 
core.pack.pack_rotamers: built 1004 rotamers at 75 positions.
core.pack.interaction_graph.interaction_graph_factory: Instantiating DensePDInteractionGraph
protocols.relax.FastRelax: CMD: repack  -233.58  0.684657  0.684657  0.14575
protocols.relax.FastRelax: CMD: scale:fa_rep  -226.831  0.684657  0.684657  0.154
protocols.relax.FastRelax: CMD: min  -287.175  0.386731  0.386731  0.154
protocols.relax.FastRelax: CMD: coord_cst_weight  -287.175  0.386731  0.386731  0.154
protocols.relax.FastRelax: CMD: scale:fa_rep  -253.945  0.386731  0.386731  0.30745
core.pack.task: Packer task: initialize from command line() 
core.pack.pack_rotamers: built 1005 rotamers at 75 positions.
core.pack.interaction_graph.interaction_graph_factory: Instantiating DensePDInteractionGraph
protocols.relax.FastRelax: CMD: repack  -253.945  0.386731  0.386731  0.30745
protocols.relax.FastRelax: CMD: scale:fa_rep  -251.325  0.386731  0.386731  0.31955
protocols.relax.FastRelax: CMD: min  -262.455  0.339398  0.339398  0.31955
protocols.relax.FastRelax: CMD: coord_cst_weight  -262.455  0.339398  0.339398  0.31955
protocols.relax.FastRelax: CMD: scale:fa_rep  -234.082  0.339398  0.339398  0.55
core.pack.task: Packer task: initialize from command line() 
core.pack.pack_rotamers: built 966 rotamers at 75 positions.
core.pack.interaction_graph.interaction_graph_factory: Instantiating DensePDInteractionGraph
protocols.relax.FastRelax: CMD: repack  -234.082  0.339398  0.339398  0.55
protocols.relax.FastRelax: CMD: min  -245.3  0.291401  0.291401  0.55
protocols.relax.FastRelax: MRP: 6  -245.3  -247.979  0.215041  0.215041  
protocols.relax.FastRelax: CMD: accept_to_best  -245.3  0.291401  0.291401  0.55
protocols.relax.FastRelax: CMD: endrepeat  -245.3  0.291401  0.291401  0.55
protocols.relax.FastRelax: CMD: coord_cst_weight  -245.3  0.291401  0.291401  0.55
protocols.relax.FastRelax: CMD: scale:fa_rep  -286.812  0.291401  0.291401  0.022
core.pack.task: Packer task: initialize from command line() 
core.pack.pack_rotamers: built 1078 rotamers at 75 positions.
core.pack.interaction_graph.interaction_graph_factory: Instantiating DensePDInteractionGraph
protocols.relax.FastRelax: CMD: repack  -288.65  0.291401  0.291401  0.022
protocols.relax.FastRelax: CMD: scale:fa_rep  -287.192  0.291401  0.291401  0.02805
protocols.relax.FastRelax: CMD: min  -334.11  0.65854  0.65854  0.02805
protocols.relax.FastRelax: CMD: coord_cst_weight  -334.11  0.65854  0.65854  0.02805
protocols.relax.FastRelax: CMD: scale:fa_rep  -237.07  0.65854  0.65854  0.14575
core.pack.task: Packer task: initialize from command line() 
core.pack.pack_rotamers: built 1012 rotamers at 75 positions.
core.pack.interaction_graph.interaction_graph_factory: Instantiating DensePDInteractionGraph
protocols.relax.FastRelax: CMD: repack  -238.945  0.65854  0.65854  0.14575
protocols.relax.FastRelax: CMD: scale:fa_rep  -232.45  0.65854  0.65854  0.154
protocols.relax.FastRelax: CMD: min  -283.265  0.426279  0.426279  0.154
protocols.relax.FastRelax: CMD: coord_cst_weight  -283.265  0.426279  0.426279  0.154
protocols.relax.FastRelax: CMD: scale:fa_rep  -245.708  0.426279  0.426279  0.30745
core.pack.task: Packer task: initialize from command line() 
core.pack.pack_rotamers: built 995 rotamers at 75 positions.
core.pack.interaction_graph.interaction_graph_factory: Instantiating DensePDInteractionGraph
protocols.relax.FastRelax: CMD: repack  -246.188  0.426279  0.426279  0.30745
protocols.relax.FastRelax: CMD: scale:fa_rep  -243.31  0.426279  0.426279  0.31955
protocols.relax.FastRelax: CMD: min  -263.647  0.304117  0.304117  0.31955
protocols.relax.FastRelax: CMD: coord_cst_weight  -263.647  0.304117  0.304117  0.31955
protocols.relax.FastRelax: CMD: scale:fa_rep  -236.788  0.304117  0.304117  0.55
core.pack.task: Packer task: initialize from command line() 
core.pack.pack_rotamers: built 960 rotamers at 75 positions.
core.pack.interaction_graph.interaction_graph_factory: Instantiating DensePDInteractionGraph
protocols.relax.FastRelax: CMD: repack  -236.788  0.304117  0.304117  0.55
protocols.relax.FastRelax: CMD: min  -244.975  0.283328  0.283328  0.55
protocols.relax.FastRelax: MRP: 7  -244.975  -247.979  0.215041  0.215041  
protocols.relax.FastRelax: CMD: accept_to_best  -244.975  0.283328  0.283328  0.55
protocols.relax.FastRelax: CMD: endrepeat  -244.975  0.283328  0.283328  0.55
protocols.relax.FastRelax: CMD: coord_cst_weight  -244.975  0.283328  0.283328  0.55
protocols.relax.FastRelax: CMD: scale:fa_rep  -286.41  0.283328  0.283328  0.022
core.pack.task: Packer task: initialize from command line() 
core.pack.pack_rotamers: built 1084 rotamers at 75 positions.
core.pack.interaction_graph.interaction_graph_factory: Instantiating DensePDInteractionGraph
protocols.relax.FastRelax: CMD: repack  -288.475  0.283328  0.283328  0.022
protocols.relax.FastRelax: CMD: scale:fa_rep  -287.039  0.283328  0.283328  0.02805
protocols.relax.FastRelax: CMD: min  -329.97  0.63152  0.63152  0.02805
protocols.relax.FastRelax: CMD: coord_cst_weight  -329.97  0.63152  0.63152  0.02805
protocols.relax.FastRelax: CMD: scale:fa_rep  -245.163  0.63152  0.63152  0.14575
core.pack.task: Packer task: initialize from command line() 
core.pack.pack_rotamers: built 1012 rotamers at 75 positions.
core.pack.interaction_graph.interaction_graph_factory: Instantiating DensePDInteractionGraph
protocols.relax.FastRelax: CMD: repack  -246.24  0.63152  0.63152  0.14575
protocols.relax.FastRelax: CMD: scale:fa_rep  -240.473  0.63152  0.63152  0.154
protocols.relax.FastRelax: CMD: min  -288.855  0.380285  0.380285  0.154
protocols.relax.FastRelax: CMD: coord_cst_weight  -288.855  0.380285  0.380285  0.154
protocols.relax.FastRelax: CMD: scale:fa_rep  -257.617  0.380285  0.380285  0.30745
core.pack.task: Packer task: initialize from command line() 
core.pack.pack_rotamers: built 996 rotamers at 75 positions.
core.pack.interaction_graph.interaction_graph_factory: Instantiating DensePDInteractionGraph
protocols.relax.FastRelax: CMD: repack  -257.624  0.380285  0.380285  0.30745
protocols.relax.FastRelax: CMD: scale:fa_rep  -255.162  0.380285  0.380285  0.31955
protocols.relax.FastRelax: CMD: min  -262.064  0.337654  0.337654  0.31955
protocols.relax.FastRelax: CMD: coord_cst_weight  -262.064  0.337654  0.337654  0.31955
protocols.relax.FastRelax: CMD: scale:fa_rep  -230.963  0.337654  0.337654  0.55
core.pack.task: Packer task: initialize from command line() 
core.pack.pack_rotamers: built 958 rotamers at 75 positions.
core.pack.interaction_graph.interaction_graph_factory: Instantiating DensePDInteractionGraph
protocols.relax.FastRelax: CMD: repack  -230.965  0.337654  0.337654  0.55
protocols.relax.FastRelax: CMD: min  -245.037  0.323708  0.323708  0.55
protocols.relax.FastRelax: MRP: 8  -245.037  -247.979  0.215041  0.215041  
protocols.relax.FastRelax: CMD: accept_to_best  -245.037  0.323708  0.323708  0.55
protocols.relax.FastRelax: CMD: endrepeat  -245.037  0.323708  0.323708  0.55
protocols.relax.FastRelax: CMD: coord_cst_weight  -245.037  0.323708  0.323708  0.55
protocols.relax.FastRelax: CMD: scale:fa_rep  -287.014  0.323708  0.323708  0.022
core.pack.task: Packer task: initialize from command line() 
core.pack.pack_rotamers: built 1079 rotamers at 75 positions.
core.pack.interaction_graph.interaction_graph_factory: Instantiating DensePDInteractionGraph
protocols.relax.FastRelax: CMD: repack  -288.215  0.323708  0.323708  0.022
protocols.relax.FastRelax: CMD: scale:fa_rep  -286.72  0.323708  0.323708  0.02805
protocols.relax.FastRelax: CMD: min  -332.302  0.647152  0.647152  0.02805
protocols.relax.FastRelax: CMD: coord_cst_weight  -332.302  0.647152  0.647152  0.02805
protocols.relax.FastRelax: CMD: scale:fa_rep  -227.83  0.647152  0.647152  0.14575
core.pack.task: Packer task: initialize from command line() 
core.pack.pack_rotamers: built 1025 rotamers at 75 positions.
core.pack.interaction_graph.interaction_graph_factory: Instantiating DensePDInteractionGraph
protocols.relax.FastRelax: CMD: repack  -230.018  0.647152  0.647152  0.14575
protocols.relax.FastRelax: CMD: scale:fa_rep  -223.156  0.647152  0.647152  0.154
protocols.relax.FastRelax: CMD: min  -285.008  0.413777  0.413777  0.154
protocols.relax.FastRelax: CMD: coord_cst_weight  -285.008  0.413777  0.413777  0.154
protocols.relax.FastRelax: CMD: scale:fa_rep  -250.975  0.413777  0.413777  0.30745
core.pack.task: Packer task: initialize from command line() 
core.pack.pack_rotamers: built 1004 rotamers at 75 positions.
core.pack.interaction_graph.interaction_graph_factory: Instantiating DensePDInteractionGraph
protocols.relax.FastRelax: CMD: repack  -251.164  0.413777  0.413777  0.30745
protocols.relax.FastRelax: CMD: scale:fa_rep  -248.491  0.413777  0.413777  0.31955
protocols.relax.FastRelax: CMD: min  -260.901  0.348709  0.348709  0.31955
protocols.relax.FastRelax: CMD: coord_cst_weight  -260.901  0.348709  0.348709  0.31955
protocols.relax.FastRelax: CMD: scale:fa_rep  -230.45  0.348709  0.348709  0.55
core.pack.task: Packer task: initialize from command line() 
core.pack.pack_rotamers: built 969 rotamers at 75 positions.
core.pack.interaction_graph.interaction_graph_factory: Instantiating DensePDInteractionGraph
protocols.relax.FastRelax: CMD: repack  -230.454  0.348709  0.348709  0.55
protocols.relax.FastRelax: CMD: min  -244.258  0.364377  0.364377  0.55
protocols.relax.FastRelax: MRP: 9  -244.258  -247.979  0.215041  0.215041  
protocols.relax.FastRelax: CMD: accept_to_best  -244.258  0.364377  0.364377  0.55
protocols.relax.FastRelax: CMD: endrepeat  -244.258  0.364377  0.364377  0.55
protocols::checkpoint: Deleting checkpoints of FastRelax
protocols.rosetta_scripts.ParsedProtocol: setting status to success
protocols.jd2.JobDistributor: flags_relax_v3_no_cart_nstruct_10_structure_0004 reported success in 25 seconds
protocols.jd2.PDBJobInputter: PDBJobInputter::pose_from_job
protocols.jd2.PDBJobInputter: filling pose from saved copy structure.pdb
protocols.jd2.PDBJobInputter: PDBJobInputter::pose_from_job
protocols.jd2.PDBJobInputter: filling pose from PDB structure.pdb
core.import_pose.import_pose: File 'structure.pdb' automatically determined to be of type PDB from contents.
protocols.rosetta_scripts.ParsedProtocol: =======================BEGIN MOVER MutateResidue - mutant=======================
protocols.rosetta_scripts.ParsedProtocol: =======================BEGIN MOVER FastRelax - relax=======================
protocols.relax.FastRelax: CMD: repeat  -208.514  0  0  0.55
protocols.relax.FastRelax: CMD: coord_cst_weight  -208.514  0  0  0.55
protocols.relax.FastRelax: CMD: scale:fa_rep  -252.935  0  0  0.022
core.pack.task: Packer task: initialize from command line() 
core.pack.pack_rotamers: built 1065 rotamers at 75 positions.
core.pack.interaction_graph.interaction_graph_factory: Instantiating DensePDInteractionGraph
protocols.relax.FastRelax: CMD: repack  -286.326  0  0  0.022
protocols.relax.FastRelax: CMD: scale:fa_rep  -285.329  0  0  0.02805
protocols.relax.FastRelax: CMD: min  -330.818  0.562301  0.562301  0.02805
protocols.relax.FastRelax: CMD: coord_cst_weight  -330.818  0.562301  0.562301  0.02805
protocols.relax.FastRelax: CMD: scale:fa_rep  -235.404  0.562301  0.562301  0.14575
core.pack.task: Packer task: initialize from command line() 
core.pack.pack_rotamers: built 998 rotamers at 75 positions.
core.pack.interaction_graph.interaction_graph_factory: Instantiating DensePDInteractionGraph
protocols.relax.FastRelax: CMD: repack  -236.791  0.562301  0.562301  0.14575
protocols.relax.FastRelax: CMD: scale:fa_rep  -230.38  0.562301  0.562301  0.154
protocols.relax.FastRelax: CMD: min  -287.19  0.272146  0.272146  0.154
protocols.relax.FastRelax: CMD: coord_cst_weight  -287.19  0.272146  0.272146  0.154
protocols.relax.FastRelax: CMD: scale:fa_rep  -254.791  0.272146  0.272146  0.30745
core.pack.task: Packer task: initialize from command line() 
core.pack.pack_rotamers: built 988 rotamers at 75 positions.
core.pack.interaction_graph.interaction_graph_factory: Instantiating DensePDInteractionGraph
protocols.relax.FastRelax: CMD: repack  -254.83  0.272146  0.272146  0.30745
protocols.relax.FastRelax: CMD: scale:fa_rep  -252.273  0.272146  0.272146  0.31955
protocols.relax.FastRelax: CMD: min  -265.169  0.17819  0.17819  0.31955
protocols.relax.FastRelax: CMD: coord_cst_weight  -265.169  0.17819  0.17819  0.31955
protocols.relax.FastRelax: CMD: scale:fa_rep  -238.47  0.17819  0.17819  0.55
core.pack.task: Packer task: initialize from command line() 
core.pack.pack_rotamers: built 963 rotamers at 75 positions.
core.pack.interaction_graph.interaction_graph_factory: Instantiating DensePDInteractionGraph
protocols.relax.FastRelax: CMD: repack  -238.47  0.17819  0.17819  0.55
protocols.relax.FastRelax: CMD: min  -248.444  0.199806  0.199806  0.55
protocols.relax.FastRelax: MRP: 0  -248.444  -248.444  0.199806  0.199806  
protocols.relax.FastRelax: CMD: accept_to_best  -248.444  0.199806  0.199806  0.55
protocols.relax.FastRelax: CMD: endrepeat  -248.444  0.199806  0.199806  0.55
protocols.relax.FastRelax: CMD: coord_cst_weight  -248.444  0.199806  0.199806  0.55
protocols.relax.FastRelax: CMD: scale:fa_rep  -288.993  0.199806  0.199806  0.022
core.pack.task: Packer task: initialize from command line() 
core.pack.pack_rotamers: built 1081 rotamers at 75 positions.
core.pack.interaction_graph.interaction_graph_factory: Instantiating DensePDInteractionGraph
protocols.relax.FastRelax: CMD: repack  -291.29  0.199806  0.199806  0.022
protocols.relax.FastRelax: CMD: scale:fa_rep  -289.975  0.199806  0.199806  0.02805
protocols.relax.FastRelax: CMD: min  -329.261  0.581402  0.581402  0.02805
protocols.relax.FastRelax: CMD: coord_cst_weight  -329.261  0.581402  0.581402  0.02805
protocols.relax.FastRelax: CMD: scale:fa_rep  -237.083  0.581402  0.581402  0.14575
core.pack.task: Packer task: initialize from command line() 
core.pack.pack_rotamers: built 1017 rotamers at 75 positions.
core.pack.interaction_graph.interaction_graph_factory: Instantiating DensePDInteractionGraph
protocols.relax.FastRelax: CMD: repack  -239.744  0.581402  0.581402  0.14575
protocols.relax.FastRelax: CMD: scale:fa_rep  -233.898  0.581402  0.581402  0.154
protocols.relax.FastRelax: CMD: min  -286.079  0.323144  0.323144  0.154
protocols.relax.FastRelax: CMD: coord_cst_weight  -286.079  0.323144  0.323144  0.154
protocols.relax.FastRelax: CMD: scale:fa_rep  -257.08  0.323144  0.323144  0.30745
core.pack.task: Packer task: initialize from command line() 
core.pack.pack_rotamers: built 993 rotamers at 75 positions.
core.pack.interaction_graph.interaction_graph_factory: Instantiating DensePDInteractionGraph
protocols.relax.FastRelax: CMD: repack  -257.08  0.323144  0.323144  0.30745
protocols.relax.FastRelax: CMD: scale:fa_rep  -254.793  0.323144  0.323144  0.31955
protocols.relax.FastRelax: CMD: min  -262.968  0.256395  0.256395  0.31955
protocols.relax.FastRelax: CMD: coord_cst_weight  -262.968  0.256395  0.256395  0.31955
protocols.relax.FastRelax: CMD: scale:fa_rep  -235.482  0.256395  0.256395  0.55
core.pack.task: Packer task: initialize from command line() 
core.pack.pack_rotamers: built 956 rotamers at 75 positions.
core.pack.interaction_graph.interaction_graph_factory: Instantiating DensePDInteractionGraph
protocols.relax.FastRelax: CMD: repack  -235.955  0.256395  0.256395  0.55
protocols.relax.FastRelax: CMD: min  -246.547  0.216994  0.216994  0.55
protocols.relax.FastRelax: MRP: 1  -246.547  -248.444  0.199806  0.199806  
protocols.relax.FastRelax: CMD: accept_to_best  -246.547  0.216994  0.216994  0.55
protocols.relax.FastRelax: CMD: endrepeat  -246.547  0.216994  0.216994  0.55
protocols.relax.FastRelax: CMD: coord_cst_weight  -246.547  0.216994  0.216994  0.55
protocols.relax.FastRelax: CMD: scale:fa_rep  -287.045  0.216994  0.216994  0.022
core.pack.task: Packer task: initialize from command line() 
core.pack.pack_rotamers: built 1079 rotamers at 75 positions.
core.pack.interaction_graph.interaction_graph_factory: Instantiating DensePDInteractionGraph
protocols.relax.FastRelax: CMD: repack  -291.897  0.216994  0.216994  0.022
protocols.relax.FastRelax: CMD: scale:fa_rep  -290.17  0.216994  0.216994  0.02805
protocols.relax.FastRelax: CMD: min  -334.845  0.640217  0.640217  0.02805
protocols.relax.FastRelax: CMD: coord_cst_weight  -334.845  0.640217  0.640217  0.02805
protocols.relax.FastRelax: CMD: scale:fa_rep  -231.045  0.640217  0.640217  0.14575
core.pack.task: Packer task: initialize from command line() 
core.pack.pack_rotamers: built 1012 rotamers at 75 positions.
core.pack.interaction_graph.interaction_graph_factory: Instantiating DensePDInteractionGraph
protocols.relax.FastRelax: CMD: repack  -232.62  0.640217  0.640217  0.14575
protocols.relax.FastRelax: CMD: scale:fa_rep  -225.682  0.640217  0.640217  0.154
protocols.relax.FastRelax: CMD: min  -288.967  0.331217  0.331217  0.154
protocols.relax.FastRelax: CMD: coord_cst_weight  -288.967  0.331217  0.331217  0.154
protocols.relax.FastRelax: CMD: scale:fa_rep  -257.749  0.331217  0.331217  0.30745
core.pack.task: Packer task: initialize from command line() 
core.pack.pack_rotamers: built 1014 rotamers at 75 positions.
core.pack.interaction_graph.interaction_graph_factory: Instantiating DensePDInteractionGraph
protocols.relax.FastRelax: CMD: repack  -257.749  0.331217  0.331217  0.30745
protocols.relax.FastRelax: CMD: scale:fa_rep  -255.287  0.331217  0.331217  0.31955
protocols.relax.FastRelax: CMD: min  -262.046  0.288023  0.288023  0.31955
protocols.relax.FastRelax: CMD: coord_cst_weight  -262.046  0.288023  0.288023  0.31955
protocols.relax.FastRelax: CMD: scale:fa_rep  -230.512  0.288023  0.288023  0.55
core.pack.task: Packer task: initialize from command line() 
core.pack.pack_rotamers: built 961 rotamers at 75 positions.
core.pack.interaction_graph.interaction_graph_factory: Instantiating DensePDInteractionGraph
protocols.relax.FastRelax: CMD: repack  -230.562  0.288023  0.288023  0.55
protocols.relax.FastRelax: CMD: min  -248.847  0.266667  0.266667  0.55
protocols.relax.FastRelax: MRP: 2  -248.847  -248.847  0.266667  0.266667  
protocols.relax.FastRelax: CMD: accept_to_best  -248.847  0.266667  0.266667  0.55
protocols.relax.FastRelax: CMD: endrepeat  -248.847  0.266667  0.266667  0.55
protocols.relax.FastRelax: CMD: coord_cst_weight  -248.847  0.266667  0.266667  0.55
protocols.relax.FastRelax: CMD: scale:fa_rep  -290.387  0.266667  0.266667  0.022
core.pack.task: Packer task: initialize from command line() 
core.pack.pack_rotamers: built 1079 rotamers at 75 positions.
core.pack.interaction_graph.interaction_graph_factory: Instantiating DensePDInteractionGraph
protocols.relax.FastRelax: CMD: repack  -292.091  0.266667  0.266667  0.022
protocols.relax.FastRelax: CMD: scale:fa_rep  -290.272  0.266667  0.266667  0.02805
protocols.relax.FastRelax: CMD: min  -335.59  0.601871  0.601871  0.02805
protocols.relax.FastRelax: CMD: coord_cst_weight  -335.59  0.601871  0.601871  0.02805
protocols.relax.FastRelax: CMD: scale:fa_rep  -236.452  0.601871  0.601871  0.14575
core.pack.task: Packer task: initialize from command line() 
core.pack.pack_rotamers: built 1032 rotamers at 75 positions.
core.pack.interaction_graph.interaction_graph_factory: Instantiating DensePDInteractionGraph
protocols.relax.FastRelax: CMD: repack  -238.678  0.601871  0.601871  0.14575
protocols.relax.FastRelax: CMD: scale:fa_rep  -232.331  0.601871  0.601871  0.154
protocols.relax.FastRelax: CMD: min  -287.698  0.382583  0.382583  0.154
protocols.relax.FastRelax: CMD: coord_cst_weight  -287.698  0.382583  0.382583  0.154
protocols.relax.FastRelax: CMD: scale:fa_rep  -253.12  0.382583  0.382583  0.30745
core.pack.task: Packer task: initialize from command line() 
core.pack.pack_rotamers: built 998 rotamers at 75 positions.
core.pack.interaction_graph.interaction_graph_factory: Instantiating DensePDInteractionGraph
protocols.relax.FastRelax: CMD: repack  -253.121  0.382583  0.382583  0.30745
protocols.relax.FastRelax: CMD: scale:fa_rep  -250.396  0.382583  0.382583  0.31955
protocols.relax.FastRelax: CMD: min  -260.697  0.311595  0.311595  0.31955
protocols.relax.FastRelax: CMD: coord_cst_weight  -260.697  0.311595  0.311595  0.31955
protocols.relax.FastRelax: CMD: scale:fa_rep  -227.841  0.311595  0.311595  0.55
core.pack.task: Packer task: initialize from command line() 
core.pack.pack_rotamers: built 945 rotamers at 75 positions.
core.pack.interaction_graph.interaction_graph_factory: Instantiating DensePDInteractionGraph
protocols.relax.FastRelax: CMD: repack  -227.843  0.311595  0.311595  0.55
protocols.relax.FastRelax: CMD: min  -246.273  0.271  0.271  0.55
protocols.relax.FastRelax: MRP: 3  -246.273  -248.847  0.266667  0.266667  
protocols.relax.FastRelax: CMD: accept_to_best  -246.273  0.271  0.271  0.55
protocols.relax.FastRelax: CMD: endrepeat  -246.273  0.271  0.271  0.55
protocols.relax.FastRelax: CMD: coord_cst_weight  -246.273  0.271  0.271  0.55
protocols.relax.FastRelax: CMD: scale:fa_rep  -288.148  0.271  0.271  0.022
core.pack.task: Packer task: initialize from command line() 
core.pack.pack_rotamers: built 1077 rotamers at 75 positions.
core.pack.interaction_graph.interaction_graph_factory: Instantiating DensePDInteractionGraph
protocols.relax.FastRelax: CMD: repack  -289.904  0.271  0.271  0.022
protocols.relax.FastRelax: CMD: scale:fa_rep  -288.269  0.271  0.271  0.02805
protocols.relax.FastRelax: CMD: min  -336.241  0.615527  0.615527  0.02805
protocols.relax.FastRelax: CMD: coord_cst_weight  -336.241  0.615527  0.615527  0.02805
protocols.relax.FastRelax: CMD: scale:fa_rep  -241.351  0.615527  0.615527  0.14575
core.pack.task: Packer task: initialize from command line() 
core.pack.pack_rotamers: built 1030 rotamers at 75 positions.
core.pack.interaction_graph.interaction_graph_factory: Instantiating DensePDInteractionGraph
protocols.relax.FastRelax: CMD: repack  -243.661  0.615527  0.615527  0.14575
protocols.relax.FastRelax: CMD: scale:fa_rep  -237.317  0.615527  0.615527  0.154
protocols.relax.FastRelax: CMD: min  -290.726  0.406469  0.406469  0.154
protocols.relax.FastRelax: CMD: coord_cst_weight  -290.726  0.406469  0.406469  0.154
protocols.relax.FastRelax: CMD: scale:fa_rep  -256.211  0.406469  0.406469  0.30745
core.pack.task: Packer task: initialize from command line() 
core.pack.pack_rotamers: built 1001 rotamers at 75 positions.
core.pack.interaction_graph.interaction_graph_factory: Instantiating DensePDInteractionGraph
protocols.relax.FastRelax: CMD: repack  -256.212  0.406469  0.406469  0.30745
protocols.relax.FastRelax: CMD: scale:fa_rep  -253.49  0.406469  0.406469  0.31955
protocols.relax.FastRelax: CMD: min  -263.973  0.327943  0.327943  0.31955
protocols.relax.FastRelax: CMD: coord_cst_weight  -263.973  0.327943  0.327943  0.31955
protocols.relax.FastRelax: CMD: scale:fa_rep  -233.337  0.327943  0.327943  0.55
core.pack.task: Packer task: initialize from command line() 
core.pack.pack_rotamers: built 959 rotamers at 75 positions.
core.pack.interaction_graph.interaction_graph_factory: Instantiating DensePDInteractionGraph
protocols.relax.FastRelax: CMD: repack  -233.362  0.327943  0.327943  0.55
protocols.relax.FastRelax: CMD: min  -245.471  0.270128  0.270128  0.55
protocols.relax.FastRelax: MRP: 4  -245.471  -248.847  0.266667  0.266667  
protocols.relax.FastRelax: CMD: accept_to_best  -245.471  0.270128  0.270128  0.55
protocols.relax.FastRelax: CMD: endrepeat  -245.471  0.270128  0.270128  0.55
protocols.relax.FastRelax: CMD: coord_cst_weight  -245.471  0.270128  0.270128  0.55
protocols.relax.FastRelax: CMD: scale:fa_rep  -288.139  0.270128  0.270128  0.022
core.pack.task: Packer task: initialize from command line() 
core.pack.pack_rotamers: built 1083 rotamers at 75 positions.
core.pack.interaction_graph.interaction_graph_factory: Instantiating DensePDInteractionGraph
protocols.relax.FastRelax: CMD: repack  -289.978  0.270128  0.270128  0.022
protocols.relax.FastRelax: CMD: scale:fa_rep  -288.716  0.270128  0.270128  0.02805
protocols.relax.FastRelax: CMD: min  -325.431  0.512574  0.512574  0.02805
protocols.relax.FastRelax: CMD: coord_cst_weight  -325.431  0.512574  0.512574  0.02805
protocols.relax.FastRelax: CMD: scale:fa_rep  -254.23  0.512574  0.512574  0.14575
core.pack.task: Packer task: initialize from command line() 
core.pack.pack_rotamers: built 1021 rotamers at 75 positions.
core.pack.interaction_graph.interaction_graph_factory: Instantiating DensePDInteractionGraph
protocols.relax.FastRelax: CMD: repack  -258.351  0.512574  0.512574  0.14575
protocols.relax.FastRelax: CMD: scale:fa_rep  -253.815  0.512574  0.512574  0.154
protocols.relax.FastRelax: CMD: min  -286.685  0.361363  0.361363  0.154
protocols.relax.FastRelax: CMD: coord_cst_weight  -286.685  0.361363  0.361363  0.154
protocols.relax.FastRelax: CMD: scale:fa_rep  -255.451  0.361363  0.361363  0.30745
core.pack.task: Packer task: initialize from command line() 
core.pack.pack_rotamers: built 974 rotamers at 75 positions.
core.pack.interaction_graph.interaction_graph_factory: Instantiating DensePDInteractionGraph
protocols.relax.FastRelax: CMD: repack  -255.451  0.361363  0.361363  0.30745
protocols.relax.FastRelax: CMD: scale:fa_rep  -252.989  0.361363  0.361363  0.31955
protocols.relax.FastRelax: CMD: min  -262.566  0.311922  0.311922  0.31955
protocols.relax.FastRelax: CMD: coord_cst_weight  -262.566  0.311922  0.311922  0.31955
protocols.relax.FastRelax: CMD: scale:fa_rep  -234.099  0.311922  0.311922  0.55
core.pack.task: Packer task: initialize from command line() 
core.pack.pack_rotamers: built 960 rotamers at 75 positions.
core.pack.interaction_graph.interaction_graph_factory: Instantiating DensePDInteractionGraph
protocols.relax.FastRelax: CMD: repack  -234.099  0.311922  0.311922  0.55
protocols.relax.FastRelax: CMD: min  -246.469  0.311877  0.311877  0.55
protocols.relax.FastRelax: MRP: 5  -246.469  -248.847  0.266667  0.266667  
protocols.relax.FastRelax: CMD: accept_to_best  -246.469  0.311877  0.311877  0.55
protocols.relax.FastRelax: CMD: endrepeat  -246.469  0.311877  0.311877  0.55
protocols.relax.FastRelax: CMD: coord_cst_weight  -246.469  0.311877  0.311877  0.55
protocols.relax.FastRelax: CMD: scale:fa_rep  -290.242  0.311877  0.311877  0.022
core.pack.task: Packer task: initialize from command line() 
core.pack.pack_rotamers: built 1107 rotamers at 75 positions.
core.pack.interaction_graph.interaction_graph_factory: Instantiating DensePDInteractionGraph
protocols.relax.FastRelax: CMD: repack  -291.103  0.311877  0.311877  0.022
protocols.relax.FastRelax: CMD: scale:fa_rep  -290.068  0.311877  0.311877  0.02805
protocols.relax.FastRelax: CMD: min  -322.649  0.539986  0.539986  0.02805
protocols.relax.FastRelax: CMD: coord_cst_weight  -322.649  0.539986  0.539986  0.02805
protocols.relax.FastRelax: CMD: scale:fa_rep  -235.886  0.539986  0.539986  0.14575
core.pack.task: Packer task: initialize from command line() 
core.pack.pack_rotamers: built 1047 rotamers at 75 positions.
core.pack.interaction_graph.interaction_graph_factory: Instantiating DensePDInteractionGraph
protocols.relax.FastRelax: CMD: repack  -248.478  0.539986  0.539986  0.14575
protocols.relax.FastRelax: CMD: scale:fa_rep  -243.502  0.539986  0.539986  0.154
protocols.relax.FastRelax: CMD: min  -289.883  0.391419  0.391419  0.154
protocols.relax.FastRelax: CMD: coord_cst_weight  -289.883  0.391419  0.391419  0.154
protocols.relax.FastRelax: CMD: scale:fa_rep  -259.574  0.391419  0.391419  0.30745
core.pack.task: Packer task: initialize from command line() 
core.pack.pack_rotamers: built 982 rotamers at 75 positions.
core.pack.interaction_graph.interaction_graph_factory: Instantiating DensePDInteractionGraph
protocols.relax.FastRelax: CMD: repack  -259.574  0.391419  0.391419  0.30745
protocols.relax.FastRelax: CMD: scale:fa_rep  -257.184  0.391419  0.391419  0.31955
protocols.relax.FastRelax: CMD: min  -264.281  0.331926  0.331926  0.31955
protocols.relax.FastRelax: CMD: coord_cst_weight  -264.281  0.331926  0.331926  0.31955
protocols.relax.FastRelax: CMD: scale:fa_rep  -234.64  0.331926  0.331926  0.55
core.pack.task: Packer task: initialize from command line() 
core.pack.pack_rotamers: built 954 rotamers at 75 positions.
core.pack.interaction_graph.interaction_graph_factory: Instantiating DensePDInteractionGraph
protocols.relax.FastRelax: CMD: repack  -234.64  0.331926  0.331926  0.55
protocols.relax.FastRelax: CMD: min  -244.661  0.319713  0.319713  0.55
protocols.relax.FastRelax: MRP: 6  -244.661  -248.847  0.266667  0.266667  
protocols.relax.FastRelax: CMD: accept_to_best  -244.661  0.319713  0.319713  0.55
protocols.relax.FastRelax: CMD: endrepeat  -244.661  0.319713  0.319713  0.55
protocols.relax.FastRelax: CMD: coord_cst_weight  -244.661  0.319713  0.319713  0.55
protocols.relax.FastRelax: CMD: scale:fa_rep  -288.271  0.319713  0.319713  0.022
core.pack.task: Packer task: initialize from command line() 
core.pack.pack_rotamers: built 1089 rotamers at 75 positions.
core.pack.interaction_graph.interaction_graph_factory: Instantiating DensePDInteractionGraph
protocols.relax.FastRelax: CMD: repack  -290.92  0.319713  0.319713  0.022
protocols.relax.FastRelax: CMD: scale:fa_rep  -290.289  0.319713  0.319713  0.02805
protocols.relax.FastRelax: CMD: min  -334.693  0.625305  0.625305  0.02805
protocols.relax.FastRelax: CMD: coord_cst_weight  -334.693  0.625305  0.625305  0.02805
protocols.relax.FastRelax: CMD: scale:fa_rep  -242.984  0.625305  0.625305  0.14575
core.pack.task: Packer task: initialize from command line() 
core.pack.pack_rotamers: built 1028 rotamers at 75 positions.
core.pack.interaction_graph.interaction_graph_factory: Instantiating DensePDInteractionGraph
protocols.relax.FastRelax: CMD: repack  -244.894  0.625305  0.625305  0.14575
protocols.relax.FastRelax: CMD: scale:fa_rep  -238.626  0.625305  0.625305  0.154
protocols.relax.FastRelax: CMD: min  -291.855  0.410992  0.410992  0.154
protocols.relax.FastRelax: CMD: coord_cst_weight  -291.855  0.410992  0.410992  0.154
protocols.relax.FastRelax: CMD: scale:fa_rep  -257.693  0.410992  0.410992  0.30745
core.pack.task: Packer task: initialize from command line() 
core.pack.pack_rotamers: built 1002 rotamers at 75 positions.
core.pack.interaction_graph.interaction_graph_factory: Instantiating DensePDInteractionGraph
protocols.relax.FastRelax: CMD: repack  -257.694  0.410992  0.410992  0.30745
protocols.relax.FastRelax: CMD: scale:fa_rep  -255  0.410992  0.410992  0.31955
protocols.relax.FastRelax: CMD: min  -262.673  0.361523  0.361523  0.31955
protocols.relax.FastRelax: CMD: coord_cst_weight  -262.673  0.361523  0.361523  0.31955
protocols.relax.FastRelax: CMD: scale:fa_rep  -229.112  0.361523  0.361523  0.55
core.pack.task: Packer task: initialize from command line() 
core.pack.pack_rotamers: built 961 rotamers at 75 positions.
core.pack.interaction_graph.interaction_graph_factory: Instantiating DensePDInteractionGraph
protocols.relax.FastRelax: CMD: repack  -229.131  0.361523  0.361523  0.55
protocols.relax.FastRelax: CMD: min  -245.46  0.316204  0.316204  0.55
protocols.relax.FastRelax: MRP: 7  -245.46  -248.847  0.266667  0.266667  
protocols.relax.FastRelax: CMD: accept_to_best  -245.46  0.316204  0.316204  0.55
protocols.relax.FastRelax: CMD: endrepeat  -245.46  0.316204  0.316204  0.55
protocols.relax.FastRelax: CMD: coord_cst_weight  -245.46  0.316204  0.316204  0.55
protocols.relax.FastRelax: CMD: scale:fa_rep  -289.265  0.316204  0.316204  0.022
core.pack.task: Packer task: initialize from command line() 
core.pack.pack_rotamers: built 1086 rotamers at 75 positions.
core.pack.interaction_graph.interaction_graph_factory: Instantiating DensePDInteractionGraph
protocols.relax.FastRelax: CMD: repack  -290.799  0.316204  0.316204  0.022
protocols.relax.FastRelax: CMD: scale:fa_rep  -290.223  0.316204  0.316204  0.02805
protocols.relax.FastRelax: CMD: min  -322.554  0.516164  0.516164  0.02805
protocols.relax.FastRelax: CMD: coord_cst_weight  -322.554  0.516164  0.516164  0.02805
protocols.relax.FastRelax: CMD: scale:fa_rep  -251.766  0.516164  0.516164  0.14575
core.pack.task: Packer task: initialize from command line() 
core.pack.pack_rotamers: built 1032 rotamers at 75 positions.
core.pack.interaction_graph.interaction_graph_factory: Instantiating DensePDInteractionGraph
protocols.relax.FastRelax: CMD: repack  -257.302  0.516164  0.516164  0.14575
protocols.relax.FastRelax: CMD: scale:fa_rep  -252.806  0.516164  0.516164  0.154
protocols.relax.FastRelax: CMD: min  -289.755  0.380932  0.380932  0.154
protocols.relax.FastRelax: CMD: coord_cst_weight  -289.755  0.380932  0.380932  0.154
protocols.relax.FastRelax: CMD: scale:fa_rep  -259.898  0.380932  0.380932  0.30745
core.pack.task: Packer task: initialize from command line() 
core.pack.pack_rotamers: built 1001 rotamers at 75 positions.
core.pack.interaction_graph.interaction_graph_factory: Instantiating DensePDInteractionGraph
protocols.relax.FastRelax: CMD: repack  -259.898  0.380932  0.380932  0.30745
protocols.relax.FastRelax: CMD: scale:fa_rep  -257.544  0.380932  0.380932  0.31955
protocols.relax.FastRelax: CMD: min  -264.572  0.319437  0.319437  0.31955
protocols.relax.FastRelax: CMD: coord_cst_weight  -264.572  0.319437  0.319437  0.31955
protocols.relax.FastRelax: CMD: scale:fa_rep  -235.738  0.319437  0.319437  0.55
core.pack.task: Packer task: initialize from command line() 
core.pack.pack_rotamers: built 952 rotamers at 75 positions.
core.pack.interaction_graph.interaction_graph_factory: Instantiating DensePDInteractionGraph
protocols.relax.FastRelax: CMD: repack  -235.844  0.319437  0.319437  0.55
protocols.relax.FastRelax: CMD: min  -245.2  0.318744  0.318744  0.55
protocols.relax.FastRelax: MRP: 8  -245.2  -248.847  0.266667  0.266667  
protocols.relax.FastRelax: CMD: accept_to_best  -245.2  0.318744  0.318744  0.55
protocols.relax.FastRelax: CMD: endrepeat  -245.2  0.318744  0.318744  0.55
protocols.relax.FastRelax: CMD: coord_cst_weight  -245.2  0.318744  0.318744  0.55
protocols.relax.FastRelax: CMD: scale:fa_rep  -289.073  0.318744  0.318744  0.022
core.pack.task: Packer task: initialize from command line() 
core.pack.pack_rotamers: built 1088 rotamers at 75 positions.
core.pack.interaction_graph.interaction_graph_factory: Instantiating DensePDInteractionGraph
protocols.relax.FastRelax: CMD: repack  -290.558  0.318744  0.318744  0.022
protocols.relax.FastRelax: CMD: scale:fa_rep  -289.886  0.318744  0.318744  0.02805
protocols.relax.FastRelax: CMD: min  -337.781  0.64996  0.64996  0.02805
protocols.relax.FastRelax: CMD: coord_cst_weight  -337.781  0.64996  0.64996  0.02805
protocols.relax.FastRelax: CMD: scale:fa_rep  -243.247  0.64996  0.64996  0.14575
core.pack.task: Packer task: initialize from command line() 
core.pack.pack_rotamers: built 1033 rotamers at 75 positions.
core.pack.interaction_graph.interaction_graph_factory: Instantiating DensePDInteractionGraph
protocols.relax.FastRelax: CMD: repack  -244.179  0.64996  0.64996  0.14575
protocols.relax.FastRelax: CMD: scale:fa_rep  -237.78  0.64996  0.64996  0.154
protocols.relax.FastRelax: CMD: min  -289.866  0.452135  0.452135  0.154
protocols.relax.FastRelax: CMD: coord_cst_weight  -289.866  0.452135  0.452135  0.154
protocols.relax.FastRelax: CMD: scale:fa_rep  -253.59  0.452135  0.452135  0.30745
core.pack.task: Packer task: initialize from command line() 
core.pack.pack_rotamers: built 998 rotamers at 75 positions.
core.pack.interaction_graph.interaction_graph_factory: Instantiating DensePDInteractionGraph
protocols.relax.FastRelax: CMD: repack  -253.668  0.452135  0.452135  0.30745
protocols.relax.FastRelax: CMD: scale:fa_rep  -250.81  0.452135  0.452135  0.31955
protocols.relax.FastRelax: CMD: min  -261.848  0.339191  0.339191  0.31955
protocols.relax.FastRelax: CMD: coord_cst_weight  -261.848  0.339191  0.339191  0.31955
protocols.relax.FastRelax: CMD: scale:fa_rep  -229.424  0.339191  0.339191  0.55
core.pack.task: Packer task: initialize from command line() 
core.pack.pack_rotamers: built 960 rotamers at 75 positions.
core.pack.interaction_graph.interaction_graph_factory: Instantiating DensePDInteractionGraph
protocols.relax.FastRelax: CMD: repack  -229.6  0.339191  0.339191  0.55
protocols.relax.FastRelax: CMD: min  -244.376  0.322377  0.322377  0.55
protocols.relax.FastRelax: MRP: 9  -244.376  -248.847  0.266667  0.266667  
protocols.relax.FastRelax: CMD: accept_to_best  -244.376  0.322377  0.322377  0.55
protocols.relax.FastRelax: CMD: endrepeat  -244.376  0.322377  0.322377  0.55
protocols::checkpoint: Deleting checkpoints of FastRelax
protocols.rosetta_scripts.ParsedProtocol: setting status to success
protocols.jd2.JobDistributor: flags_relax_v3_no_cart_nstruct_10_structure_0005 reported success in 26 seconds
protocols.jd2.PDBJobInputter: PDBJobInputter::pose_from_job
protocols.jd2.PDBJobInputter: filling pose from saved copy structure.pdb
protocols.jd2.PDBJobInputter: PDBJobInputter::pose_from_job
protocols.jd2.PDBJobInputter: filling pose from PDB structure.pdb
core.import_pose.import_pose: File 'structure.pdb' automatically determined to be of type PDB from contents.
protocols.rosetta_scripts.ParsedProtocol: =======================BEGIN MOVER MutateResidue - mutant=======================
protocols.rosetta_scripts.ParsedProtocol: =======================BEGIN MOVER FastRelax - relax=======================
protocols.relax.FastRelax: CMD: repeat  -208.514  0  0  0.55
protocols.relax.FastRelax: CMD: coord_cst_weight  -208.514  0  0  0.55
protocols.relax.FastRelax: CMD: scale:fa_rep  -252.935  0  0  0.022
core.pack.task: Packer task: initialize from command line() 
core.pack.pack_rotamers: built 1065 rotamers at 75 positions.
core.pack.interaction_graph.interaction_graph_factory: Instantiating DensePDInteractionGraph
protocols.relax.FastRelax: CMD: repack  -286.326  0  0  0.022
protocols.relax.FastRelax: CMD: scale:fa_rep  -285.329  0  0  0.02805
protocols.relax.FastRelax: CMD: min  -330.818  0.562301  0.562301  0.02805
protocols.relax.FastRelax: CMD: coord_cst_weight  -330.818  0.562301  0.562301  0.02805
protocols.relax.FastRelax: CMD: scale:fa_rep  -235.404  0.562301  0.562301  0.14575
core.pack.task: Packer task: initialize from command line() 
core.pack.pack_rotamers: built 998 rotamers at 75 positions.
core.pack.interaction_graph.interaction_graph_factory: Instantiating DensePDInteractionGraph
protocols.relax.FastRelax: CMD: repack  -236.791  0.562301  0.562301  0.14575
protocols.relax.FastRelax: CMD: scale:fa_rep  -230.38  0.562301  0.562301  0.154
protocols.relax.FastRelax: CMD: min  -287.19  0.272146  0.272146  0.154
protocols.relax.FastRelax: CMD: coord_cst_weight  -287.19  0.272146  0.272146  0.154
protocols.relax.FastRelax: CMD: scale:fa_rep  -254.791  0.272146  0.272146  0.30745
core.pack.task: Packer task: initialize from command line() 
core.pack.pack_rotamers: built 988 rotamers at 75 positions.
core.pack.interaction_graph.interaction_graph_factory: Instantiating DensePDInteractionGraph
protocols.relax.FastRelax: CMD: repack  -254.83  0.272146  0.272146  0.30745
protocols.relax.FastRelax: CMD: scale:fa_rep  -252.273  0.272146  0.272146  0.31955
protocols.relax.FastRelax: CMD: min  -265.169  0.17819  0.17819  0.31955
protocols.relax.FastRelax: CMD: coord_cst_weight  -265.169  0.17819  0.17819  0.31955
protocols.relax.FastRelax: CMD: scale:fa_rep  -238.47  0.17819  0.17819  0.55
core.pack.task: Packer task: initialize from command line() 
core.pack.pack_rotamers: built 963 rotamers at 75 positions.
core.pack.interaction_graph.interaction_graph_factory: Instantiating DensePDInteractionGraph
protocols.relax.FastRelax: CMD: repack  -238.47  0.17819  0.17819  0.55
protocols.relax.FastRelax: CMD: min  -248.444  0.199806  0.199806  0.55
protocols.relax.FastRelax: MRP: 0  -248.444  -248.444  0.199806  0.199806  
protocols.relax.FastRelax: CMD: accept_to_best  -248.444  0.199806  0.199806  0.55
protocols.relax.FastRelax: CMD: endrepeat  -248.444  0.199806  0.199806  0.55
protocols.relax.FastRelax: CMD: coord_cst_weight  -248.444  0.199806  0.199806  0.55
protocols.relax.FastRelax: CMD: scale:fa_rep  -288.993  0.199806  0.199806  0.022
core.pack.task: Packer task: initialize from command line() 
core.pack.pack_rotamers: built 1081 rotamers at 75 positions.
core.pack.interaction_graph.interaction_graph_factory: Instantiating DensePDInteractionGraph
protocols.relax.FastRelax: CMD: repack  -291.079  0.199806  0.199806  0.022
protocols.relax.FastRelax: CMD: scale:fa_rep  -289.533  0.199806  0.199806  0.02805
protocols.relax.FastRelax: CMD: min  -327.307  0.547162  0.547162  0.02805
protocols.relax.FastRelax: CMD: coord_cst_weight  -327.307  0.547162  0.547162  0.02805
protocols.relax.FastRelax: CMD: scale:fa_rep  -240.75  0.547162  0.547162  0.14575
core.pack.task: Packer task: initialize from command line() 
core.pack.pack_rotamers: built 1022 rotamers at 75 positions.
core.pack.interaction_graph.interaction_graph_factory: Instantiating DensePDInteractionGraph
protocols.relax.FastRelax: CMD: repack  -247.158  0.547162  0.547162  0.14575
protocols.relax.FastRelax: CMD: scale:fa_rep  -241.772  0.547162  0.547162  0.154
protocols.relax.FastRelax: CMD: min  -288.566  0.308812  0.308812  0.154
protocols.relax.FastRelax: CMD: coord_cst_weight  -288.566  0.308812  0.308812  0.154
protocols.relax.FastRelax: CMD: scale:fa_rep  -259.698  0.308812  0.308812  0.30745
core.pack.task: Packer task: initialize from command line() 
core.pack.pack_rotamers: built 992 rotamers at 75 positions.
core.pack.interaction_graph.interaction_graph_factory: Instantiating DensePDInteractionGraph
protocols.relax.FastRelax: CMD: repack  -259.698  0.308812  0.308812  0.30745
protocols.relax.FastRelax: CMD: scale:fa_rep  -257.421  0.308812  0.308812  0.31955
protocols.relax.FastRelax: CMD: min  -264.043  0.250238  0.250238  0.31955
protocols.relax.FastRelax: CMD: coord_cst_weight  -264.043  0.250238  0.250238  0.31955
protocols.relax.FastRelax: CMD: scale:fa_rep  -235.652  0.250238  0.250238  0.55
core.pack.task: Packer task: initialize from command line() 
core.pack.pack_rotamers: built 960 rotamers at 75 positions.
core.pack.interaction_graph.interaction_graph_factory: Instantiating DensePDInteractionGraph
protocols.relax.FastRelax: CMD: repack  -236.07  0.250238  0.250238  0.55
protocols.relax.FastRelax: CMD: min  -247.896  0.225073  0.225073  0.55
protocols.relax.FastRelax: MRP: 1  -247.896  -248.444  0.199806  0.199806  
protocols.relax.FastRelax: CMD: accept_to_best  -247.896  0.225073  0.225073  0.55
protocols.relax.FastRelax: CMD: endrepeat  -247.896  0.225073  0.225073  0.55
protocols.relax.FastRelax: CMD: coord_cst_weight  -247.896  0.225073  0.225073  0.55
protocols.relax.FastRelax: CMD: scale:fa_rep  -288.33  0.225073  0.225073  0.022
core.pack.task: Packer task: initialize from command line() 
core.pack.pack_rotamers: built 1082 rotamers at 75 positions.
core.pack.interaction_graph.interaction_graph_factory: Instantiating DensePDInteractionGraph
protocols.relax.FastRelax: CMD: repack  -289.598  0.225073  0.225073  0.022
protocols.relax.FastRelax: CMD: scale:fa_rep  -288.126  0.225073  0.225073  0.02805
protocols.relax.FastRelax: CMD: min  -330.257  0.591536  0.591536  0.02805
protocols.relax.FastRelax: CMD: coord_cst_weight  -330.257  0.591536  0.591536  0.02805
protocols.relax.FastRelax: CMD: scale:fa_rep  -240.833  0.591536  0.591536  0.14575
core.pack.task: Packer task: initialize from command line() 
core.pack.pack_rotamers: built 1017 rotamers at 75 positions.
core.pack.interaction_graph.interaction_graph_factory: Instantiating DensePDInteractionGraph
protocols.relax.FastRelax: CMD: repack  -243.73  0.591536  0.591536  0.14575
protocols.relax.FastRelax: CMD: scale:fa_rep  -238.054  0.591536  0.591536  0.154
protocols.relax.FastRelax: CMD: min  -282.33  0.383505  0.383505  0.154
protocols.relax.FastRelax: CMD: coord_cst_weight  -282.33  0.383505  0.383505  0.154
protocols.relax.FastRelax: CMD: scale:fa_rep  -248.291  0.383505  0.383505  0.30745
core.pack.task: Packer task: initialize from command line() 
core.pack.pack_rotamers: built 999 rotamers at 75 positions.
core.pack.interaction_graph.interaction_graph_factory: Instantiating DensePDInteractionGraph
protocols.relax.FastRelax: CMD: repack  -248.53  0.383505  0.383505  0.30745
protocols.relax.FastRelax: CMD: scale:fa_rep  -245.956  0.383505  0.383505  0.31955
protocols.relax.FastRelax: CMD: min  -262.536  0.300917  0.300917  0.31955
protocols.relax.FastRelax: CMD: coord_cst_weight  -262.536  0.300917  0.300917  0.31955
protocols.relax.FastRelax: CMD: scale:fa_rep  -236.748  0.300917  0.300917  0.55
core.pack.task: Packer task: initialize from command line() 
core.pack.pack_rotamers: built 960 rotamers at 75 positions.
core.pack.interaction_graph.interaction_graph_factory: Instantiating DensePDInteractionGraph
protocols.relax.FastRelax: CMD: repack  -236.748  0.300917  0.300917  0.55
protocols.relax.FastRelax: CMD: min  -246.567  0.325514  0.325514  0.55
protocols.relax.FastRelax: MRP: 2  -246.567  -248.444  0.199806  0.199806  
protocols.relax.FastRelax: CMD: accept_to_best  -246.567  0.325514  0.325514  0.55
protocols.relax.FastRelax: CMD: endrepeat  -246.567  0.325514  0.325514  0.55
protocols.relax.FastRelax: CMD: coord_cst_weight  -246.567  0.325514  0.325514  0.55
protocols.relax.FastRelax: CMD: scale:fa_rep  -287.868  0.325514  0.325514  0.022
core.pack.task: Packer task: initialize from command line() 
core.pack.pack_rotamers: built 1088 rotamers at 75 positions.
core.pack.interaction_graph.interaction_graph_factory: Instantiating DensePDInteractionGraph
protocols.relax.FastRelax: CMD: repack  -291.012  0.325514  0.325514  0.022
protocols.relax.FastRelax: CMD: scale:fa_rep  -289.472  0.325514  0.325514  0.02805
protocols.relax.FastRelax: CMD: min  -332.562  0.637228  0.637228  0.02805
protocols.relax.FastRelax: CMD: coord_cst_weight  -332.562  0.637228  0.637228  0.02805
protocols.relax.FastRelax: CMD: scale:fa_rep  -236.295  0.637228  0.637228  0.14575
core.pack.task: Packer task: initialize from command line() 
core.pack.pack_rotamers: built 1018 rotamers at 75 positions.
core.pack.interaction_graph.interaction_graph_factory: Instantiating DensePDInteractionGraph
protocols.relax.FastRelax: CMD: repack  -238.607  0.637228  0.637228  0.14575
protocols.relax.FastRelax: CMD: scale:fa_rep  -232.411  0.637228  0.637228  0.154
protocols.relax.FastRelax: CMD: min  -288.116  0.403059  0.403059  0.154
protocols.relax.FastRelax: CMD: coord_cst_weight  -288.116  0.403059  0.403059  0.154
protocols.relax.FastRelax: CMD: scale:fa_rep  -257.255  0.403059  0.403059  0.30745
core.pack.task: Packer task: initialize from command line() 
core.pack.pack_rotamers: built 993 rotamers at 75 positions.
core.pack.interaction_graph.interaction_graph_factory: Instantiating DensePDInteractionGraph
protocols.relax.FastRelax: CMD: repack  -257.38  0.403059  0.403059  0.30745
protocols.relax.FastRelax: CMD: scale:fa_rep  -254.984  0.403059  0.403059  0.31955
protocols.relax.FastRelax: CMD: min  -263.741  0.341223  0.341223  0.31955
protocols.relax.FastRelax: CMD: coord_cst_weight  -263.741  0.341223  0.341223  0.31955
protocols.relax.FastRelax: CMD: scale:fa_rep  -235.592  0.341223  0.341223  0.55
core.pack.task: Packer task: initialize from command line() 
core.pack.pack_rotamers: built 953 rotamers at 75 positions.
core.pack.interaction_graph.interaction_graph_factory: Instantiating DensePDInteractionGraph
protocols.relax.FastRelax: CMD: repack  -235.592  0.341223  0.341223  0.55
protocols.relax.FastRelax: CMD: min  -245.607  0.337973  0.337973  0.55
protocols.relax.FastRelax: MRP: 3  -245.607  -248.444  0.199806  0.199806  
protocols.relax.FastRelax: CMD: accept_to_best  -245.607  0.337973  0.337973  0.55
protocols.relax.FastRelax: CMD: endrepeat  -245.607  0.337973  0.337973  0.55
protocols.relax.FastRelax: CMD: coord_cst_weight  -245.607  0.337973  0.337973  0.55
protocols.relax.FastRelax: CMD: scale:fa_rep  -287.146  0.337973  0.337973  0.022
core.pack.task: Packer task: initialize from command line() 
core.pack.pack_rotamers: built 1090 rotamers at 75 positions.
core.pack.interaction_graph.interaction_graph_factory: Instantiating DensePDInteractionGraph
protocols.relax.FastRelax: CMD: repack  -290.564  0.337973  0.337973  0.022
protocols.relax.FastRelax: CMD: scale:fa_rep  -289.123  0.337973  0.337973  0.02805
protocols.relax.FastRelax: CMD: min  -333.469  0.657328  0.657328  0.02805
protocols.relax.FastRelax: CMD: coord_cst_weight  -333.469  0.657328  0.657328  0.02805
protocols.relax.FastRelax: CMD: scale:fa_rep  -229.951  0.657328  0.657328  0.14575
core.pack.task: Packer task: initialize from command line() 
core.pack.pack_rotamers: built 1011 rotamers at 75 positions.
core.pack.interaction_graph.interaction_graph_factory: Instantiating DensePDInteractionGraph
protocols.relax.FastRelax: CMD: repack  -231.816  0.657328  0.657328  0.14575
protocols.relax.FastRelax: CMD: scale:fa_rep  -224.815  0.657328  0.657328  0.154
protocols.relax.FastRelax: CMD: min  -287.981  0.409723  0.409723  0.154
protocols.relax.FastRelax: CMD: coord_cst_weight  -287.981  0.409723  0.409723  0.154
protocols.relax.FastRelax: CMD: scale:fa_rep  -254.802  0.409723  0.409723  0.30745
core.pack.task: Packer task: initialize from command line() 
core.pack.pack_rotamers: built 997 rotamers at 75 positions.
core.pack.interaction_graph.interaction_graph_factory: Instantiating DensePDInteractionGraph
protocols.relax.FastRelax: CMD: repack  -254.828  0.409723  0.409723  0.30745
protocols.relax.FastRelax: CMD: scale:fa_rep  -252.217  0.409723  0.409723  0.31955
protocols.relax.FastRelax: CMD: min  -261.796  0.360796  0.360796  0.31955
protocols.relax.FastRelax: CMD: coord_cst_weight  -261.796  0.360796  0.360796  0.31955
protocols.relax.FastRelax: CMD: scale:fa_rep  -231.052  0.360796  0.360796  0.55
core.pack.task: Packer task: initialize from command line() 
core.pack.pack_rotamers: built 955 rotamers at 75 positions.
core.pack.interaction_graph.interaction_graph_factory: Instantiating DensePDInteractionGraph
protocols.relax.FastRelax: CMD: repack  -231.124  0.360796  0.360796  0.55
protocols.relax.FastRelax: CMD: min  -244.474  0.349586  0.349586  0.55
protocols.relax.FastRelax: MRP: 4  -244.474  -248.444  0.199806  0.199806  
protocols.relax.FastRelax: CMD: accept_to_best  -244.474  0.349586  0.349586  0.55
protocols.relax.FastRelax: CMD: endrepeat  -244.474  0.349586  0.349586  0.55
protocols.relax.FastRelax: CMD: coord_cst_weight  -244.474  0.349586  0.349586  0.55
protocols.relax.FastRelax: CMD: scale:fa_rep  -286.723  0.349586  0.349586  0.022
core.pack.task: Packer task: initialize from command line() 
core.pack.pack_rotamers: built 1092 rotamers at 75 positions.
core.pack.interaction_graph.interaction_graph_factory: Instantiating DensePDInteractionGraph
protocols.relax.FastRelax: CMD: repack  -289.529  0.349586  0.349586  0.022
protocols.relax.FastRelax: CMD: scale:fa_rep  -288.85  0.349586  0.349586  0.02805
protocols.relax.FastRelax: CMD: min  -330.68  0.639665  0.639665  0.02805
protocols.relax.FastRelax: CMD: coord_cst_weight  -330.68  0.639665  0.639665  0.02805
protocols.relax.FastRelax: CMD: scale:fa_rep  -234.406  0.639665  0.639665  0.14575
core.pack.task: Packer task: initialize from command line() 
core.pack.pack_rotamers: built 1024 rotamers at 75 positions.
core.pack.interaction_graph.interaction_graph_factory: Instantiating DensePDInteractionGraph
protocols.relax.FastRelax: CMD: repack  -235.984  0.639665  0.639665  0.14575
protocols.relax.FastRelax: CMD: scale:fa_rep  -229.431  0.639665  0.639665  0.154
protocols.relax.FastRelax: CMD: min  -288.426  0.405507  0.405507  0.154
protocols.relax.FastRelax: CMD: coord_cst_weight  -288.426  0.405507  0.405507  0.154
protocols.relax.FastRelax: CMD: scale:fa_rep  -257.264  0.405507  0.405507  0.30745
core.pack.task: Packer task: initialize from command line() 
core.pack.pack_rotamers: built 1001 rotamers at 75 positions.
core.pack.interaction_graph.interaction_graph_factory: Instantiating DensePDInteractionGraph
protocols.relax.FastRelax: CMD: repack  -257.264  0.405507  0.405507  0.30745
protocols.relax.FastRelax: CMD: scale:fa_rep  -254.806  0.405507  0.405507  0.31955
protocols.relax.FastRelax: CMD: min  -263.044  0.357547  0.357547  0.31955
protocols.relax.FastRelax: CMD: coord_cst_weight  -263.044  0.357547  0.357547  0.31955
protocols.relax.FastRelax: CMD: scale:fa_rep  -233.095  0.357547  0.357547  0.55
core.pack.task: Packer task: initialize from command line() 
core.pack.pack_rotamers: built 973 rotamers at 75 positions.
core.pack.interaction_graph.interaction_graph_factory: Instantiating DensePDInteractionGraph
protocols.relax.FastRelax: CMD: repack  -233.164  0.357547  0.357547  0.55
protocols.relax.FastRelax: CMD: min  -244.257  0.351177  0.351177  0.55
protocols.relax.FastRelax: MRP: 5  -244.257  -248.444  0.199806  0.199806  
protocols.relax.FastRelax: CMD: accept_to_best  -244.257  0.351177  0.351177  0.55
protocols.relax.FastRelax: CMD: endrepeat  -244.257  0.351177  0.351177  0.55
protocols.relax.FastRelax: CMD: coord_cst_weight  -244.257  0.351177  0.351177  0.55
protocols.relax.FastRelax: CMD: scale:fa_rep  -286.547  0.351177  0.351177  0.022
core.pack.task: Packer task: initialize from command line() 
core.pack.pack_rotamers: built 1092 rotamers at 75 positions.
core.pack.interaction_graph.interaction_graph_factory: Instantiating DensePDInteractionGraph
protocols.relax.FastRelax: CMD: repack  -289.389  0.351177  0.351177  0.022
protocols.relax.FastRelax: CMD: scale:fa_rep  -288.521  0.351177  0.351177  0.02805
protocols.relax.FastRelax: CMD: min  -327.216  0.613397  0.613397  0.02805
protocols.relax.FastRelax: CMD: coord_cst_weight  -327.216  0.613397  0.613397  0.02805
protocols.relax.FastRelax: CMD: scale:fa_rep  -237.127  0.613397  0.613397  0.14575
core.pack.task: Packer task: initialize from command line() 
core.pack.pack_rotamers: built 1028 rotamers at 75 positions.
core.pack.interaction_graph.interaction_graph_factory: Instantiating DensePDInteractionGraph
protocols.relax.FastRelax: CMD: repack  -239.75  0.613397  0.613397  0.14575
protocols.relax.FastRelax: CMD: scale:fa_rep  -233.694  0.613397  0.613397  0.154
protocols.relax.FastRelax: CMD: min  -287.031  0.411834  0.411834  0.154
protocols.relax.FastRelax: CMD: coord_cst_weight  -287.031  0.411834  0.411834  0.154
protocols.relax.FastRelax: CMD: scale:fa_rep  -255.183  0.411834  0.411834  0.30745
core.pack.task: Packer task: initialize from command line() 
core.pack.pack_rotamers: built 1000 rotamers at 75 positions.
core.pack.interaction_graph.interaction_graph_factory: Instantiating DensePDInteractionGraph
protocols.relax.FastRelax: CMD: repack  -255.467  0.411834  0.411834  0.30745
protocols.relax.FastRelax: CMD: scale:fa_rep  -252.968  0.411834  0.411834  0.31955
protocols.relax.FastRelax: CMD: min  -261.867  0.368713  0.368713  0.31955
protocols.relax.FastRelax: CMD: coord_cst_weight  -261.867  0.368713  0.368713  0.31955
protocols.relax.FastRelax: CMD: scale:fa_rep  -231.552  0.368713  0.368713  0.55
core.pack.task: Packer task: initialize from command line() 
core.pack.pack_rotamers: built 963 rotamers at 75 positions.
core.pack.interaction_graph.interaction_graph_factory: Instantiating DensePDInteractionGraph
protocols.relax.FastRelax: CMD: repack  -231.611  0.368713  0.368713  0.55
protocols.relax.FastRelax: CMD: min  -244.466  0.349116  0.349116  0.55
protocols.relax.FastRelax: MRP: 6  -244.466  -248.444  0.199806  0.199806  
protocols.relax.FastRelax: CMD: accept_to_best  -244.466  0.349116  0.349116  0.55
protocols.relax.FastRelax: CMD: endrepeat  -244.466  0.349116  0.349116  0.55
protocols.relax.FastRelax: CMD: coord_cst_weight  -244.466  0.349116  0.349116  0.55
protocols.relax.FastRelax: CMD: scale:fa_rep  -287.219  0.349116  0.349116  0.022
core.pack.task: Packer task: initialize from command line() 
core.pack.pack_rotamers: built 1090 rotamers at 75 positions.
core.pack.interaction_graph.interaction_graph_factory: Instantiating DensePDInteractionGraph
protocols.relax.FastRelax: CMD: repack  -288.932  0.349116  0.349116  0.022
protocols.relax.FastRelax: CMD: scale:fa_rep  -288.345  0.349116  0.349116  0.02805
protocols.relax.FastRelax: CMD: min  -336.29  0.691358  0.691358  0.02805
protocols.relax.FastRelax: CMD: coord_cst_weight  -336.29  0.691358  0.691358  0.02805
protocols.relax.FastRelax: CMD: scale:fa_rep  -237.631  0.691358  0.691358  0.14575
core.pack.task: Packer task: initialize from command line() 
core.pack.pack_rotamers: built 1006 rotamers at 75 positions.
core.pack.interaction_graph.interaction_graph_factory: Instantiating DensePDInteractionGraph
protocols.relax.FastRelax: CMD: repack  -239.88  0.691358  0.691358  0.14575
protocols.relax.FastRelax: CMD: scale:fa_rep  -233.414  0.691358  0.691358  0.154
protocols.relax.FastRelax: CMD: min  -286.445  0.436301  0.436301  0.154
protocols.relax.FastRelax: CMD: coord_cst_weight  -286.445  0.436301  0.436301  0.154
protocols.relax.FastRelax: CMD: scale:fa_rep  -250.993  0.436301  0.436301  0.30745
core.pack.task: Packer task: initialize from command line() 
core.pack.pack_rotamers: built 993 rotamers at 75 positions.
core.pack.interaction_graph.interaction_graph_factory: Instantiating DensePDInteractionGraph
protocols.relax.FastRelax: CMD: repack  -251.351  0.436301  0.436301  0.30745
protocols.relax.FastRelax: CMD: scale:fa_rep  -248.519  0.436301  0.436301  0.31955
protocols.relax.FastRelax: CMD: min  -260.347  0.388772  0.388772  0.31955
protocols.relax.FastRelax: CMD: coord_cst_weight  -260.347  0.388772  0.388772  0.31955
protocols.relax.FastRelax: CMD: scale:fa_rep  -226.583  0.388772  0.388772  0.55
core.pack.task: Packer task: initialize from command line() 
core.pack.pack_rotamers: built 962 rotamers at 75 positions.
core.pack.interaction_graph.interaction_graph_factory: Instantiating DensePDInteractionGraph
protocols.relax.FastRelax: CMD: repack  -226.691  0.388772  0.388772  0.55
protocols.relax.FastRelax: CMD: min  -243.109  0.36701  0.36701  0.55
protocols.relax.FastRelax: MRP: 7  -243.109  -248.444  0.199806  0.199806  
protocols.relax.FastRelax: CMD: accept_to_best  -243.109  0.36701  0.36701  0.55
protocols.relax.FastRelax: CMD: endrepeat  -243.109  0.36701  0.36701  0.55
protocols.relax.FastRelax: CMD: coord_cst_weight  -243.109  0.36701  0.36701  0.55
protocols.relax.FastRelax: CMD: scale:fa_rep  -285.577  0.36701  0.36701  0.022
core.pack.task: Packer task: initialize from command line() 
core.pack.pack_rotamers: built 1094 rotamers at 75 positions.
core.pack.interaction_graph.interaction_graph_factory: Instantiating DensePDInteractionGraph
protocols.relax.FastRelax: CMD: repack  -289.386  0.36701  0.36701  0.022
protocols.relax.FastRelax: CMD: scale:fa_rep  -288.372  0.36701  0.36701  0.02805
protocols.relax.FastRelax: CMD: min  -331.566  0.632808  0.632808  0.02805
protocols.relax.FastRelax: CMD: coord_cst_weight  -331.566  0.632808  0.632808  0.02805
protocols.relax.FastRelax: CMD: scale:fa_rep  -235.579  0.632808  0.632808  0.14575
core.pack.task: Packer task: initialize from command line() 
core.pack.pack_rotamers: built 1030 rotamers at 75 positions.
core.pack.interaction_graph.interaction_graph_factory: Instantiating DensePDInteractionGraph
protocols.relax.FastRelax: CMD: repack  -237.507  0.632808  0.632808  0.14575
protocols.relax.FastRelax: CMD: scale:fa_rep  -231.3  0.632808  0.632808  0.154
protocols.relax.FastRelax: CMD: min  -288.48  0.421706  0.421706  0.154
protocols.relax.FastRelax: CMD: coord_cst_weight  -288.48  0.421706  0.421706  0.154
protocols.relax.FastRelax: CMD: scale:fa_rep  -256.918  0.421706  0.421706  0.30745
core.pack.task: Packer task: initialize from command line() 
core.pack.pack_rotamers: built 1004 rotamers at 75 positions.
core.pack.interaction_graph.interaction_graph_factory: Instantiating DensePDInteractionGraph
protocols.relax.FastRelax: CMD: repack  -257.102  0.421706  0.421706  0.30745
protocols.relax.FastRelax: CMD: scale:fa_rep  -254.582  0.421706  0.421706  0.31955
protocols.relax.FastRelax: CMD: min  -262.994  0.364783  0.364783  0.31955
protocols.relax.FastRelax: CMD: coord_cst_weight  -262.994  0.364783  0.364783  0.31955
protocols.relax.FastRelax: CMD: scale:fa_rep  -232.691  0.364783  0.364783  0.55
core.pack.task: Packer task: initialize from command line() 
core.pack.pack_rotamers: built 961 rotamers at 75 positions.
core.pack.interaction_graph.interaction_graph_factory: Instantiating DensePDInteractionGraph
protocols.relax.FastRelax: CMD: repack  -232.749  0.364783  0.364783  0.55
protocols.relax.FastRelax: CMD: min  -243.037  0.364924  0.364924  0.55
protocols.relax.FastRelax: MRP: 8  -243.037  -248.444  0.199806  0.199806  
protocols.relax.FastRelax: CMD: accept_to_best  -243.037  0.364924  0.364924  0.55
protocols.relax.FastRelax: CMD: endrepeat  -243.037  0.364924  0.364924  0.55
protocols.relax.FastRelax: CMD: coord_cst_weight  -243.037  0.364924  0.364924  0.55
protocols.relax.FastRelax: CMD: scale:fa_rep  -285.569  0.364924  0.364924  0.022
core.pack.task: Packer task: initialize from command line() 
core.pack.pack_rotamers: built 1096 rotamers at 75 positions.
core.pack.interaction_graph.interaction_graph_factory: Instantiating DensePDInteractionGraph
protocols.relax.FastRelax: CMD: repack  -289.555  0.364924  0.364924  0.022
protocols.relax.FastRelax: CMD: scale:fa_rep  -288.534  0.364924  0.364924  0.02805
protocols.relax.FastRelax: CMD: min  -334.066  0.666329  0.666329  0.02805
protocols.relax.FastRelax: CMD: coord_cst_weight  -334.066  0.666329  0.666329  0.02805
protocols.relax.FastRelax: CMD: scale:fa_rep  -232.731  0.666329  0.666329  0.14575
core.pack.task: Packer task: initialize from command line() 
core.pack.pack_rotamers: built 1018 rotamers at 75 positions.
core.pack.interaction_graph.interaction_graph_factory: Instantiating DensePDInteractionGraph
protocols.relax.FastRelax: CMD: repack  -235.64  0.666329  0.666329  0.14575
protocols.relax.FastRelax: CMD: scale:fa_rep  -229.011  0.666329  0.666329  0.154
protocols.relax.FastRelax: CMD: min  -284.226  0.435975  0.435975  0.154
protocols.relax.FastRelax: CMD: coord_cst_weight  -284.226  0.435975  0.435975  0.154
protocols.relax.FastRelax: CMD: scale:fa_rep  -248.769  0.435975  0.435975  0.30745
core.pack.task: Packer task: initialize from command line() 
core.pack.pack_rotamers: built 1001 rotamers at 75 positions.
core.pack.interaction_graph.interaction_graph_factory: Instantiating DensePDInteractionGraph
protocols.relax.FastRelax: CMD: repack  -248.895  0.435975  0.435975  0.30745
protocols.relax.FastRelax: CMD: scale:fa_rep  -246.105  0.435975  0.435975  0.31955
protocols.relax.FastRelax: CMD: min  -258.214  0.398759  0.398759  0.31955
protocols.relax.FastRelax: CMD: coord_cst_weight  -258.214  0.398759  0.398759  0.31955
protocols.relax.FastRelax: CMD: scale:fa_rep  -227.64  0.398759  0.398759  0.55
core.pack.task: Packer task: initialize from command line() 
core.pack.pack_rotamers: built 970 rotamers at 75 positions.
core.pack.interaction_graph.interaction_graph_factory: Instantiating DensePDInteractionGraph
protocols.relax.FastRelax: CMD: repack  -227.671  0.398759  0.398759  0.55
protocols.relax.FastRelax: CMD: min  -241.906  0.357864  0.357864  0.55
protocols.relax.FastRelax: MRP: 9  -241.906  -248.444  0.199806  0.199806  
protocols.relax.FastRelax: CMD: accept_to_best  -241.906  0.357864  0.357864  0.55
protocols.relax.FastRelax: CMD: endrepeat  -241.906  0.357864  0.357864  0.55
protocols::checkpoint: Deleting checkpoints of FastRelax
protocols.rosetta_scripts.ParsedProtocol: setting status to success
protocols.jd2.JobDistributor: flags_relax_v3_no_cart_nstruct_10_structure_0006 reported success in 27 seconds
protocols.jd2.PDBJobInputter: PDBJobInputter::pose_from_job
protocols.jd2.PDBJobInputter: filling pose from saved copy structure.pdb
protocols.jd2.PDBJobInputter: PDBJobInputter::pose_from_job
protocols.jd2.PDBJobInputter: filling pose from PDB structure.pdb
core.import_pose.import_pose: File 'structure.pdb' automatically determined to be of type PDB from contents.
protocols.rosetta_scripts.ParsedProtocol: =======================BEGIN MOVER MutateResidue - mutant=======================
protocols.rosetta_scripts.ParsedProtocol: =======================BEGIN MOVER FastRelax - relax=======================
protocols.relax.FastRelax: CMD: repeat  -208.514  0  0  0.55
protocols.relax.FastRelax: CMD: coord_cst_weight  -208.514  0  0  0.55
protocols.relax.FastRelax: CMD: scale:fa_rep  -252.935  0  0  0.022
core.pack.task: Packer task: initialize from command line() 
core.pack.pack_rotamers: built 1065 rotamers at 75 positions.
core.pack.interaction_graph.interaction_graph_factory: Instantiating DensePDInteractionGraph
protocols.relax.FastRelax: CMD: repack  -286.326  0  0  0.022
protocols.relax.FastRelax: CMD: scale:fa_rep  -285.329  0  0  0.02805
protocols.relax.FastRelax: CMD: min  -330.818  0.562301  0.562301  0.02805
protocols.relax.FastRelax: CMD: coord_cst_weight  -330.818  0.562301  0.562301  0.02805
protocols.relax.FastRelax: CMD: scale:fa_rep  -235.404  0.562301  0.562301  0.14575
core.pack.task: Packer task: initialize from command line() 
core.pack.pack_rotamers: built 998 rotamers at 75 positions.
core.pack.interaction_graph.interaction_graph_factory: Instantiating DensePDInteractionGraph
protocols.relax.FastRelax: CMD: repack  -236.791  0.562301  0.562301  0.14575
protocols.relax.FastRelax: CMD: scale:fa_rep  -230.38  0.562301  0.562301  0.154
protocols.relax.FastRelax: CMD: min  -287.19  0.272146  0.272146  0.154
protocols.relax.FastRelax: CMD: coord_cst_weight  -287.19  0.272146  0.272146  0.154
protocols.relax.FastRelax: CMD: scale:fa_rep  -254.791  0.272146  0.272146  0.30745
core.pack.task: Packer task: initialize from command line() 
core.pack.pack_rotamers: built 988 rotamers at 75 positions.
core.pack.interaction_graph.interaction_graph_factory: Instantiating DensePDInteractionGraph
protocols.relax.FastRelax: CMD: repack  -254.83  0.272146  0.272146  0.30745
protocols.relax.FastRelax: CMD: scale:fa_rep  -252.273  0.272146  0.272146  0.31955
protocols.relax.FastRelax: CMD: min  -265.169  0.17819  0.17819  0.31955
protocols.relax.FastRelax: CMD: coord_cst_weight  -265.169  0.17819  0.17819  0.31955
protocols.relax.FastRelax: CMD: scale:fa_rep  -238.47  0.17819  0.17819  0.55
core.pack.task: Packer task: initialize from command line() 
core.pack.pack_rotamers: built 963 rotamers at 75 positions.
core.pack.interaction_graph.interaction_graph_factory: Instantiating DensePDInteractionGraph
protocols.relax.FastRelax: CMD: repack  -238.47  0.17819  0.17819  0.55
protocols.relax.FastRelax: CMD: min  -248.444  0.199806  0.199806  0.55
protocols.relax.FastRelax: MRP: 0  -248.444  -248.444  0.199806  0.199806  
protocols.relax.FastRelax: CMD: accept_to_best  -248.444  0.199806  0.199806  0.55
protocols.relax.FastRelax: CMD: endrepeat  -248.444  0.199806  0.199806  0.55
protocols.relax.FastRelax: CMD: coord_cst_weight  -248.444  0.199806  0.199806  0.55
protocols.relax.FastRelax: CMD: scale:fa_rep  -288.993  0.199806  0.199806  0.022
core.pack.task: Packer task: initialize from command line() 
core.pack.pack_rotamers: built 1081 rotamers at 75 positions.
core.pack.interaction_graph.interaction_graph_factory: Instantiating DensePDInteractionGraph
protocols.relax.FastRelax: CMD: repack  -291.079  0.199806  0.199806  0.022
protocols.relax.FastRelax: CMD: scale:fa_rep  -289.533  0.199806  0.199806  0.02805
protocols.relax.FastRelax: CMD: min  -327.307  0.547162  0.547162  0.02805
protocols.relax.FastRelax: CMD: coord_cst_weight  -327.307  0.547162  0.547162  0.02805
protocols.relax.FastRelax: CMD: scale:fa_rep  -240.75  0.547162  0.547162  0.14575
core.pack.task: Packer task: initialize from command line() 
core.pack.pack_rotamers: built 1022 rotamers at 75 positions.
core.pack.interaction_graph.interaction_graph_factory: Instantiating DensePDInteractionGraph
protocols.relax.FastRelax: CMD: repack  -247.158  0.547162  0.547162  0.14575
protocols.relax.FastRelax: CMD: scale:fa_rep  -241.772  0.547162  0.547162  0.154
protocols.relax.FastRelax: CMD: min  -288.566  0.308812  0.308812  0.154
protocols.relax.FastRelax: CMD: coord_cst_weight  -288.566  0.308812  0.308812  0.154
protocols.relax.FastRelax: CMD: scale:fa_rep  -259.698  0.308812  0.308812  0.30745
core.pack.task: Packer task: initialize from command line() 
core.pack.pack_rotamers: built 992 rotamers at 75 positions.
core.pack.interaction_graph.interaction_graph_factory: Instantiating DensePDInteractionGraph
protocols.relax.FastRelax: CMD: repack  -259.443  0.308812  0.308812  0.30745
protocols.relax.FastRelax: CMD: scale:fa_rep  -257.141  0.308812  0.308812  0.31955
protocols.relax.FastRelax: CMD: min  -265.888  0.251884  0.251884  0.31955
protocols.relax.FastRelax: CMD: coord_cst_weight  -265.888  0.251884  0.251884  0.31955
protocols.relax.FastRelax: CMD: scale:fa_rep  -238.715  0.251884  0.251884  0.55
core.pack.task: Packer task: initialize from command line() 
core.pack.pack_rotamers: built 963 rotamers at 75 positions.
core.pack.interaction_graph.interaction_graph_factory: Instantiating DensePDInteractionGraph
protocols.relax.FastRelax: CMD: repack  -238.715  0.251884  0.251884  0.55
protocols.relax.FastRelax: CMD: min  -248.454  0.218741  0.218741  0.55
protocols.relax.FastRelax: MRP: 1  -248.454  -248.454  0.218741  0.218741  
protocols.relax.FastRelax: CMD: accept_to_best  -248.454  0.218741  0.218741  0.55
protocols.relax.FastRelax: CMD: endrepeat  -248.454  0.218741  0.218741  0.55
protocols.relax.FastRelax: CMD: coord_cst_weight  -248.454  0.218741  0.218741  0.55
protocols.relax.FastRelax: CMD: scale:fa_rep  -289.019  0.218741  0.218741  0.022
core.pack.task: Packer task: initialize from command line() 
core.pack.pack_rotamers: built 1083 rotamers at 75 positions.
core.pack.interaction_graph.interaction_graph_factory: Instantiating DensePDInteractionGraph
protocols.relax.FastRelax: CMD: repack  -291.124  0.218741  0.218741  0.022
protocols.relax.FastRelax: CMD: scale:fa_rep  -289.693  0.218741  0.218741  0.02805
protocols.relax.FastRelax: CMD: min  -334.446  0.60477  0.60477  0.02805
protocols.relax.FastRelax: CMD: coord_cst_weight  -334.446  0.60477  0.60477  0.02805
protocols.relax.FastRelax: CMD: scale:fa_rep  -238.744  0.60477  0.60477  0.14575
core.pack.task: Packer task: initialize from command line() 
core.pack.pack_rotamers: built 1010 rotamers at 75 positions.
core.pack.interaction_graph.interaction_graph_factory: Instantiating DensePDInteractionGraph
protocols.relax.FastRelax: CMD: repack  -239.977  0.60477  0.60477  0.14575
protocols.relax.FastRelax: CMD: scale:fa_rep  -233.578  0.60477  0.60477  0.154
protocols.relax.FastRelax: CMD: min  -290.016  0.316377  0.316377  0.154
protocols.relax.FastRelax: CMD: coord_cst_weight  -290.016  0.316377  0.316377  0.154
protocols.relax.FastRelax: CMD: scale:fa_rep  -259.149  0.316377  0.316377  0.30745
core.pack.task: Packer task: initialize from command line() 
core.pack.pack_rotamers: built 997 rotamers at 75 positions.
core.pack.interaction_graph.interaction_graph_factory: Instantiating DensePDInteractionGraph
protocols.relax.FastRelax: CMD: repack  -259.152  0.316377  0.316377  0.30745
protocols.relax.FastRelax: CMD: scale:fa_rep  -256.719  0.316377  0.316377  0.31955
protocols.relax.FastRelax: CMD: min  -266.309  0.261871  0.261871  0.31955
protocols.relax.FastRelax: CMD: coord_cst_weight  -266.309  0.261871  0.261871  0.31955
protocols.relax.FastRelax: CMD: scale:fa_rep  -238.116  0.261871  0.261871  0.55
core.pack.task: Packer task: initialize from command line() 
core.pack.pack_rotamers: built 956 rotamers at 75 positions.
core.pack.interaction_graph.interaction_graph_factory: Instantiating DensePDInteractionGraph
protocols.relax.FastRelax: CMD: repack  -238.116  0.261871  0.261871  0.55
protocols.relax.FastRelax: CMD: min  -248.353  0.216593  0.216593  0.55
protocols.relax.FastRelax: MRP: 2  -248.353  -248.454  0.218741  0.218741  
protocols.relax.FastRelax: CMD: accept_to_best  -248.353  0.216593  0.216593  0.55
protocols.relax.FastRelax: CMD: endrepeat  -248.353  0.216593  0.216593  0.55
protocols.relax.FastRelax: CMD: coord_cst_weight  -248.353  0.216593  0.216593  0.55
protocols.relax.FastRelax: CMD: scale:fa_rep  -288.959  0.216593  0.216593  0.022
core.pack.task: Packer task: initialize from command line() 
core.pack.pack_rotamers: built 1082 rotamers at 75 positions.
core.pack.interaction_graph.interaction_graph_factory: Instantiating DensePDInteractionGraph
protocols.relax.FastRelax: CMD: repack  -290.882  0.216593  0.216593  0.022
protocols.relax.FastRelax: CMD: scale:fa_rep  -289.17  0.216593  0.216593  0.02805
protocols.relax.FastRelax: CMD: min  -333.511  0.64416  0.64416  0.02805
protocols.relax.FastRelax: CMD: coord_cst_weight  -333.511  0.64416  0.64416  0.02805
protocols.relax.FastRelax: CMD: scale:fa_rep  -229.496  0.64416  0.64416  0.14575
core.pack.task: Packer task: initialize from command line() 
core.pack.pack_rotamers: built 1022 rotamers at 75 positions.
core.pack.interaction_graph.interaction_graph_factory: Instantiating DensePDInteractionGraph
protocols.relax.FastRelax: CMD: repack  -231.978  0.64416  0.64416  0.14575
protocols.relax.FastRelax: CMD: scale:fa_rep  -225.453  0.64416  0.64416  0.154
protocols.relax.FastRelax: CMD: min  -286.752  0.36564  0.36564  0.154
protocols.relax.FastRelax: CMD: coord_cst_weight  -286.752  0.36564  0.36564  0.154
protocols.relax.FastRelax: CMD: scale:fa_rep  -256.397  0.36564  0.36564  0.30745
core.pack.task: Packer task: initialize from command line() 
core.pack.pack_rotamers: built 1007 rotamers at 75 positions.
core.pack.interaction_graph.interaction_graph_factory: Instantiating DensePDInteractionGraph
protocols.relax.FastRelax: CMD: repack  -256.635  0.36564  0.36564  0.30745
protocols.relax.FastRelax: CMD: scale:fa_rep  -254.243  0.36564  0.36564  0.31955
protocols.relax.FastRelax: CMD: min  -261.164  0.31183  0.31183  0.31955
protocols.relax.FastRelax: CMD: coord_cst_weight  -261.164  0.31183  0.31183  0.31955
protocols.relax.FastRelax: CMD: scale:fa_rep  -230.88  0.31183  0.31183  0.55
core.pack.task: Packer task: initialize from command line() 
core.pack.pack_rotamers: built 953 rotamers at 75 positions.
core.pack.interaction_graph.interaction_graph_factory: Instantiating DensePDInteractionGraph
protocols.relax.FastRelax: CMD: repack  -231.131  0.31183  0.31183  0.55
protocols.relax.FastRelax: CMD: min  -247.368  0.236506  0.236506  0.55
protocols.relax.FastRelax: MRP: 3  -247.368  -248.454  0.218741  0.218741  
protocols.relax.FastRelax: CMD: accept_to_best  -247.368  0.236506  0.236506  0.55
protocols.relax.FastRelax: CMD: endrepeat  -247.368  0.236506  0.236506  0.55
protocols.relax.FastRelax: CMD: coord_cst_weight  -247.368  0.236506  0.236506  0.55
protocols.relax.FastRelax: CMD: scale:fa_rep  -287.836  0.236506  0.236506  0.022
core.pack.task: Packer task: initialize from command line() 
core.pack.pack_rotamers: built 1074 rotamers at 75 positions.
core.pack.interaction_graph.interaction_graph_factory: Instantiating DensePDInteractionGraph
protocols.relax.FastRelax: CMD: repack  -290.903  0.236506  0.236506  0.022
protocols.relax.FastRelax: CMD: scale:fa_rep  -288.871  0.236506  0.236506  0.02805
protocols.relax.FastRelax: CMD: min  -325.451  0.551964  0.551964  0.02805
protocols.relax.FastRelax: CMD: coord_cst_weight  -325.451  0.551964  0.551964  0.02805
protocols.relax.FastRelax: CMD: scale:fa_rep  -225.561  0.551964  0.551964  0.14575
core.pack.task: Packer task: initialize from command line() 
core.pack.pack_rotamers: built 1033 rotamers at 75 positions.
core.pack.interaction_graph.interaction_graph_factory: Instantiating DensePDInteractionGraph
protocols.relax.FastRelax: CMD: repack  -234.672  0.551964  0.551964  0.14575
protocols.relax.FastRelax: CMD: scale:fa_rep  -228.988  0.551964  0.551964  0.154
protocols.relax.FastRelax: CMD: min  -284.205  0.352454  0.352454  0.154
protocols.relax.FastRelax: CMD: coord_cst_weight  -284.205  0.352454  0.352454  0.154
protocols.relax.FastRelax: CMD: scale:fa_rep  -254.914  0.352454  0.352454  0.30745
core.pack.task: Packer task: initialize from command line() 
core.pack.pack_rotamers: built 1003 rotamers at 75 positions.
core.pack.interaction_graph.interaction_graph_factory: Instantiating DensePDInteractionGraph
protocols.relax.FastRelax: CMD: repack  -255.21  0.352454  0.352454  0.30745
protocols.relax.FastRelax: CMD: scale:fa_rep  -252.913  0.352454  0.352454  0.31955
protocols.relax.FastRelax: CMD: min  -260.116  0.292325  0.292325  0.31955
protocols.relax.FastRelax: CMD: coord_cst_weight  -260.116  0.292325  0.292325  0.31955
protocols.relax.FastRelax: CMD: scale:fa_rep  -232.008  0.292325  0.292325  0.55
core.pack.task: Packer task: initialize from command line() 
core.pack.pack_rotamers: built 965 rotamers at 75 positions.
core.pack.interaction_graph.interaction_graph_factory: Instantiating DensePDInteractionGraph
protocols.relax.FastRelax: CMD: repack  -232.008  0.292325  0.292325  0.55
protocols.relax.FastRelax: CMD: min  -244.791  0.313716  0.313716  0.55
protocols.relax.FastRelax: MRP: 4  -244.791  -248.454  0.218741  0.218741  
protocols.relax.FastRelax: CMD: accept_to_best  -244.791  0.313716  0.313716  0.55
protocols.relax.FastRelax: CMD: endrepeat  -244.791  0.313716  0.313716  0.55
protocols.relax.FastRelax: CMD: coord_cst_weight  -244.791  0.313716  0.313716  0.55
protocols.relax.FastRelax: CMD: scale:fa_rep  -285.423  0.313716  0.313716  0.022
core.pack.task: Packer task: initialize from command line() 
core.pack.pack_rotamers: built 1088 rotamers at 75 positions.
core.pack.interaction_graph.interaction_graph_factory: Instantiating DensePDInteractionGraph
protocols.relax.FastRelax: CMD: repack  -289.014  0.313716  0.313716  0.022
protocols.relax.FastRelax: CMD: scale:fa_rep  -286.973  0.313716  0.313716  0.02805
protocols.relax.FastRelax: CMD: min  -320.498  0.504249  0.504249  0.02805
protocols.relax.FastRelax: CMD: coord_cst_weight  -320.498  0.504249  0.504249  0.02805
protocols.relax.FastRelax: CMD: scale:fa_rep  -233.741  0.504249  0.504249  0.14575
core.pack.task: Packer task: initialize from command line() 
core.pack.pack_rotamers: built 1025 rotamers at 75 positions.
core.pack.interaction_graph.interaction_graph_factory: Instantiating DensePDInteractionGraph
protocols.relax.FastRelax: CMD: repack  -252.804  0.504249  0.504249  0.14575
protocols.relax.FastRelax: CMD: scale:fa_rep  -248.223  0.504249  0.504249  0.154
protocols.relax.FastRelax: CMD: min  -285.564  0.380074  0.380074  0.154
protocols.relax.FastRelax: CMD: coord_cst_weight  -285.564  0.380074  0.380074  0.154
protocols.relax.FastRelax: CMD: scale:fa_rep  -256.509  0.380074  0.380074  0.30745
core.pack.task: Packer task: initialize from command line() 
core.pack.pack_rotamers: built 1005 rotamers at 75 positions.
core.pack.interaction_graph.interaction_graph_factory: Instantiating DensePDInteractionGraph
protocols.relax.FastRelax: CMD: repack  -256.555  0.380074  0.380074  0.30745
protocols.relax.FastRelax: CMD: scale:fa_rep  -254.268  0.380074  0.380074  0.31955
protocols.relax.FastRelax: CMD: min  -260.016  0.33472  0.33472  0.31955
protocols.relax.FastRelax: CMD: coord_cst_weight  -260.016  0.33472  0.33472  0.31955
protocols.relax.FastRelax: CMD: scale:fa_rep  -231.001  0.33472  0.33472  0.55
core.pack.task: Packer task: initialize from command line() 
core.pack.pack_rotamers: built 947 rotamers at 75 positions.
core.pack.interaction_graph.interaction_graph_factory: Instantiating DensePDInteractionGraph
protocols.relax.FastRelax: CMD: repack  -231.008  0.33472  0.33472  0.55
protocols.relax.FastRelax: CMD: min  -245.649  0.337441  0.337441  0.55
protocols.relax.FastRelax: MRP: 5  -245.649  -248.454  0.218741  0.218741  
protocols.relax.FastRelax: CMD: accept_to_best  -245.649  0.337441  0.337441  0.55
protocols.relax.FastRelax: CMD: endrepeat  -245.649  0.337441  0.337441  0.55
protocols.relax.FastRelax: CMD: coord_cst_weight  -245.649  0.337441  0.337441  0.55
protocols.relax.FastRelax: CMD: scale:fa_rep  -286.871  0.337441  0.337441  0.022
core.pack.task: Packer task: initialize from command line() 
core.pack.pack_rotamers: built 1085 rotamers at 75 positions.
core.pack.interaction_graph.interaction_graph_factory: Instantiating DensePDInteractionGraph
protocols.relax.FastRelax: CMD: repack  -289.997  0.337441  0.337441  0.022
protocols.relax.FastRelax: CMD: scale:fa_rep  -288.987  0.337441  0.337441  0.02805
protocols.relax.FastRelax: CMD: min  -330.055  0.627831  0.627831  0.02805
protocols.relax.FastRelax: CMD: coord_cst_weight  -330.055  0.627831  0.627831  0.02805
protocols.relax.FastRelax: CMD: scale:fa_rep  -220.856  0.627831  0.627831  0.14575
core.pack.task: Packer task: initialize from command line() 
core.pack.pack_rotamers: built 1024 rotamers at 75 positions.
core.pack.interaction_graph.interaction_graph_factory: Instantiating DensePDInteractionGraph
protocols.relax.FastRelax: CMD: repack  -222.099  0.627831  0.627831  0.14575
protocols.relax.FastRelax: CMD: scale:fa_rep  -214.81  0.627831  0.627831  0.154
protocols.relax.FastRelax: CMD: min  -289.295  0.373505  0.373505  0.154
protocols.relax.FastRelax: CMD: coord_cst_weight  -289.295  0.373505  0.373505  0.154
protocols.relax.FastRelax: CMD: scale:fa_rep  -258.27  0.373505  0.373505  0.30745
core.pack.task: Packer task: initialize from command line() 
core.pack.pack_rotamers: built 992 rotamers at 75 positions.
core.pack.interaction_graph.interaction_graph_factory: Instantiating DensePDInteractionGraph
protocols.relax.FastRelax: CMD: repack  -258.27  0.373505  0.373505  0.30745
protocols.relax.FastRelax: CMD: scale:fa_rep  -255.824  0.373505  0.373505  0.31955
protocols.relax.FastRelax: CMD: min  -263.031  0.31533  0.31533  0.31955
protocols.relax.FastRelax: CMD: coord_cst_weight  -263.031  0.31533  0.31533  0.31955
protocols.relax.FastRelax: CMD: scale:fa_rep  -232.188  0.31533  0.31533  0.55
core.pack.task: Packer task: initialize from command line() 
core.pack.pack_rotamers: built 958 rotamers at 75 positions.
core.pack.interaction_graph.interaction_graph_factory: Instantiating DensePDInteractionGraph
protocols.relax.FastRelax: CMD: repack  -232.188  0.31533  0.31533  0.55
protocols.relax.FastRelax: CMD: min  -245.409  0.320392  0.320392  0.55
protocols.relax.FastRelax: MRP: 6  -245.409  -248.454  0.218741  0.218741  
protocols.relax.FastRelax: CMD: accept_to_best  -245.409  0.320392  0.320392  0.55
protocols.relax.FastRelax: CMD: endrepeat  -245.409  0.320392  0.320392  0.55
protocols.relax.FastRelax: CMD: coord_cst_weight  -245.409  0.320392  0.320392  0.55
protocols.relax.FastRelax: CMD: scale:fa_rep  -286.895  0.320392  0.320392  0.022
core.pack.task: Packer task: initialize from command line() 
core.pack.pack_rotamers: built 1094 rotamers at 75 positions.
core.pack.interaction_graph.interaction_graph_factory: Instantiating DensePDInteractionGraph
protocols.relax.FastRelax: CMD: repack  -290.024  0.320392  0.320392  0.022
protocols.relax.FastRelax: CMD: scale:fa_rep  -288.754  0.320392  0.320392  0.02805
protocols.relax.FastRelax: CMD: min  -330.857  0.598969  0.598969  0.02805
protocols.relax.FastRelax: CMD: coord_cst_weight  -330.857  0.598969  0.598969  0.02805
protocols.relax.FastRelax: CMD: scale:fa_rep  -232.721  0.598969  0.598969  0.14575
core.pack.task: Packer task: initialize from command line() 
core.pack.pack_rotamers: built 1019 rotamers at 75 positions.
core.pack.interaction_graph.interaction_graph_factory: Instantiating DensePDInteractionGraph
protocols.relax.FastRelax: CMD: repack  -244.355  0.598969  0.598969  0.14575
protocols.relax.FastRelax: CMD: scale:fa_rep  -238.731  0.598969  0.598969  0.154
protocols.relax.FastRelax: CMD: min  -286.893  0.391936  0.391936  0.154
protocols.relax.FastRelax: CMD: coord_cst_weight  -286.893  0.391936  0.391936  0.154
protocols.relax.FastRelax: CMD: scale:fa_rep  -256.103  0.391936  0.391936  0.30745
core.pack.task: Packer task: initialize from command line() 
core.pack.pack_rotamers: built 999 rotamers at 75 positions.
core.pack.interaction_graph.interaction_graph_factory: Instantiating DensePDInteractionGraph
protocols.relax.FastRelax: CMD: repack  -256.103  0.391936  0.391936  0.30745
protocols.relax.FastRelax: CMD: scale:fa_rep  -253.675  0.391936  0.391936  0.31955
protocols.relax.FastRelax: CMD: min  -262.301  0.331868  0.331868  0.31955
protocols.relax.FastRelax: CMD: coord_cst_weight  -262.301  0.331868  0.331868  0.31955
protocols.relax.FastRelax: CMD: scale:fa_rep  -233.534  0.331868  0.331868  0.55
core.pack.task: Packer task: initialize from command line() 
core.pack.pack_rotamers: built 956 rotamers at 75 positions.
core.pack.interaction_graph.interaction_graph_factory: Instantiating DensePDInteractionGraph
protocols.relax.FastRelax: CMD: repack  -233.534  0.331868  0.331868  0.55
protocols.relax.FastRelax: CMD: min  -245.513  0.289156  0.289156  0.55
protocols.relax.FastRelax: MRP: 7  -245.513  -248.454  0.218741  0.218741  
protocols.relax.FastRelax: CMD: accept_to_best  -245.513  0.289156  0.289156  0.55
protocols.relax.FastRelax: CMD: endrepeat  -245.513  0.289156  0.289156  0.55
protocols.relax.FastRelax: CMD: coord_cst_weight  -245.513  0.289156  0.289156  0.55
protocols.relax.FastRelax: CMD: scale:fa_rep  -286.507  0.289156  0.289156  0.022
core.pack.task: Packer task: initialize from command line() 
core.pack.pack_rotamers: built 1091 rotamers at 75 positions.
core.pack.interaction_graph.interaction_graph_factory: Instantiating DensePDInteractionGraph
protocols.relax.FastRelax: CMD: repack  -290.146  0.289156  0.289156  0.022
protocols.relax.FastRelax: CMD: scale:fa_rep  -288.606  0.289156  0.289156  0.02805
protocols.relax.FastRelax: CMD: min  -327.56  0.60586  0.60586  0.02805
protocols.relax.FastRelax: CMD: coord_cst_weight  -327.56  0.60586  0.60586  0.02805
protocols.relax.FastRelax: CMD: scale:fa_rep  -223.151  0.60586  0.60586  0.14575
core.pack.task: Packer task: initialize from command line() 
core.pack.pack_rotamers: built 1002 rotamers at 75 positions.
core.pack.interaction_graph.interaction_graph_factory: Instantiating DensePDInteractionGraph
protocols.relax.FastRelax: CMD: repack  -230.06  0.60586  0.60586  0.14575
protocols.relax.FastRelax: CMD: scale:fa_rep  -223.356  0.60586  0.60586  0.154
protocols.relax.FastRelax: CMD: min  -288.627  0.395405  0.395405  0.154
protocols.relax.FastRelax: CMD: coord_cst_weight  -288.627  0.395405  0.395405  0.154
protocols.relax.FastRelax: CMD: scale:fa_rep  -257.294  0.395405  0.395405  0.30745
core.pack.task: Packer task: initialize from command line() 
core.pack.pack_rotamers: built 997 rotamers at 75 positions.
core.pack.interaction_graph.interaction_graph_factory: Instantiating DensePDInteractionGraph
protocols.relax.FastRelax: CMD: repack  -257.294  0.395405  0.395405  0.30745
protocols.relax.FastRelax: CMD: scale:fa_rep  -254.823  0.395405  0.395405  0.31955
protocols.relax.FastRelax: CMD: min  -262.794  0.334554  0.334554  0.31955
protocols.relax.FastRelax: CMD: coord_cst_weight  -262.794  0.334554  0.334554  0.31955
protocols.relax.FastRelax: CMD: scale:fa_rep  -231.614  0.334554  0.334554  0.55
core.pack.task: Packer task: initialize from command line() 
core.pack.pack_rotamers: built 979 rotamers at 75 positions.
core.pack.interaction_graph.interaction_graph_factory: Instantiating DensePDInteractionGraph
protocols.relax.FastRelax: CMD: repack  -231.614  0.334554  0.334554  0.55
protocols.relax.FastRelax: CMD: min  -245.446  0.320396  0.320396  0.55
protocols.relax.FastRelax: MRP: 8  -245.446  -248.454  0.218741  0.218741  
protocols.relax.FastRelax: CMD: accept_to_best  -245.446  0.320396  0.320396  0.55
protocols.relax.FastRelax: CMD: endrepeat  -245.446  0.320396  0.320396  0.55
protocols.relax.FastRelax: CMD: coord_cst_weight  -245.446  0.320396  0.320396  0.55
protocols.relax.FastRelax: CMD: scale:fa_rep  -286.879  0.320396  0.320396  0.022
core.pack.task: Packer task: initialize from command line() 
core.pack.pack_rotamers: built 1094 rotamers at 75 positions.
core.pack.interaction_graph.interaction_graph_factory: Instantiating DensePDInteractionGraph
protocols.relax.FastRelax: CMD: repack  -290.039  0.320396  0.320396  0.022
protocols.relax.FastRelax: CMD: scale:fa_rep  -289.358  0.320396  0.320396  0.02805
protocols.relax.FastRelax: CMD: min  -334.021  0.65334  0.65334  0.02805
protocols.relax.FastRelax: CMD: coord_cst_weight  -334.021  0.65334  0.65334  0.02805
protocols.relax.FastRelax: CMD: scale:fa_rep  -240.793  0.65334  0.65334  0.14575
core.pack.task: Packer task: initialize from command line() 
core.pack.pack_rotamers: built 1010 rotamers at 75 positions.
core.pack.interaction_graph.interaction_graph_factory: Instantiating DensePDInteractionGraph
protocols.relax.FastRelax: CMD: repack  -241.815  0.65334  0.65334  0.14575
protocols.relax.FastRelax: CMD: scale:fa_rep  -235.5  0.65334  0.65334  0.154
protocols.relax.FastRelax: CMD: min  -288.914  0.423631  0.423631  0.154
protocols.relax.FastRelax: CMD: coord_cst_weight  -288.914  0.423631  0.423631  0.154
protocols.relax.FastRelax: CMD: scale:fa_rep  -256.884  0.423631  0.423631  0.30745
core.pack.task: Packer task: initialize from command line() 
core.pack.pack_rotamers: built 1001 rotamers at 75 positions.
core.pack.interaction_graph.interaction_graph_factory: Instantiating DensePDInteractionGraph
protocols.relax.FastRelax: CMD: repack  -253.898  0.423631  0.423631  0.30745
protocols.relax.FastRelax: CMD: scale:fa_rep  -251.373  0.423631  0.423631  0.31955
protocols.relax.FastRelax: CMD: min  -261.521  0.339391  0.339391  0.31955
protocols.relax.FastRelax: CMD: coord_cst_weight  -261.521  0.339391  0.339391  0.31955
protocols.relax.FastRelax: CMD: scale:fa_rep  -232.092  0.339391  0.339391  0.55
core.pack.task: Packer task: initialize from command line() 
core.pack.pack_rotamers: built 977 rotamers at 75 positions.
core.pack.interaction_graph.interaction_graph_factory: Instantiating DensePDInteractionGraph
protocols.relax.FastRelax: CMD: repack  -232.092  0.339391  0.339391  0.55
protocols.relax.FastRelax: CMD: min  -242.97  0.355013  0.355013  0.55
protocols.relax.FastRelax: MRP: 9  -242.97  -248.454  0.218741  0.218741  
protocols.relax.FastRelax: CMD: accept_to_best  -242.97  0.355013  0.355013  0.55
protocols.relax.FastRelax: CMD: endrepeat  -242.97  0.355013  0.355013  0.55
protocols::checkpoint: Deleting checkpoints of FastRelax
protocols.rosetta_scripts.ParsedProtocol: setting status to success
protocols.jd2.JobDistributor: flags_relax_v3_no_cart_nstruct_10_structure_0007 reported success in 26 seconds
protocols.jd2.PDBJobInputter: PDBJobInputter::pose_from_job
protocols.jd2.PDBJobInputter: filling pose from saved copy structure.pdb
protocols.jd2.PDBJobInputter: PDBJobInputter::pose_from_job
protocols.jd2.PDBJobInputter: filling pose from PDB structure.pdb
core.import_pose.import_pose: File 'structure.pdb' automatically determined to be of type PDB from contents.
protocols.rosetta_scripts.ParsedProtocol: =======================BEGIN MOVER MutateResidue - mutant=======================
protocols.rosetta_scripts.ParsedProtocol: =======================BEGIN MOVER FastRelax - relax=======================
protocols.relax.FastRelax: CMD: repeat  -208.514  0  0  0.55
protocols.relax.FastRelax: CMD: coord_cst_weight  -208.514  0  0  0.55
protocols.relax.FastRelax: CMD: scale:fa_rep  -252.935  0  0  0.022
core.pack.task: Packer task: initialize from command line() 
core.pack.pack_rotamers: built 1065 rotamers at 75 positions.
core.pack.interaction_graph.interaction_graph_factory: Instantiating DensePDInteractionGraph
protocols.relax.FastRelax: CMD: repack  -286.326  0  0  0.022
protocols.relax.FastRelax: CMD: scale:fa_rep  -285.329  0  0  0.02805
protocols.relax.FastRelax: CMD: min  -330.818  0.562301  0.562301  0.02805
protocols.relax.FastRelax: CMD: coord_cst_weight  -330.818  0.562301  0.562301  0.02805
protocols.relax.FastRelax: CMD: scale:fa_rep  -235.404  0.562301  0.562301  0.14575
core.pack.task: Packer task: initialize from command line() 
core.pack.pack_rotamers: built 998 rotamers at 75 positions.
core.pack.interaction_graph.interaction_graph_factory: Instantiating DensePDInteractionGraph
protocols.relax.FastRelax: CMD: repack  -236.791  0.562301  0.562301  0.14575
protocols.relax.FastRelax: CMD: scale:fa_rep  -230.38  0.562301  0.562301  0.154
protocols.relax.FastRelax: CMD: min  -287.19  0.272146  0.272146  0.154
protocols.relax.FastRelax: CMD: coord_cst_weight  -287.19  0.272146  0.272146  0.154
protocols.relax.FastRelax: CMD: scale:fa_rep  -254.791  0.272146  0.272146  0.30745
core.pack.task: Packer task: initialize from command line() 
core.pack.pack_rotamers: built 988 rotamers at 75 positions.
core.pack.interaction_graph.interaction_graph_factory: Instantiating DensePDInteractionGraph
protocols.relax.FastRelax: CMD: repack  -254.83  0.272146  0.272146  0.30745
protocols.relax.FastRelax: CMD: scale:fa_rep  -252.273  0.272146  0.272146  0.31955
protocols.relax.FastRelax: CMD: min  -265.169  0.17819  0.17819  0.31955
protocols.relax.FastRelax: CMD: coord_cst_weight  -265.169  0.17819  0.17819  0.31955
protocols.relax.FastRelax: CMD: scale:fa_rep  -238.47  0.17819  0.17819  0.55
core.pack.task: Packer task: initialize from command line() 
core.pack.pack_rotamers: built 963 rotamers at 75 positions.
core.pack.interaction_graph.interaction_graph_factory: Instantiating DensePDInteractionGraph
protocols.relax.FastRelax: CMD: repack  -238.47  0.17819  0.17819  0.55
protocols.relax.FastRelax: CMD: min  -248.444  0.199806  0.199806  0.55
protocols.relax.FastRelax: MRP: 0  -248.444  -248.444  0.199806  0.199806  
protocols.relax.FastRelax: CMD: accept_to_best  -248.444  0.199806  0.199806  0.55
protocols.relax.FastRelax: CMD: endrepeat  -248.444  0.199806  0.199806  0.55
protocols.relax.FastRelax: CMD: coord_cst_weight  -248.444  0.199806  0.199806  0.55
protocols.relax.FastRelax: CMD: scale:fa_rep  -288.993  0.199806  0.199806  0.022
core.pack.task: Packer task: initialize from command line() 
core.pack.pack_rotamers: built 1081 rotamers at 75 positions.
core.pack.interaction_graph.interaction_graph_factory: Instantiating DensePDInteractionGraph
protocols.relax.FastRelax: CMD: repack  -291.29  0.199806  0.199806  0.022
protocols.relax.FastRelax: CMD: scale:fa_rep  -289.975  0.199806  0.199806  0.02805
protocols.relax.FastRelax: CMD: min  -329.261  0.581402  0.581402  0.02805
protocols.relax.FastRelax: CMD: coord_cst_weight  -329.261  0.581402  0.581402  0.02805
protocols.relax.FastRelax: CMD: scale:fa_rep  -237.083  0.581402  0.581402  0.14575
core.pack.task: Packer task: initialize from command line() 
core.pack.pack_rotamers: built 1017 rotamers at 75 positions.
core.pack.interaction_graph.interaction_graph_factory: Instantiating DensePDInteractionGraph
protocols.relax.FastRelax: CMD: repack  -239.744  0.581402  0.581402  0.14575
protocols.relax.FastRelax: CMD: scale:fa_rep  -233.898  0.581402  0.581402  0.154
protocols.relax.FastRelax: CMD: min  -286.079  0.323144  0.323144  0.154
protocols.relax.FastRelax: CMD: coord_cst_weight  -286.079  0.323144  0.323144  0.154
protocols.relax.FastRelax: CMD: scale:fa_rep  -257.08  0.323144  0.323144  0.30745
core.pack.task: Packer task: initialize from command line() 
core.pack.pack_rotamers: built 993 rotamers at 75 positions.
core.pack.interaction_graph.interaction_graph_factory: Instantiating DensePDInteractionGraph
protocols.relax.FastRelax: CMD: repack  -257.176  0.323144  0.323144  0.30745
protocols.relax.FastRelax: CMD: scale:fa_rep  -254.872  0.323144  0.323144  0.31955
protocols.relax.FastRelax: CMD: min  -263.464  0.256123  0.256123  0.31955
protocols.relax.FastRelax: CMD: coord_cst_weight  -263.464  0.256123  0.256123  0.31955
protocols.relax.FastRelax: CMD: scale:fa_rep  -236.607  0.256123  0.256123  0.55
core.pack.task: Packer task: initialize from command line() 
core.pack.pack_rotamers: built 963 rotamers at 75 positions.
core.pack.interaction_graph.interaction_graph_factory: Instantiating DensePDInteractionGraph
protocols.relax.FastRelax: CMD: repack  -236.607  0.256123  0.256123  0.55
protocols.relax.FastRelax: CMD: min  -246.609  0.219931  0.219931  0.55
protocols.relax.FastRelax: MRP: 1  -246.609  -248.444  0.199806  0.199806  
protocols.relax.FastRelax: CMD: accept_to_best  -246.609  0.219931  0.219931  0.55
protocols.relax.FastRelax: CMD: endrepeat  -246.609  0.219931  0.219931  0.55
protocols.relax.FastRelax: CMD: coord_cst_weight  -246.609  0.219931  0.219931  0.55
protocols.relax.FastRelax: CMD: scale:fa_rep  -287.116  0.219931  0.219931  0.022
core.pack.task: Packer task: initialize from command line() 
core.pack.pack_rotamers: built 1080 rotamers at 75 positions.
core.pack.interaction_graph.interaction_graph_factory: Instantiating DensePDInteractionGraph
protocols.relax.FastRelax: CMD: repack  -292.094  0.219931  0.219931  0.022
protocols.relax.FastRelax: CMD: scale:fa_rep  -290.403  0.219931  0.219931  0.02805
protocols.relax.FastRelax: CMD: min  -329.48  0.600648  0.600648  0.02805
protocols.relax.FastRelax: CMD: coord_cst_weight  -329.48  0.600648  0.600648  0.02805
protocols.relax.FastRelax: CMD: scale:fa_rep  -234.672  0.600648  0.600648  0.14575
core.pack.task: Packer task: initialize from command line() 
core.pack.pack_rotamers: built 1014 rotamers at 75 positions.
core.pack.interaction_graph.interaction_graph_factory: Instantiating DensePDInteractionGraph
protocols.relax.FastRelax: CMD: repack  -238.146  0.600648  0.600648  0.14575
protocols.relax.FastRelax: CMD: scale:fa_rep  -232.267  0.600648  0.600648  0.154
protocols.relax.FastRelax: CMD: min  -287.549  0.343512  0.343512  0.154
protocols.relax.FastRelax: CMD: coord_cst_weight  -287.549  0.343512  0.343512  0.154
protocols.relax.FastRelax: CMD: scale:fa_rep  -258.438  0.343512  0.343512  0.30745
core.pack.task: Packer task: initialize from command line() 
core.pack.pack_rotamers: built 993 rotamers at 75 positions.
core.pack.interaction_graph.interaction_graph_factory: Instantiating DensePDInteractionGraph
protocols.relax.FastRelax: CMD: repack  -258.962  0.343512  0.343512  0.30745
protocols.relax.FastRelax: CMD: scale:fa_rep  -256.644  0.343512  0.343512  0.31955
protocols.relax.FastRelax: CMD: min  -262.786  0.282028  0.282028  0.31955
protocols.relax.FastRelax: CMD: coord_cst_weight  -262.786  0.282028  0.282028  0.31955
protocols.relax.FastRelax: CMD: scale:fa_rep  -233.091  0.282028  0.282028  0.55
core.pack.task: Packer task: initialize from command line() 
core.pack.pack_rotamers: built 962 rotamers at 75 positions.
core.pack.interaction_graph.interaction_graph_factory: Instantiating DensePDInteractionGraph
protocols.relax.FastRelax: CMD: repack  -233.091  0.282028  0.282028  0.55
protocols.relax.FastRelax: CMD: min  -247.416  0.305573  0.305573  0.55
protocols.relax.FastRelax: MRP: 2  -247.416  -248.444  0.199806  0.199806  
protocols.relax.FastRelax: CMD: accept_to_best  -247.416  0.305573  0.305573  0.55
protocols.relax.FastRelax: CMD: endrepeat  -247.416  0.305573  0.305573  0.55
protocols.relax.FastRelax: CMD: coord_cst_weight  -247.416  0.305573  0.305573  0.55
protocols.relax.FastRelax: CMD: scale:fa_rep  -288.418  0.305573  0.305573  0.022
core.pack.task: Packer task: initialize from command line() 
core.pack.pack_rotamers: built 1092 rotamers at 75 positions.
core.pack.interaction_graph.interaction_graph_factory: Instantiating DensePDInteractionGraph
protocols.relax.FastRelax: CMD: repack  -291.182  0.305573  0.305573  0.022
protocols.relax.FastRelax: CMD: scale:fa_rep  -290.23  0.305573  0.305573  0.02805
protocols.relax.FastRelax: CMD: min  -332.053  0.599333  0.599333  0.02805
protocols.relax.FastRelax: CMD: coord_cst_weight  -332.053  0.599333  0.599333  0.02805
protocols.relax.FastRelax: CMD: scale:fa_rep  -238.91  0.599333  0.599333  0.14575
core.pack.task: Packer task: initialize from command line() 
core.pack.pack_rotamers: built 1018 rotamers at 75 positions.
core.pack.interaction_graph.interaction_graph_factory: Instantiating DensePDInteractionGraph
protocols.relax.FastRelax: CMD: repack  -245.736  0.599333  0.599333  0.14575
protocols.relax.FastRelax: CMD: scale:fa_rep  -239.923  0.599333  0.599333  0.154
protocols.relax.FastRelax: CMD: min  -289.389  0.375588  0.375588  0.154
protocols.relax.FastRelax: CMD: coord_cst_weight  -289.389  0.375588  0.375588  0.154
protocols.relax.FastRelax: CMD: scale:fa_rep  -257.655  0.375588  0.375588  0.30745
core.pack.task: Packer task: initialize from command line() 
core.pack.pack_rotamers: built 990 rotamers at 75 positions.
core.pack.interaction_graph.interaction_graph_factory: Instantiating DensePDInteractionGraph
protocols.relax.FastRelax: CMD: repack  -257.678  0.375588  0.375588  0.30745
protocols.relax.FastRelax: CMD: scale:fa_rep  -255.18  0.375588  0.375588  0.31955
protocols.relax.FastRelax: CMD: min  -262.197  0.322985  0.322985  0.31955
protocols.relax.FastRelax: CMD: coord_cst_weight  -262.197  0.322985  0.322985  0.31955
protocols.relax.FastRelax: CMD: scale:fa_rep  -230.915  0.322985  0.322985  0.55
core.pack.task: Packer task: initialize from command line() 
core.pack.pack_rotamers: built 940 rotamers at 75 positions.
core.pack.interaction_graph.interaction_graph_factory: Instantiating DensePDInteractionGraph
protocols.relax.FastRelax: CMD: repack  -230.932  0.322985  0.322985  0.55
protocols.relax.FastRelax: CMD: min  -246.361  0.306529  0.306529  0.55
protocols.relax.FastRelax: MRP: 3  -246.361  -248.444  0.199806  0.199806  
protocols.relax.FastRelax: CMD: accept_to_best  -246.361  0.306529  0.306529  0.55
protocols.relax.FastRelax: CMD: endrepeat  -246.361  0.306529  0.306529  0.55
protocols.relax.FastRelax: CMD: coord_cst_weight  -246.361  0.306529  0.306529  0.55
protocols.relax.FastRelax: CMD: scale:fa_rep  -287.506  0.306529  0.306529  0.022
core.pack.task: Packer task: initialize from command line() 
core.pack.pack_rotamers: built 1092 rotamers at 75 positions.
core.pack.interaction_graph.interaction_graph_factory: Instantiating DensePDInteractionGraph
protocols.relax.FastRelax: CMD: repack  -290.742  0.306529  0.306529  0.022
protocols.relax.FastRelax: CMD: scale:fa_rep  -289.733  0.306529  0.306529  0.02805
protocols.relax.FastRelax: CMD: min  -331.954  0.600259  0.600259  0.02805
protocols.relax.FastRelax: CMD: coord_cst_weight  -331.954  0.600259  0.600259  0.02805
protocols.relax.FastRelax: CMD: scale:fa_rep  -235.634  0.600259  0.600259  0.14575
core.pack.task: Packer task: initialize from command line() 
core.pack.pack_rotamers: built 1012 rotamers at 75 positions.
core.pack.interaction_graph.interaction_graph_factory: Instantiating DensePDInteractionGraph
protocols.relax.FastRelax: CMD: repack  -237.149  0.600259  0.600259  0.14575
protocols.relax.FastRelax: CMD: scale:fa_rep  -230.559  0.600259  0.600259  0.154
protocols.relax.FastRelax: CMD: min  -288.457  0.353415  0.353415  0.154
protocols.relax.FastRelax: CMD: coord_cst_weight  -288.457  0.353415  0.353415  0.154
protocols.relax.FastRelax: CMD: scale:fa_rep  -256.764  0.353415  0.353415  0.30745
core.pack.task: Packer task: initialize from command line() 
core.pack.pack_rotamers: built 1003 rotamers at 75 positions.
core.pack.interaction_graph.interaction_graph_factory: Instantiating DensePDInteractionGraph
protocols.relax.FastRelax: CMD: repack  -256.777  0.353415  0.353415  0.30745
protocols.relax.FastRelax: CMD: scale:fa_rep  -254.283  0.353415  0.353415  0.31955
protocols.relax.FastRelax: CMD: min  -261.311  0.312885  0.312885  0.31955
protocols.relax.FastRelax: CMD: coord_cst_weight  -261.311  0.312885  0.312885  0.31955
protocols.relax.FastRelax: CMD: scale:fa_rep  -230.259  0.312885  0.312885  0.55
core.pack.task: Packer task: initialize from command line() 
core.pack.pack_rotamers: built 959 rotamers at 75 positions.
core.pack.interaction_graph.interaction_graph_factory: Instantiating DensePDInteractionGraph
protocols.relax.FastRelax: CMD: repack  -230.286  0.312885  0.312885  0.55
protocols.relax.FastRelax: CMD: min  -245.322  0.297664  0.297664  0.55
protocols.relax.FastRelax: MRP: 4  -245.322  -248.444  0.199806  0.199806  
protocols.relax.FastRelax: CMD: accept_to_best  -245.322  0.297664  0.297664  0.55
protocols.relax.FastRelax: CMD: endrepeat  -245.322  0.297664  0.297664  0.55
protocols.relax.FastRelax: CMD: coord_cst_weight  -245.322  0.297664  0.297664  0.55
protocols.relax.FastRelax: CMD: scale:fa_rep  -286.761  0.297664  0.297664  0.022
core.pack.task: Packer task: initialize from command line() 
core.pack.pack_rotamers: built 1091 rotamers at 75 positions.
core.pack.interaction_graph.interaction_graph_factory: Instantiating DensePDInteractionGraph
protocols.relax.FastRelax: CMD: repack  -288.622  0.297664  0.297664  0.022
protocols.relax.FastRelax: CMD: scale:fa_rep  -287.73  0.297664  0.297664  0.02805
protocols.relax.FastRelax: CMD: min  -327.867  0.586628  0.586628  0.02805
protocols.relax.FastRelax: CMD: coord_cst_weight  -327.867  0.586628  0.586628  0.02805
protocols.relax.FastRelax: CMD: scale:fa_rep  -234.389  0.586628  0.586628  0.14575
core.pack.task: Packer task: initialize from command line() 
core.pack.pack_rotamers: built 1036 rotamers at 75 positions.
core.pack.interaction_graph.interaction_graph_factory: Instantiating DensePDInteractionGraph
protocols.relax.FastRelax: CMD: repack  -236.765  0.586628  0.586628  0.14575
protocols.relax.FastRelax: CMD: scale:fa_rep  -230.499  0.586628  0.586628  0.154
protocols.relax.FastRelax: CMD: min  -287.757  0.365223  0.365223  0.154
protocols.relax.FastRelax: CMD: coord_cst_weight  -287.757  0.365223  0.365223  0.154
protocols.relax.FastRelax: CMD: scale:fa_rep  -257.296  0.365223  0.365223  0.30745
core.pack.task: Packer task: initialize from command line() 
core.pack.pack_rotamers: built 1005 rotamers at 75 positions.
core.pack.interaction_graph.interaction_graph_factory: Instantiating DensePDInteractionGraph
protocols.relax.FastRelax: CMD: repack  -257.296  0.365223  0.365223  0.30745
protocols.relax.FastRelax: CMD: scale:fa_rep  -254.894  0.365223  0.365223  0.31955
protocols.relax.FastRelax: CMD: min  -264.314  0.317439  0.317439  0.31955
protocols.relax.FastRelax: CMD: coord_cst_weight  -264.314  0.317439  0.317439  0.31955
protocols.relax.FastRelax: CMD: scale:fa_rep  -236.852  0.317439  0.317439  0.55
core.pack.task: Packer task: initialize from command line() 
core.pack.pack_rotamers: built 963 rotamers at 75 positions.
core.pack.interaction_graph.interaction_graph_factory: Instantiating DensePDInteractionGraph
protocols.relax.FastRelax: CMD: repack  -236.852  0.317439  0.317439  0.55
protocols.relax.FastRelax: CMD: min  -244.991  0.303788  0.303788  0.55
protocols.relax.FastRelax: MRP: 5  -244.991  -248.444  0.199806  0.199806  
protocols.relax.FastRelax: CMD: accept_to_best  -244.991  0.303788  0.303788  0.55
protocols.relax.FastRelax: CMD: endrepeat  -244.991  0.303788  0.303788  0.55
protocols.relax.FastRelax: CMD: coord_cst_weight  -244.991  0.303788  0.303788  0.55
protocols.relax.FastRelax: CMD: scale:fa_rep  -286.34  0.303788  0.303788  0.022
core.pack.task: Packer task: initialize from command line() 
core.pack.pack_rotamers: built 1091 rotamers at 75 positions.
core.pack.interaction_graph.interaction_graph_factory: Instantiating DensePDInteractionGraph
protocols.relax.FastRelax: CMD: repack  -288.607  0.303788  0.303788  0.022
protocols.relax.FastRelax: CMD: scale:fa_rep  -287.973  0.303788  0.303788  0.02805
protocols.relax.FastRelax: CMD: min  -329.703  0.613087  0.613087  0.02805
protocols.relax.FastRelax: CMD: coord_cst_weight  -329.703  0.613087  0.613087  0.02805
protocols.relax.FastRelax: CMD: scale:fa_rep  -234.056  0.613087  0.613087  0.14575
core.pack.task: Packer task: initialize from command line() 
core.pack.pack_rotamers: built 1011 rotamers at 75 positions.
core.pack.interaction_graph.interaction_graph_factory: Instantiating DensePDInteractionGraph
protocols.relax.FastRelax: CMD: repack  -235.322  0.613087  0.613087  0.14575
protocols.relax.FastRelax: CMD: scale:fa_rep  -228.745  0.613087  0.613087  0.154
protocols.relax.FastRelax: CMD: min  -287.333  0.365399  0.365399  0.154
protocols.relax.FastRelax: CMD: coord_cst_weight  -287.333  0.365399  0.365399  0.154
protocols.relax.FastRelax: CMD: scale:fa_rep  -255.707  0.365399  0.365399  0.30745
core.pack.task: Packer task: initialize from command line() 
core.pack.pack_rotamers: built 998 rotamers at 75 positions.
core.pack.interaction_graph.interaction_graph_factory: Instantiating DensePDInteractionGraph
protocols.relax.FastRelax: CMD: repack  -255.707  0.365399  0.365399  0.30745
protocols.relax.FastRelax: CMD: scale:fa_rep  -253.213  0.365399  0.365399  0.31955
protocols.relax.FastRelax: CMD: min  -263.04  0.318295  0.318295  0.31955
protocols.relax.FastRelax: CMD: coord_cst_weight  -263.04  0.318295  0.318295  0.31955
protocols.relax.FastRelax: CMD: scale:fa_rep  -234.63  0.318295  0.318295  0.55
core.pack.task: Packer task: initialize from command line() 
core.pack.pack_rotamers: built 968 rotamers at 75 positions.
core.pack.interaction_graph.interaction_graph_factory: Instantiating DensePDInteractionGraph
protocols.relax.FastRelax: CMD: repack  -234.684  0.318295  0.318295  0.55
protocols.relax.FastRelax: CMD: min  -245.25  0.299765  0.299765  0.55
protocols.relax.FastRelax: MRP: 6  -245.25  -248.444  0.199806  0.199806  
protocols.relax.FastRelax: CMD: accept_to_best  -245.25  0.299765  0.299765  0.55
protocols.relax.FastRelax: CMD: endrepeat  -245.25  0.299765  0.299765  0.55
protocols.relax.FastRelax: CMD: coord_cst_weight  -245.25  0.299765  0.299765  0.55
protocols.relax.FastRelax: CMD: scale:fa_rep  -286.701  0.299765  0.299765  0.022
core.pack.task: Packer task: initialize from command line() 
core.pack.pack_rotamers: built 1091 rotamers at 75 positions.
core.pack.interaction_graph.interaction_graph_factory: Instantiating DensePDInteractionGraph
protocols.relax.FastRelax: CMD: repack  -288.809  0.299765  0.299765  0.022
protocols.relax.FastRelax: CMD: scale:fa_rep  -288.178  0.299765  0.299765  0.02805
protocols.relax.FastRelax: CMD: min  -330.985  0.60273  0.60273  0.02805
protocols.relax.FastRelax: CMD: coord_cst_weight  -330.985  0.60273  0.60273  0.02805
protocols.relax.FastRelax: CMD: scale:fa_rep  -238.805  0.60273  0.60273  0.14575
core.pack.task: Packer task: initialize from command line() 
core.pack.pack_rotamers: built 1011 rotamers at 75 positions.
core.pack.interaction_graph.interaction_graph_factory: Instantiating DensePDInteractionGraph
protocols.relax.FastRelax: CMD: repack  -239.986  0.60273  0.60273  0.14575
protocols.relax.FastRelax: CMD: scale:fa_rep  -233.654  0.60273  0.60273  0.154
protocols.relax.FastRelax: CMD: min  -289.324  0.360216  0.360216  0.154
protocols.relax.FastRelax: CMD: coord_cst_weight  -289.324  0.360216  0.360216  0.154
protocols.relax.FastRelax: CMD: scale:fa_rep  -258.765  0.360216  0.360216  0.30745
core.pack.task: Packer task: initialize from command line() 
core.pack.pack_rotamers: built 1000 rotamers at 75 positions.
core.pack.interaction_graph.interaction_graph_factory: Instantiating DensePDInteractionGraph
protocols.relax.FastRelax: CMD: repack  -258.765  0.360216  0.360216  0.30745
protocols.relax.FastRelax: CMD: scale:fa_rep  -256.355  0.360216  0.360216  0.31955
protocols.relax.FastRelax: CMD: min  -263.929  0.311359  0.311359  0.31955
protocols.relax.FastRelax: CMD: coord_cst_weight  -263.929  0.311359  0.311359  0.31955
protocols.relax.FastRelax: CMD: scale:fa_rep  -234.757  0.311359  0.311359  0.55
core.pack.task: Packer task: initialize from command line() 
core.pack.pack_rotamers: built 957 rotamers at 75 positions.
core.pack.interaction_graph.interaction_graph_factory: Instantiating DensePDInteractionGraph
protocols.relax.FastRelax: CMD: repack  -234.775  0.311359  0.311359  0.55
protocols.relax.FastRelax: CMD: min  -244.976  0.305254  0.305254  0.55
protocols.relax.FastRelax: MRP: 7  -244.976  -248.444  0.199806  0.199806  
protocols.relax.FastRelax: CMD: accept_to_best  -244.976  0.305254  0.305254  0.55
protocols.relax.FastRelax: CMD: endrepeat  -244.976  0.305254  0.305254  0.55
protocols.relax.FastRelax: CMD: coord_cst_weight  -244.976  0.305254  0.305254  0.55
protocols.relax.FastRelax: CMD: scale:fa_rep  -286.398  0.305254  0.305254  0.022
core.pack.task: Packer task: initialize from command line() 
core.pack.pack_rotamers: built 1091 rotamers at 75 positions.
core.pack.interaction_graph.interaction_graph_factory: Instantiating DensePDInteractionGraph
protocols.relax.FastRelax: CMD: repack  -288.685  0.305254  0.305254  0.022
protocols.relax.FastRelax: CMD: scale:fa_rep  -288.051  0.305254  0.305254  0.02805
protocols.relax.FastRelax: CMD: min  -325.788  0.564448  0.564448  0.02805
protocols.relax.FastRelax: CMD: coord_cst_weight  -325.788  0.564448  0.564448  0.02805
protocols.relax.FastRelax: CMD: scale:fa_rep  -246.144  0.564448  0.564448  0.14575
core.pack.task: Packer task: initialize from command line() 
core.pack.pack_rotamers: built 1025 rotamers at 75 positions.
core.pack.interaction_graph.interaction_graph_factory: Instantiating DensePDInteractionGraph
protocols.relax.FastRelax: CMD: repack  -248.068  0.564448  0.564448  0.14575
protocols.relax.FastRelax: CMD: scale:fa_rep  -242.604  0.564448  0.564448  0.154
protocols.relax.FastRelax: CMD: min  -286.817  0.362623  0.362623  0.154
protocols.relax.FastRelax: CMD: coord_cst_weight  -286.817  0.362623  0.362623  0.154
protocols.relax.FastRelax: CMD: scale:fa_rep  -256.97  0.362623  0.362623  0.30745
core.pack.task: Packer task: initialize from command line() 
core.pack.pack_rotamers: built 1009 rotamers at 75 positions.
core.pack.interaction_graph.interaction_graph_factory: Instantiating DensePDInteractionGraph
protocols.relax.FastRelax: CMD: repack  -256.973  0.362623  0.362623  0.30745
protocols.relax.FastRelax: CMD: scale:fa_rep  -254.62  0.362623  0.362623  0.31955
protocols.relax.FastRelax: CMD: min  -263.573  0.303038  0.303038  0.31955
protocols.relax.FastRelax: CMD: coord_cst_weight  -263.573  0.303038  0.303038  0.31955
protocols.relax.FastRelax: CMD: scale:fa_rep  -236.632  0.303038  0.303038  0.55
core.pack.task: Packer task: initialize from command line() 
core.pack.pack_rotamers: built 979 rotamers at 75 positions.
core.pack.interaction_graph.interaction_graph_factory: Instantiating DensePDInteractionGraph
protocols.relax.FastRelax: CMD: repack  -236.632  0.303038  0.303038  0.55
protocols.relax.FastRelax: CMD: min  -244.09  0.302117  0.302117  0.55
protocols.relax.FastRelax: MRP: 8  -244.09  -248.444  0.199806  0.199806  
protocols.relax.FastRelax: CMD: accept_to_best  -244.09  0.302117  0.302117  0.55
protocols.relax.FastRelax: CMD: endrepeat  -244.09  0.302117  0.302117  0.55
protocols.relax.FastRelax: CMD: coord_cst_weight  -244.09  0.302117  0.302117  0.55
protocols.relax.FastRelax: CMD: scale:fa_rep  -285.526  0.302117  0.302117  0.022
core.pack.task: Packer task: initialize from command line() 
core.pack.pack_rotamers: built 1082 rotamers at 75 positions.
core.pack.interaction_graph.interaction_graph_factory: Instantiating DensePDInteractionGraph
protocols.relax.FastRelax: CMD: repack  -287.735  0.302117  0.302117  0.022
protocols.relax.FastRelax: CMD: scale:fa_rep  -287.108  0.302117  0.302117  0.02805
protocols.relax.FastRelax: CMD: min  -331.985  0.620804  0.620804  0.02805
protocols.relax.FastRelax: CMD: coord_cst_weight  -331.985  0.620804  0.620804  0.02805
protocols.relax.FastRelax: CMD: scale:fa_rep  -235.325  0.620804  0.620804  0.14575
core.pack.task: Packer task: initialize from command line() 
core.pack.pack_rotamers: built 1004 rotamers at 75 positions.
core.pack.interaction_graph.interaction_graph_factory: Instantiating DensePDInteractionGraph
protocols.relax.FastRelax: CMD: repack  -237.088  0.620804  0.620804  0.14575
protocols.relax.FastRelax: CMD: scale:fa_rep  -230.569  0.620804  0.620804  0.154
protocols.relax.FastRelax: CMD: min  -284.592  0.388768  0.388768  0.154
protocols.relax.FastRelax: CMD: coord_cst_weight  -284.592  0.388768  0.388768  0.154
protocols.relax.FastRelax: CMD: scale:fa_rep  -250.354  0.388768  0.388768  0.30745
core.pack.task: Packer task: initialize from command line() 
core.pack.pack_rotamers: built 992 rotamers at 75 positions.
core.pack.interaction_graph.interaction_graph_factory: Instantiating DensePDInteractionGraph
protocols.relax.FastRelax: CMD: repack  -250.476  0.388768  0.388768  0.30745
protocols.relax.FastRelax: CMD: scale:fa_rep  -247.783  0.388768  0.388768  0.31955
protocols.relax.FastRelax: CMD: min  -262.626  0.311723  0.311723  0.31955
protocols.relax.FastRelax: CMD: coord_cst_weight  -262.626  0.311723  0.311723  0.31955
protocols.relax.FastRelax: CMD: scale:fa_rep  -235.348  0.311723  0.311723  0.55
core.pack.task: Packer task: initialize from command line() 
core.pack.pack_rotamers: built 976 rotamers at 75 positions.
core.pack.interaction_graph.interaction_graph_factory: Instantiating DensePDInteractionGraph
protocols.relax.FastRelax: CMD: repack  -235.432  0.311723  0.311723  0.55
protocols.relax.FastRelax: CMD: min  -243.724  0.300966  0.300966  0.55
protocols.relax.FastRelax: MRP: 9  -243.724  -248.444  0.199806  0.199806  
protocols.relax.FastRelax: CMD: accept_to_best  -243.724  0.300966  0.300966  0.55
protocols.relax.FastRelax: CMD: endrepeat  -243.724  0.300966  0.300966  0.55
protocols::checkpoint: Deleting checkpoints of FastRelax
protocols.rosetta_scripts.ParsedProtocol: setting status to success
protocols.jd2.JobDistributor: flags_relax_v3_no_cart_nstruct_10_structure_0008 reported success in 25 seconds
protocols.jd2.PDBJobInputter: PDBJobInputter::pose_from_job
protocols.jd2.PDBJobInputter: filling pose from saved copy structure.pdb
protocols.jd2.PDBJobInputter: PDBJobInputter::pose_from_job
protocols.jd2.PDBJobInputter: filling pose from PDB structure.pdb
core.import_pose.import_pose: File 'structure.pdb' automatically determined to be of type PDB from contents.
protocols.rosetta_scripts.ParsedProtocol: =======================BEGIN MOVER MutateResidue - mutant=======================
protocols.rosetta_scripts.ParsedProtocol: =======================BEGIN MOVER FastRelax - relax=======================
protocols.relax.FastRelax: CMD: repeat  -208.514  0  0  0.55
protocols.relax.FastRelax: CMD: coord_cst_weight  -208.514  0  0  0.55
protocols.relax.FastRelax: CMD: scale:fa_rep  -252.935  0  0  0.022
core.pack.task: Packer task: initialize from command line() 
core.pack.pack_rotamers: built 1065 rotamers at 75 positions.
core.pack.interaction_graph.interaction_graph_factory: Instantiating DensePDInteractionGraph
protocols.relax.FastRelax: CMD: repack  -286.326  0  0  0.022
protocols.relax.FastRelax: CMD: scale:fa_rep  -285.329  0  0  0.02805
protocols.relax.FastRelax: CMD: min  -330.818  0.562301  0.562301  0.02805
protocols.relax.FastRelax: CMD: coord_cst_weight  -330.818  0.562301  0.562301  0.02805
protocols.relax.FastRelax: CMD: scale:fa_rep  -235.404  0.562301  0.562301  0.14575
core.pack.task: Packer task: initialize from command line() 
core.pack.pack_rotamers: built 998 rotamers at 75 positions.
core.pack.interaction_graph.interaction_graph_factory: Instantiating DensePDInteractionGraph
protocols.relax.FastRelax: CMD: repack  -236.791  0.562301  0.562301  0.14575
protocols.relax.FastRelax: CMD: scale:fa_rep  -230.38  0.562301  0.562301  0.154
protocols.relax.FastRelax: CMD: min  -287.19  0.272146  0.272146  0.154
protocols.relax.FastRelax: CMD: coord_cst_weight  -287.19  0.272146  0.272146  0.154
protocols.relax.FastRelax: CMD: scale:fa_rep  -254.791  0.272146  0.272146  0.30745
core.pack.task: Packer task: initialize from command line() 
core.pack.pack_rotamers: built 988 rotamers at 75 positions.
core.pack.interaction_graph.interaction_graph_factory: Instantiating DensePDInteractionGraph
protocols.relax.FastRelax: CMD: repack  -254.83  0.272146  0.272146  0.30745
protocols.relax.FastRelax: CMD: scale:fa_rep  -252.273  0.272146  0.272146  0.31955
protocols.relax.FastRelax: CMD: min  -265.169  0.17819  0.17819  0.31955
protocols.relax.FastRelax: CMD: coord_cst_weight  -265.169  0.17819  0.17819  0.31955
protocols.relax.FastRelax: CMD: scale:fa_rep  -238.47  0.17819  0.17819  0.55
core.pack.task: Packer task: initialize from command line() 
core.pack.pack_rotamers: built 963 rotamers at 75 positions.
core.pack.interaction_graph.interaction_graph_factory: Instantiating DensePDInteractionGraph
protocols.relax.FastRelax: CMD: repack  -238.47  0.17819  0.17819  0.55
protocols.relax.FastRelax: CMD: min  -248.444  0.199806  0.199806  0.55
protocols.relax.FastRelax: MRP: 0  -248.444  -248.444  0.199806  0.199806  
protocols.relax.FastRelax: CMD: accept_to_best  -248.444  0.199806  0.199806  0.55
protocols.relax.FastRelax: CMD: endrepeat  -248.444  0.199806  0.199806  0.55
protocols.relax.FastRelax: CMD: coord_cst_weight  -248.444  0.199806  0.199806  0.55
protocols.relax.FastRelax: CMD: scale:fa_rep  -288.993  0.199806  0.199806  0.022
core.pack.task: Packer task: initialize from command line() 
core.pack.pack_rotamers: built 1081 rotamers at 75 positions.
core.pack.interaction_graph.interaction_graph_factory: Instantiating DensePDInteractionGraph
protocols.relax.FastRelax: CMD: repack  -291.079  0.199806  0.199806  0.022
protocols.relax.FastRelax: CMD: scale:fa_rep  -289.533  0.199806  0.199806  0.02805
protocols.relax.FastRelax: CMD: min  -327.307  0.547162  0.547162  0.02805
protocols.relax.FastRelax: CMD: coord_cst_weight  -327.307  0.547162  0.547162  0.02805
protocols.relax.FastRelax: CMD: scale:fa_rep  -240.75  0.547162  0.547162  0.14575
core.pack.task: Packer task: initialize from command line() 
core.pack.pack_rotamers: built 1022 rotamers at 75 positions.
core.pack.interaction_graph.interaction_graph_factory: Instantiating DensePDInteractionGraph
protocols.relax.FastRelax: CMD: repack  -247.031  0.547162  0.547162  0.14575
protocols.relax.FastRelax: CMD: scale:fa_rep  -241.728  0.547162  0.547162  0.154
protocols.relax.FastRelax: CMD: min  -288.088  0.30961  0.30961  0.154
protocols.relax.FastRelax: CMD: coord_cst_weight  -288.088  0.30961  0.30961  0.154
protocols.relax.FastRelax: CMD: scale:fa_rep  -258.593  0.30961  0.30961  0.30745
core.pack.task: Packer task: initialize from command line() 
core.pack.pack_rotamers: built 979 rotamers at 75 positions.
core.pack.interaction_graph.interaction_graph_factory: Instantiating DensePDInteractionGraph
protocols.relax.FastRelax: CMD: repack  -258.295  0.30961  0.30961  0.30745
protocols.relax.FastRelax: CMD: scale:fa_rep  -255.943  0.30961  0.30961  0.31955
protocols.relax.FastRelax: CMD: min  -264.528  0.246142  0.246142  0.31955
protocols.relax.FastRelax: CMD: coord_cst_weight  -264.528  0.246142  0.246142  0.31955
protocols.relax.FastRelax: CMD: scale:fa_rep  -236.626  0.246142  0.246142  0.55
core.pack.task: Packer task: initialize from command line() 
core.pack.pack_rotamers: built 962 rotamers at 75 positions.
core.pack.interaction_graph.interaction_graph_factory: Instantiating DensePDInteractionGraph
protocols.relax.FastRelax: CMD: repack  -236.731  0.246142  0.246142  0.55
protocols.relax.FastRelax: CMD: min  -248.059  0.232794  0.232794  0.55
protocols.relax.FastRelax: MRP: 1  -248.059  -248.444  0.199806  0.199806  
protocols.relax.FastRelax: CMD: accept_to_best  -248.059  0.232794  0.232794  0.55
protocols.relax.FastRelax: CMD: endrepeat  -248.059  0.232794  0.232794  0.55
protocols.relax.FastRelax: CMD: coord_cst_weight  -248.059  0.232794  0.232794  0.55
protocols.relax.FastRelax: CMD: scale:fa_rep  -288.607  0.232794  0.232794  0.022
core.pack.task: Packer task: initialize from command line() 
core.pack.pack_rotamers: built 1082 rotamers at 75 positions.
core.pack.interaction_graph.interaction_graph_factory: Instantiating DensePDInteractionGraph
protocols.relax.FastRelax: CMD: repack  -291.451  0.232794  0.232794  0.022
protocols.relax.FastRelax: CMD: scale:fa_rep  -290.044  0.232794  0.232794  0.02805
protocols.relax.FastRelax: CMD: min  -329.232  0.57085  0.57085  0.02805
protocols.relax.FastRelax: CMD: coord_cst_weight  -329.232  0.57085  0.57085  0.02805
protocols.relax.FastRelax: CMD: scale:fa_rep  -236.846  0.57085  0.57085  0.14575
core.pack.task: Packer task: initialize from command line() 
core.pack.pack_rotamers: built 1027 rotamers at 75 positions.
core.pack.interaction_graph.interaction_graph_factory: Instantiating DensePDInteractionGraph
protocols.relax.FastRelax: CMD: repack  -238.948  0.57085  0.57085  0.14575
protocols.relax.FastRelax: CMD: scale:fa_rep  -233.238  0.57085  0.57085  0.154
protocols.relax.FastRelax: CMD: min  -286.307  0.343242  0.343242  0.154
protocols.relax.FastRelax: CMD: coord_cst_weight  -286.307  0.343242  0.343242  0.154
protocols.relax.FastRelax: CMD: scale:fa_rep  -258.014  0.343242  0.343242  0.30745
core.pack.task: Packer task: initialize from command line() 
core.pack.pack_rotamers: built 981 rotamers at 75 positions.
core.pack.interaction_graph.interaction_graph_factory: Instantiating DensePDInteractionGraph
protocols.relax.FastRelax: CMD: repack  -258.014  0.343242  0.343242  0.30745
protocols.relax.FastRelax: CMD: scale:fa_rep  -255.783  0.343242  0.343242  0.31955
protocols.relax.FastRelax: CMD: min  -262.625  0.299799  0.299799  0.31955
protocols.relax.FastRelax: CMD: coord_cst_weight  -262.625  0.299799  0.299799  0.31955
protocols.relax.FastRelax: CMD: scale:fa_rep  -234.52  0.299799  0.299799  0.55
core.pack.task: Packer task: initialize from command line() 
core.pack.pack_rotamers: built 958 rotamers at 75 positions.
core.pack.interaction_graph.interaction_graph_factory: Instantiating DensePDInteractionGraph
protocols.relax.FastRelax: CMD: repack  -234.52  0.299799  0.299799  0.55
protocols.relax.FastRelax: CMD: min  -246.429  0.276813  0.276813  0.55
protocols.relax.FastRelax: MRP: 2  -246.429  -248.444  0.199806  0.199806  
protocols.relax.FastRelax: CMD: accept_to_best  -246.429  0.276813  0.276813  0.55
protocols.relax.FastRelax: CMD: endrepeat  -246.429  0.276813  0.276813  0.55
protocols.relax.FastRelax: CMD: coord_cst_weight  -246.429  0.276813  0.276813  0.55
protocols.relax.FastRelax: CMD: scale:fa_rep  -287.496  0.276813  0.276813  0.022
core.pack.task: Packer task: initialize from command line() 
core.pack.pack_rotamers: built 1082 rotamers at 75 positions.
core.pack.interaction_graph.interaction_graph_factory: Instantiating DensePDInteractionGraph
protocols.relax.FastRelax: CMD: repack  -290.258  0.276813  0.276813  0.022
protocols.relax.FastRelax: CMD: scale:fa_rep  -288.913  0.276813  0.276813  0.02805
protocols.relax.FastRelax: CMD: min  -333.246  0.633751  0.633751  0.02805
protocols.relax.FastRelax: CMD: coord_cst_weight  -333.246  0.633751  0.633751  0.02805
protocols.relax.FastRelax: CMD: scale:fa_rep  -232.802  0.633751  0.633751  0.14575
core.pack.task: Packer task: initialize from command line() 
core.pack.pack_rotamers: built 1016 rotamers at 75 positions.
core.pack.interaction_graph.interaction_graph_factory: Instantiating DensePDInteractionGraph
protocols.relax.FastRelax: CMD: repack  -234.044  0.633751  0.633751  0.14575
protocols.relax.FastRelax: CMD: scale:fa_rep  -227.148  0.633751  0.633751  0.154
protocols.relax.FastRelax: CMD: min  -291.052  0.376687  0.376687  0.154
protocols.relax.FastRelax: CMD: coord_cst_weight  -291.052  0.376687  0.376687  0.154
protocols.relax.FastRelax: CMD: scale:fa_rep  -259.46  0.376687  0.376687  0.30745
core.pack.task: Packer task: initialize from command line() 
core.pack.pack_rotamers: built 1004 rotamers at 75 positions.
core.pack.interaction_graph.interaction_graph_factory: Instantiating DensePDInteractionGraph
protocols.relax.FastRelax: CMD: repack  -259.46  0.376687  0.376687  0.30745
protocols.relax.FastRelax: CMD: scale:fa_rep  -256.968  0.376687  0.376687  0.31955
protocols.relax.FastRelax: CMD: min  -265.728  0.304691  0.304691  0.31955
protocols.relax.FastRelax: CMD: coord_cst_weight  -265.728  0.304691  0.304691  0.31955
protocols.relax.FastRelax: CMD: scale:fa_rep  -236.279  0.304691  0.304691  0.55
core.pack.task: Packer task: initialize from command line() 
core.pack.pack_rotamers: built 950 rotamers at 75 positions.
core.pack.interaction_graph.interaction_graph_factory: Instantiating DensePDInteractionGraph
protocols.relax.FastRelax: CMD: repack  -236.279  0.304691  0.304691  0.55
protocols.relax.FastRelax: CMD: min  -247.359  0.286249  0.286249  0.55
protocols.relax.FastRelax: MRP: 3  -247.359  -248.444  0.199806  0.199806  
protocols.relax.FastRelax: CMD: accept_to_best  -247.359  0.286249  0.286249  0.55
protocols.relax.FastRelax: CMD: endrepeat  -247.359  0.286249  0.286249  0.55
protocols.relax.FastRelax: CMD: coord_cst_weight  -247.359  0.286249  0.286249  0.55
protocols.relax.FastRelax: CMD: scale:fa_rep  -288.849  0.286249  0.286249  0.022
core.pack.task: Packer task: initialize from command line() 
core.pack.pack_rotamers: built 1087 rotamers at 75 positions.
core.pack.interaction_graph.interaction_graph_factory: Instantiating DensePDInteractionGraph
protocols.relax.FastRelax: CMD: repack  -288.973  0.286249  0.286249  0.022
protocols.relax.FastRelax: CMD: scale:fa_rep  -288.244  0.286249  0.286249  0.02805
protocols.relax.FastRelax: CMD: min  -335.952  0.647352  0.647352  0.02805
protocols.relax.FastRelax: CMD: coord_cst_weight  -335.952  0.647352  0.647352  0.02805
protocols.relax.FastRelax: CMD: scale:fa_rep  -238.585  0.647352  0.647352  0.14575
core.pack.task: Packer task: initialize from command line() 
core.pack.pack_rotamers: built 1013 rotamers at 75 positions.
core.pack.interaction_graph.interaction_graph_factory: Instantiating DensePDInteractionGraph
protocols.relax.FastRelax: CMD: repack  -240.079  0.647352  0.647352  0.14575
protocols.relax.FastRelax: CMD: scale:fa_rep  -233.41  0.647352  0.647352  0.154
protocols.relax.FastRelax: CMD: min  -289.485  0.413191  0.413191  0.154
protocols.relax.FastRelax: CMD: coord_cst_weight  -289.485  0.413191  0.413191  0.154
protocols.relax.FastRelax: CMD: scale:fa_rep  -254.592  0.413191  0.413191  0.30745
core.pack.task: Packer task: initialize from command line() 
core.pack.pack_rotamers: built 995 rotamers at 75 positions.
core.pack.interaction_graph.interaction_graph_factory: Instantiating DensePDInteractionGraph
protocols.relax.FastRelax: CMD: repack  -254.592  0.413191  0.413191  0.30745
protocols.relax.FastRelax: CMD: scale:fa_rep  -251.841  0.413191  0.413191  0.31955
protocols.relax.FastRelax: CMD: min  -264.03  0.34186  0.34186  0.31955
protocols.relax.FastRelax: CMD: coord_cst_weight  -264.03  0.34186  0.34186  0.31955
protocols.relax.FastRelax: CMD: scale:fa_rep  -233.753  0.34186  0.34186  0.55
core.pack.task: Packer task: initialize from command line() 
core.pack.pack_rotamers: built 952 rotamers at 75 positions.
core.pack.interaction_graph.interaction_graph_factory: Instantiating DensePDInteractionGraph
protocols.relax.FastRelax: CMD: repack  -233.753  0.34186  0.34186  0.55
protocols.relax.FastRelax: CMD: min  -245.919  0.332224  0.332224  0.55
protocols.relax.FastRelax: MRP: 4  -245.919  -248.444  0.199806  0.199806  
protocols.relax.FastRelax: CMD: accept_to_best  -245.919  0.332224  0.332224  0.55
protocols.relax.FastRelax: CMD: endrepeat  -245.919  0.332224  0.332224  0.55
protocols.relax.FastRelax: CMD: coord_cst_weight  -245.919  0.332224  0.332224  0.55
protocols.relax.FastRelax: CMD: scale:fa_rep  -288.137  0.332224  0.332224  0.022
core.pack.task: Packer task: initialize from command line() 
core.pack.pack_rotamers: built 1091 rotamers at 75 positions.
core.pack.interaction_graph.interaction_graph_factory: Instantiating DensePDInteractionGraph
protocols.relax.FastRelax: CMD: repack  -289.78  0.332224  0.332224  0.022
protocols.relax.FastRelax: CMD: scale:fa_rep  -289.108  0.332224  0.332224  0.02805
protocols.relax.FastRelax: CMD: min  -327.135  0.571968  0.571968  0.02805
protocols.relax.FastRelax: CMD: coord_cst_weight  -327.135  0.571968  0.571968  0.02805
protocols.relax.FastRelax: CMD: scale:fa_rep  -250.527  0.571968  0.571968  0.14575
core.pack.task: Packer task: initialize from command line() 
core.pack.pack_rotamers: built 1021 rotamers at 75 positions.
core.pack.interaction_graph.interaction_graph_factory: Instantiating DensePDInteractionGraph
protocols.relax.FastRelax: CMD: repack  -252.695  0.571968  0.571968  0.14575
protocols.relax.FastRelax: CMD: scale:fa_rep  -247.529  0.571968  0.571968  0.154
protocols.relax.FastRelax: CMD: min  -289.735  0.390124  0.390124  0.154
protocols.relax.FastRelax: CMD: coord_cst_weight  -289.735  0.390124  0.390124  0.154
protocols.relax.FastRelax: CMD: scale:fa_rep  -258.866  0.390124  0.390124  0.30745
core.pack.task: Packer task: initialize from command line() 
core.pack.pack_rotamers: built 999 rotamers at 75 positions.
core.pack.interaction_graph.interaction_graph_factory: Instantiating DensePDInteractionGraph
protocols.relax.FastRelax: CMD: repack  -258.866  0.390124  0.390124  0.30745
protocols.relax.FastRelax: CMD: scale:fa_rep  -256.432  0.390124  0.390124  0.31955
protocols.relax.FastRelax: CMD: min  -263.337  0.342398  0.342398  0.31955
protocols.relax.FastRelax: CMD: coord_cst_weight  -263.337  0.342398  0.342398  0.31955
protocols.relax.FastRelax: CMD: scale:fa_rep  -233.151  0.342398  0.342398  0.55
core.pack.task: Packer task: initialize from command line() 
core.pack.pack_rotamers: built 949 rotamers at 75 positions.
core.pack.interaction_graph.interaction_graph_factory: Instantiating DensePDInteractionGraph
protocols.relax.FastRelax: CMD: repack  -233.151  0.342398  0.342398  0.55
protocols.relax.FastRelax: CMD: min  -245.343  0.33785  0.33785  0.55
protocols.relax.FastRelax: MRP: 5  -245.343  -248.444  0.199806  0.199806  
protocols.relax.FastRelax: CMD: accept_to_best  -245.343  0.33785  0.33785  0.55
protocols.relax.FastRelax: CMD: endrepeat  -245.343  0.33785  0.33785  0.55
protocols.relax.FastRelax: CMD: coord_cst_weight  -245.343  0.33785  0.33785  0.55
protocols.relax.FastRelax: CMD: scale:fa_rep  -287.761  0.33785  0.33785  0.022
core.pack.task: Packer task: initialize from command line() 
core.pack.pack_rotamers: built 1085 rotamers at 75 positions.
core.pack.interaction_graph.interaction_graph_factory: Instantiating DensePDInteractionGraph
protocols.relax.FastRelax: CMD: repack  -289.279  0.33785  0.33785  0.022
protocols.relax.FastRelax: CMD: scale:fa_rep  -288.621  0.33785  0.33785  0.02805
protocols.relax.FastRelax: CMD: min  -336.806  0.66901  0.66901  0.02805
protocols.relax.FastRelax: CMD: coord_cst_weight  -336.806  0.66901  0.66901  0.02805
protocols.relax.FastRelax: CMD: scale:fa_rep  -239.342  0.66901  0.66901  0.14575
core.pack.task: Packer task: initialize from command line() 
core.pack.pack_rotamers: built 1004 rotamers at 75 positions.
core.pack.interaction_graph.interaction_graph_factory: Instantiating DensePDInteractionGraph
protocols.relax.FastRelax: CMD: repack  -241.092  0.66901  0.66901  0.14575
protocols.relax.FastRelax: CMD: scale:fa_rep  -234.469  0.66901  0.66901  0.154
protocols.relax.FastRelax: CMD: min  -290.077  0.420087  0.420087  0.154
protocols.relax.FastRelax: CMD: coord_cst_weight  -290.077  0.420087  0.420087  0.154
protocols.relax.FastRelax: CMD: scale:fa_rep  -256.096  0.420087  0.420087  0.30745
core.pack.task: Packer task: initialize from command line() 
core.pack.pack_rotamers: built 995 rotamers at 75 positions.
core.pack.interaction_graph.interaction_graph_factory: Instantiating DensePDInteractionGraph
protocols.relax.FastRelax: CMD: repack  -256.165  0.420087  0.420087  0.30745
protocols.relax.FastRelax: CMD: scale:fa_rep  -253.489  0.420087  0.420087  0.31955
protocols.relax.FastRelax: CMD: min  -264.073  0.34805  0.34805  0.31955
protocols.relax.FastRelax: CMD: coord_cst_weight  -264.073  0.34805  0.34805  0.31955
protocols.relax.FastRelax: CMD: scale:fa_rep  -233.864  0.34805  0.34805  0.55
core.pack.task: Packer task: initialize from command line() 
core.pack.pack_rotamers: built 962 rotamers at 75 positions.
core.pack.interaction_graph.interaction_graph_factory: Instantiating DensePDInteractionGraph
protocols.relax.FastRelax: CMD: repack  -233.864  0.34805  0.34805  0.55
protocols.relax.FastRelax: CMD: min  -245.354  0.338976  0.338976  0.55
protocols.relax.FastRelax: MRP: 6  -245.354  -248.444  0.199806  0.199806  
protocols.relax.FastRelax: CMD: accept_to_best  -245.354  0.338976  0.338976  0.55
protocols.relax.FastRelax: CMD: endrepeat  -245.354  0.338976  0.338976  0.55
protocols.relax.FastRelax: CMD: coord_cst_weight  -245.354  0.338976  0.338976  0.55
protocols.relax.FastRelax: CMD: scale:fa_rep  -287.825  0.338976  0.338976  0.022
core.pack.task: Packer task: initialize from command line() 
core.pack.pack_rotamers: built 1082 rotamers at 75 positions.
core.pack.interaction_graph.interaction_graph_factory: Instantiating DensePDInteractionGraph
protocols.relax.FastRelax: CMD: repack  -289.407  0.338976  0.338976  0.022
protocols.relax.FastRelax: CMD: scale:fa_rep  -288.744  0.338976  0.338976  0.02805
protocols.relax.FastRelax: CMD: min  -336.019  0.65836  0.65836  0.02805
protocols.relax.FastRelax: CMD: coord_cst_weight  -336.019  0.65836  0.65836  0.02805
protocols.relax.FastRelax: CMD: scale:fa_rep  -237.563  0.65836  0.65836  0.14575
core.pack.task: Packer task: initialize from command line() 
core.pack.pack_rotamers: built 1014 rotamers at 75 positions.
core.pack.interaction_graph.interaction_graph_factory: Instantiating DensePDInteractionGraph
protocols.relax.FastRelax: CMD: repack  -239.575  0.65836  0.65836  0.14575
protocols.relax.FastRelax: CMD: scale:fa_rep  -232.866  0.65836  0.65836  0.154
protocols.relax.FastRelax: CMD: min  -291.648  0.426898  0.426898  0.154
protocols.relax.FastRelax: CMD: coord_cst_weight  -291.648  0.426898  0.426898  0.154
protocols.relax.FastRelax: CMD: scale:fa_rep  -258.764  0.426898  0.426898  0.30745
core.pack.task: Packer task: initialize from command line() 
core.pack.pack_rotamers: built 994 rotamers at 75 positions.
core.pack.interaction_graph.interaction_graph_factory: Instantiating DensePDInteractionGraph
protocols.relax.FastRelax: CMD: repack  -258.764  0.426898  0.426898  0.30745
protocols.relax.FastRelax: CMD: scale:fa_rep  -256.171  0.426898  0.426898  0.31955
protocols.relax.FastRelax: CMD: min  -264.902  0.365005  0.365005  0.31955
protocols.relax.FastRelax: CMD: coord_cst_weight  -264.902  0.365005  0.365005  0.31955
protocols.relax.FastRelax: CMD: scale:fa_rep  -233.883  0.365005  0.365005  0.55
core.pack.task: Packer task: initialize from command line() 
core.pack.pack_rotamers: built 951 rotamers at 75 positions.
core.pack.interaction_graph.interaction_graph_factory: Instantiating DensePDInteractionGraph
protocols.relax.FastRelax: CMD: repack  -233.916  0.365005  0.365005  0.55
protocols.relax.FastRelax: CMD: min  -245.574  0.342326  0.342326  0.55
protocols.relax.FastRelax: MRP: 7  -245.574  -248.444  0.199806  0.199806  
protocols.relax.FastRelax: CMD: accept_to_best  -245.574  0.342326  0.342326  0.55
protocols.relax.FastRelax: CMD: endrepeat  -245.574  0.342326  0.342326  0.55
protocols.relax.FastRelax: CMD: coord_cst_weight  -245.574  0.342326  0.342326  0.55
protocols.relax.FastRelax: CMD: scale:fa_rep  -288.062  0.342326  0.342326  0.022
core.pack.task: Packer task: initialize from command line() 
core.pack.pack_rotamers: built 1082 rotamers at 75 positions.
core.pack.interaction_graph.interaction_graph_factory: Instantiating DensePDInteractionGraph
protocols.relax.FastRelax: CMD: repack  -289.527  0.342326  0.342326  0.022
protocols.relax.FastRelax: CMD: scale:fa_rep  -288.868  0.342326  0.342326  0.02805
protocols.relax.FastRelax: CMD: min  -334.89  0.641052  0.641052  0.02805
protocols.relax.FastRelax: CMD: coord_cst_weight  -334.89  0.641052  0.641052  0.02805
protocols.relax.FastRelax: CMD: scale:fa_rep  -239.236  0.641052  0.641052  0.14575
core.pack.task: Packer task: initialize from command line() 
core.pack.pack_rotamers: built 1013 rotamers at 75 positions.
core.pack.interaction_graph.interaction_graph_factory: Instantiating DensePDInteractionGraph
protocols.relax.FastRelax: CMD: repack  -240.761  0.641052  0.641052  0.14575
protocols.relax.FastRelax: CMD: scale:fa_rep  -234.252  0.641052  0.641052  0.154
protocols.relax.FastRelax: CMD: min  -290.583  0.414904  0.414904  0.154
protocols.relax.FastRelax: CMD: coord_cst_weight  -290.583  0.414904  0.414904  0.154
protocols.relax.FastRelax: CMD: scale:fa_rep  -256.917  0.414904  0.414904  0.30745
core.pack.task: Packer task: initialize from command line() 
core.pack.pack_rotamers: built 998 rotamers at 75 positions.
core.pack.interaction_graph.interaction_graph_factory: Instantiating DensePDInteractionGraph
protocols.relax.FastRelax: CMD: repack  -257.002  0.414904  0.414904  0.30745
protocols.relax.FastRelax: CMD: scale:fa_rep  -254.352  0.414904  0.414904  0.31955
protocols.relax.FastRelax: CMD: min  -264.304  0.349208  0.349208  0.31955
protocols.relax.FastRelax: CMD: coord_cst_weight  -264.304  0.349208  0.349208  0.31955
protocols.relax.FastRelax: CMD: scale:fa_rep  -233.745  0.349208  0.349208  0.55
core.pack.task: Packer task: initialize from command line() 
core.pack.pack_rotamers: built 961 rotamers at 75 positions.
core.pack.interaction_graph.interaction_graph_factory: Instantiating DensePDInteractionGraph
protocols.relax.FastRelax: CMD: repack  -233.745  0.349208  0.349208  0.55
protocols.relax.FastRelax: CMD: min  -245.356  0.339777  0.339777  0.55
protocols.relax.FastRelax: MRP: 8  -245.356  -248.444  0.199806  0.199806  
protocols.relax.FastRelax: CMD: accept_to_best  -245.356  0.339777  0.339777  0.55
protocols.relax.FastRelax: CMD: endrepeat  -245.356  0.339777  0.339777  0.55
protocols.relax.FastRelax: CMD: coord_cst_weight  -245.356  0.339777  0.339777  0.55
protocols.relax.FastRelax: CMD: scale:fa_rep  -287.827  0.339777  0.339777  0.022
core.pack.task: Packer task: initialize from command line() 
core.pack.pack_rotamers: built 1082 rotamers at 75 positions.
core.pack.interaction_graph.interaction_graph_factory: Instantiating DensePDInteractionGraph
protocols.relax.FastRelax: CMD: repack  -288.995  0.339777  0.339777  0.022
protocols.relax.FastRelax: CMD: scale:fa_rep  -288.004  0.339777  0.339777  0.02805
protocols.relax.FastRelax: CMD: min  -331.242  0.615198  0.615198  0.02805
protocols.relax.FastRelax: CMD: coord_cst_weight  -331.242  0.615198  0.615198  0.02805
protocols.relax.FastRelax: CMD: scale:fa_rep  -239.673  0.615198  0.615198  0.14575
core.pack.task: Packer task: initialize from command line() 
core.pack.pack_rotamers: built 1022 rotamers at 75 positions.
core.pack.interaction_graph.interaction_graph_factory: Instantiating DensePDInteractionGraph
protocols.relax.FastRelax: CMD: repack  -250.764  0.615198  0.615198  0.14575
protocols.relax.FastRelax: CMD: scale:fa_rep  -245.313  0.615198  0.615198  0.154
protocols.relax.FastRelax: CMD: min  -289.179  0.393643  0.393643  0.154
protocols.relax.FastRelax: CMD: coord_cst_weight  -289.179  0.393643  0.393643  0.154
protocols.relax.FastRelax: CMD: scale:fa_rep  -257.783  0.393643  0.393643  0.30745
core.pack.task: Packer task: initialize from command line() 
core.pack.pack_rotamers: built 999 rotamers at 75 positions.
core.pack.interaction_graph.interaction_graph_factory: Instantiating DensePDInteractionGraph
protocols.relax.FastRelax: CMD: repack  -257.824  0.393643  0.393643  0.30745
protocols.relax.FastRelax: CMD: scale:fa_rep  -255.351  0.393643  0.393643  0.31955
protocols.relax.FastRelax: CMD: min  -261.845  0.34448  0.34448  0.31955
protocols.relax.FastRelax: CMD: coord_cst_weight  -261.845  0.34448  0.34448  0.31955
protocols.relax.FastRelax: CMD: scale:fa_rep  -230.506  0.34448  0.34448  0.55
core.pack.task: Packer task: initialize from command line() 
core.pack.pack_rotamers: built 948 rotamers at 75 positions.
core.pack.interaction_graph.interaction_graph_factory: Instantiating DensePDInteractionGraph
protocols.relax.FastRelax: CMD: repack  -230.506  0.34448  0.34448  0.55
protocols.relax.FastRelax: CMD: min  -245.404  0.321517  0.321517  0.55
protocols.relax.FastRelax: MRP: 9  -245.404  -248.444  0.199806  0.199806  
protocols.relax.FastRelax: CMD: accept_to_best  -245.404  0.321517  0.321517  0.55
protocols.relax.FastRelax: CMD: endrepeat  -245.404  0.321517  0.321517  0.55
protocols::checkpoint: Deleting checkpoints of FastRelax
protocols.rosetta_scripts.ParsedProtocol: setting status to success
protocols.jd2.JobDistributor: flags_relax_v3_no_cart_nstruct_10_structure_0009 reported success in 25 seconds
protocols.jd2.PDBJobInputter: PDBJobInputter::pose_from_job
protocols.jd2.PDBJobInputter: filling pose from saved copy structure.pdb
protocols.jd2.PDBJobInputter: PDBJobInputter::pose_from_job
protocols.jd2.PDBJobInputter: filling pose from PDB structure.pdb
core.import_pose.import_pose: File 'structure.pdb' automatically determined to be of type PDB from contents.
protocols.rosetta_scripts.ParsedProtocol: =======================BEGIN MOVER MutateResidue - mutant=======================
protocols.rosetta_scripts.ParsedProtocol: =======================BEGIN MOVER FastRelax - relax=======================
protocols.relax.FastRelax: CMD: repeat  -208.514  0  0  0.55
protocols.relax.FastRelax: CMD: coord_cst_weight  -208.514  0  0  0.55
protocols.relax.FastRelax: CMD: scale:fa_rep  -252.935  0  0  0.022
core.pack.task: Packer task: initialize from command line() 
core.pack.pack_rotamers: built 1065 rotamers at 75 positions.
core.pack.interaction_graph.interaction_graph_factory: Instantiating DensePDInteractionGraph
protocols.relax.FastRelax: CMD: repack  -286.326  0  0  0.022
protocols.relax.FastRelax: CMD: scale:fa_rep  -285.329  0  0  0.02805
protocols.relax.FastRelax: CMD: min  -330.818  0.562301  0.562301  0.02805
protocols.relax.FastRelax: CMD: coord_cst_weight  -330.818  0.562301  0.562301  0.02805
protocols.relax.FastRelax: CMD: scale:fa_rep  -235.404  0.562301  0.562301  0.14575
core.pack.task: Packer task: initialize from command line() 
core.pack.pack_rotamers: built 998 rotamers at 75 positions.
core.pack.interaction_graph.interaction_graph_factory: Instantiating DensePDInteractionGraph
protocols.relax.FastRelax: CMD: repack  -236.587  0.562301  0.562301  0.14575
protocols.relax.FastRelax: CMD: scale:fa_rep  -230.249  0.562301  0.562301  0.154
protocols.relax.FastRelax: CMD: min  -288.016  0.259701  0.259701  0.154
protocols.relax.FastRelax: CMD: coord_cst_weight  -288.016  0.259701  0.259701  0.154
protocols.relax.FastRelax: CMD: scale:fa_rep  -257.905  0.259701  0.259701  0.30745
core.pack.task: Packer task: initialize from command line() 
core.pack.pack_rotamers: built 990 rotamers at 75 positions.
core.pack.interaction_graph.interaction_graph_factory: Instantiating DensePDInteractionGraph
protocols.relax.FastRelax: CMD: repack  -257.92  0.259701  0.259701  0.30745
protocols.relax.FastRelax: CMD: scale:fa_rep  -255.552  0.259701  0.259701  0.31955
protocols.relax.FastRelax: CMD: min  -263.829  0.201739  0.201739  0.31955
protocols.relax.FastRelax: CMD: coord_cst_weight  -263.829  0.201739  0.201739  0.31955
protocols.relax.FastRelax: CMD: scale:fa_rep  -235.245  0.201739  0.201739  0.55
core.pack.task: Packer task: initialize from command line() 
core.pack.pack_rotamers: built 952 rotamers at 75 positions.
core.pack.interaction_graph.interaction_graph_factory: Instantiating DensePDInteractionGraph
protocols.relax.FastRelax: CMD: repack  -235.283  0.201739  0.201739  0.55
protocols.relax.FastRelax: CMD: min  -247.796  0.199789  0.199789  0.55
protocols.relax.FastRelax: MRP: 0  -247.796  -247.796  0.199789  0.199789  
protocols.relax.FastRelax: CMD: accept_to_best  -247.796  0.199789  0.199789  0.55
protocols.relax.FastRelax: CMD: endrepeat  -247.796  0.199789  0.199789  0.55
protocols.relax.FastRelax: CMD: coord_cst_weight  -247.796  0.199789  0.199789  0.55
protocols.relax.FastRelax: CMD: scale:fa_rep  -288.46  0.199789  0.199789  0.022
core.pack.task: Packer task: initialize from command line() 
core.pack.pack_rotamers: built 1081 rotamers at 75 positions.
core.pack.interaction_graph.interaction_graph_factory: Instantiating DensePDInteractionGraph
protocols.relax.FastRelax: CMD: repack  -290.941  0.199789  0.199789  0.022
protocols.relax.FastRelax: CMD: scale:fa_rep  -289.96  0.199789  0.199789  0.02805
protocols.relax.FastRelax: CMD: min  -331.558  0.598631  0.598631  0.02805
protocols.relax.FastRelax: CMD: coord_cst_weight  -331.558  0.598631  0.598631  0.02805
protocols.relax.FastRelax: CMD: scale:fa_rep  -239.547  0.598631  0.598631  0.14575
core.pack.task: Packer task: initialize from command line() 
core.pack.pack_rotamers: built 1018 rotamers at 75 positions.
core.pack.interaction_graph.interaction_graph_factory: Instantiating DensePDInteractionGraph
protocols.relax.FastRelax: CMD: repack  -239.429  0.598631  0.598631  0.14575
protocols.relax.FastRelax: CMD: scale:fa_rep  -233.152  0.598631  0.598631  0.154
protocols.relax.FastRelax: CMD: min  -288.661  0.343417  0.343417  0.154
protocols.relax.FastRelax: CMD: coord_cst_weight  -288.661  0.343417  0.343417  0.154
protocols.relax.FastRelax: CMD: scale:fa_rep  -257.033  0.343417  0.343417  0.30745
core.pack.task: Packer task: initialize from command line() 
core.pack.pack_rotamers: built 988 rotamers at 75 positions.
core.pack.interaction_graph.interaction_graph_factory: Instantiating DensePDInteractionGraph
protocols.relax.FastRelax: CMD: repack  -257.033  0.343417  0.343417  0.30745
protocols.relax.FastRelax: CMD: scale:fa_rep  -254.538  0.343417  0.343417  0.31955
protocols.relax.FastRelax: CMD: min  -262.784  0.271507  0.271507  0.31955
protocols.relax.FastRelax: CMD: coord_cst_weight  -262.784  0.271507  0.271507  0.31955
protocols.relax.FastRelax: CMD: scale:fa_rep  -232.025  0.271507  0.271507  0.55
core.pack.task: Packer task: initialize from command line() 
core.pack.pack_rotamers: built 938 rotamers at 75 positions.
core.pack.interaction_graph.interaction_graph_factory: Instantiating DensePDInteractionGraph
protocols.relax.FastRelax: CMD: repack  -232.579  0.271507  0.271507  0.55
protocols.relax.FastRelax: CMD: min  -247.385  0.220889  0.220889  0.55
protocols.relax.FastRelax: MRP: 1  -247.385  -247.796  0.199789  0.199789  
protocols.relax.FastRelax: CMD: accept_to_best  -247.385  0.220889  0.220889  0.55
protocols.relax.FastRelax: CMD: endrepeat  -247.385  0.220889  0.220889  0.55
protocols.relax.FastRelax: CMD: coord_cst_weight  -247.385  0.220889  0.220889  0.55
protocols.relax.FastRelax: CMD: scale:fa_rep  -288.015  0.220889  0.220889  0.022
core.pack.task: Packer task: initialize from command line() 
core.pack.pack_rotamers: built 1081 rotamers at 75 positions.
core.pack.interaction_graph.interaction_graph_factory: Instantiating DensePDInteractionGraph
protocols.relax.FastRelax: CMD: repack  -291.068  0.220889  0.220889  0.022
protocols.relax.FastRelax: CMD: scale:fa_rep  -289.974  0.220889  0.220889  0.02805
protocols.relax.FastRelax: CMD: min  -326.241  0.510185  0.510185  0.02805
protocols.relax.FastRelax: CMD: coord_cst_weight  -326.241  0.510185  0.510185  0.02805
protocols.relax.FastRelax: CMD: scale:fa_rep  -252.86  0.510185  0.510185  0.14575
core.pack.task: Packer task: initialize from command line() 
core.pack.pack_rotamers: built 1021 rotamers at 75 positions.
core.pack.interaction_graph.interaction_graph_factory: Instantiating DensePDInteractionGraph
protocols.relax.FastRelax: CMD: repack  -255.188  0.510185  0.510185  0.14575
protocols.relax.FastRelax: CMD: scale:fa_rep  -250.366  0.510185  0.510185  0.154
protocols.relax.FastRelax: CMD: min  -286.25  0.328646  0.328646  0.154
protocols.relax.FastRelax: CMD: coord_cst_weight  -286.25  0.328646  0.328646  0.154
protocols.relax.FastRelax: CMD: scale:fa_rep  -256.42  0.328646  0.328646  0.30745
core.pack.task: Packer task: initialize from command line() 
core.pack.pack_rotamers: built 982 rotamers at 75 positions.
core.pack.interaction_graph.interaction_graph_factory: Instantiating DensePDInteractionGraph
protocols.relax.FastRelax: CMD: repack  -256.426  0.328646  0.328646  0.30745
protocols.relax.FastRelax: CMD: scale:fa_rep  -254.074  0.328646  0.328646  0.31955
protocols.relax.FastRelax: CMD: min  -262.383  0.275772  0.275772  0.31955
protocols.relax.FastRelax: CMD: coord_cst_weight  -262.383  0.275772  0.275772  0.31955
protocols.relax.FastRelax: CMD: scale:fa_rep  -232.883  0.275772  0.275772  0.55
core.pack.task: Packer task: initialize from command line() 
core.pack.pack_rotamers: built 961 rotamers at 75 positions.
core.pack.interaction_graph.interaction_graph_factory: Instantiating DensePDInteractionGraph
protocols.relax.FastRelax: CMD: repack  -233.06  0.275772  0.275772  0.55
protocols.relax.FastRelax: CMD: min  -247.958  0.285133  0.285133  0.55
protocols.relax.FastRelax: MRP: 2  -247.958  -247.958  0.285133  0.285133  
protocols.relax.FastRelax: CMD: accept_to_best  -247.958  0.285133  0.285133  0.55
protocols.relax.FastRelax: CMD: endrepeat  -247.958  0.285133  0.285133  0.55
protocols.relax.FastRelax: CMD: coord_cst_weight  -247.958  0.285133  0.285133  0.55
protocols.relax.FastRelax: CMD: scale:fa_rep  -289.426  0.285133  0.285133  0.022
core.pack.task: Packer task: initialize from command line() 
core.pack.pack_rotamers: built 1074 rotamers at 75 positions.
core.pack.interaction_graph.interaction_graph_factory: Instantiating DensePDInteractionGraph
protocols.relax.FastRelax: CMD: repack  -292.117  0.285133  0.285133  0.022
protocols.relax.FastRelax: CMD: scale:fa_rep  -291.51  0.285133  0.285133  0.02805
protocols.relax.FastRelax: CMD: min  -336.141  0.636312  0.636312  0.02805
protocols.relax.FastRelax: CMD: coord_cst_weight  -336.141  0.636312  0.636312  0.02805
protocols.relax.FastRelax: CMD: scale:fa_rep  -241.326  0.636312  0.636312  0.14575
core.pack.task: Packer task: initialize from command line() 
core.pack.pack_rotamers: built 1014 rotamers at 75 positions.
core.pack.interaction_graph.interaction_graph_factory: Instantiating DensePDInteractionGraph
protocols.relax.FastRelax: CMD: repack  -242.58  0.636312  0.636312  0.14575
protocols.relax.FastRelax: CMD: scale:fa_rep  -236.166  0.636312  0.636312  0.154
protocols.relax.FastRelax: CMD: min  -291.696  0.382874  0.382874  0.154
protocols.relax.FastRelax: CMD: coord_cst_weight  -291.696  0.382874  0.382874  0.154
protocols.relax.FastRelax: CMD: scale:fa_rep  -259.125  0.382874  0.382874  0.30745
core.pack.task: Packer task: initialize from command line() 
core.pack.pack_rotamers: built 993 rotamers at 75 positions.
core.pack.interaction_graph.interaction_graph_factory: Instantiating DensePDInteractionGraph
protocols.relax.FastRelax: CMD: repack  -259.125  0.382874  0.382874  0.30745
protocols.relax.FastRelax: CMD: scale:fa_rep  -256.557  0.382874  0.382874  0.31955
protocols.relax.FastRelax: CMD: min  -263.035  0.313715  0.313715  0.31955
protocols.relax.FastRelax: CMD: coord_cst_weight  -263.035  0.313715  0.313715  0.31955
protocols.relax.FastRelax: CMD: scale:fa_rep  -230.674  0.313715  0.313715  0.55
core.pack.task: Packer task: initialize from command line() 
core.pack.pack_rotamers: built 953 rotamers at 75 positions.
core.pack.interaction_graph.interaction_graph_factory: Instantiating DensePDInteractionGraph
protocols.relax.FastRelax: CMD: repack  -230.674  0.313715  0.313715  0.55
protocols.relax.FastRelax: CMD: min  -248.35  0.289653  0.289653  0.55
protocols.relax.FastRelax: MRP: 3  -248.35  -248.35  0.289653  0.289653  
protocols.relax.FastRelax: CMD: accept_to_best  -248.35  0.289653  0.289653  0.55
protocols.relax.FastRelax: CMD: endrepeat  -248.35  0.289653  0.289653  0.55
protocols.relax.FastRelax: CMD: coord_cst_weight  -248.35  0.289653  0.289653  0.55
protocols.relax.FastRelax: CMD: scale:fa_rep  -289.931  0.289653  0.289653  0.022
core.pack.task: Packer task: initialize from command line() 
core.pack.pack_rotamers: built 1076 rotamers at 75 positions.
core.pack.interaction_graph.interaction_graph_factory: Instantiating DensePDInteractionGraph
protocols.relax.FastRelax: CMD: repack  -292.181  0.289653  0.289653  0.022
protocols.relax.FastRelax: CMD: scale:fa_rep  -290.914  0.289653  0.289653  0.02805
protocols.relax.FastRelax: CMD: min  -334.298  0.598665  0.598665  0.02805
protocols.relax.FastRelax: CMD: coord_cst_weight  -334.298  0.598665  0.598665  0.02805
protocols.relax.FastRelax: CMD: scale:fa_rep  -238.65  0.598665  0.598665  0.14575
core.pack.task: Packer task: initialize from command line() 
core.pack.pack_rotamers: built 1013 rotamers at 75 positions.
core.pack.interaction_graph.interaction_graph_factory: Instantiating DensePDInteractionGraph
protocols.relax.FastRelax: CMD: repack  -248.007  0.598665  0.598665  0.14575
protocols.relax.FastRelax: CMD: scale:fa_rep  -242.218  0.598665  0.598665  0.154
protocols.relax.FastRelax: CMD: min  -288.02  0.398507  0.398507  0.154
protocols.relax.FastRelax: CMD: coord_cst_weight  -288.02  0.398507  0.398507  0.154
protocols.relax.FastRelax: CMD: scale:fa_rep  -253.484  0.398507  0.398507  0.30745
core.pack.task: Packer task: initialize from command line() 
core.pack.pack_rotamers: built 986 rotamers at 75 positions.
core.pack.interaction_graph.interaction_graph_factory: Instantiating DensePDInteractionGraph
protocols.relax.FastRelax: CMD: repack  -253.502  0.398507  0.398507  0.30745
protocols.relax.FastRelax: CMD: scale:fa_rep  -250.782  0.398507  0.398507  0.31955
protocols.relax.FastRelax: CMD: min  -265.691  0.306439  0.306439  0.31955
protocols.relax.FastRelax: CMD: coord_cst_weight  -265.691  0.306439  0.306439  0.31955
protocols.relax.FastRelax: CMD: scale:fa_rep  -235.973  0.306439  0.306439  0.55
core.pack.task: Packer task: initialize from command line() 
core.pack.pack_rotamers: built 955 rotamers at 75 positions.
core.pack.interaction_graph.interaction_graph_factory: Instantiating DensePDInteractionGraph
protocols.relax.FastRelax: CMD: repack  -236.011  0.306439  0.306439  0.55
protocols.relax.FastRelax: CMD: min  -247.856  0.291138  0.291138  0.55
protocols.relax.FastRelax: MRP: 4  -247.856  -248.35  0.289653  0.289653  
protocols.relax.FastRelax: CMD: accept_to_best  -247.856  0.291138  0.291138  0.55
protocols.relax.FastRelax: CMD: endrepeat  -247.856  0.291138  0.291138  0.55
protocols.relax.FastRelax: CMD: coord_cst_weight  -247.856  0.291138  0.291138  0.55
protocols.relax.FastRelax: CMD: scale:fa_rep  -289.535  0.291138  0.291138  0.022
core.pack.task: Packer task: initialize from command line() 
core.pack.pack_rotamers: built 1078 rotamers at 75 positions.
core.pack.interaction_graph.interaction_graph_factory: Instantiating DensePDInteractionGraph
protocols.relax.FastRelax: CMD: repack  -292.368  0.291138  0.291138  0.022
protocols.relax.FastRelax: CMD: scale:fa_rep  -291.426  0.291138  0.291138  0.02805
protocols.relax.FastRelax: CMD: min  -337.11  0.630077  0.630077  0.02805
protocols.relax.FastRelax: CMD: coord_cst_weight  -337.11  0.630077  0.630077  0.02805
protocols.relax.FastRelax: CMD: scale:fa_rep  -241.456  0.630077  0.630077  0.14575
core.pack.task: Packer task: initialize from command line() 
core.pack.pack_rotamers: built 1009 rotamers at 75 positions.
core.pack.interaction_graph.interaction_graph_factory: Instantiating DensePDInteractionGraph
protocols.relax.FastRelax: CMD: repack  -242.903  0.630077  0.630077  0.14575
protocols.relax.FastRelax: CMD: scale:fa_rep  -236.437  0.630077  0.630077  0.154
protocols.relax.FastRelax: CMD: min  -293.634  0.376263  0.376263  0.154
protocols.relax.FastRelax: CMD: coord_cst_weight  -293.634  0.376263  0.376263  0.154
protocols.relax.FastRelax: CMD: scale:fa_rep  -262.093  0.376263  0.376263  0.30745
core.pack.task: Packer task: initialize from command line() 
core.pack.pack_rotamers: built 995 rotamers at 75 positions.
core.pack.interaction_graph.interaction_graph_factory: Instantiating DensePDInteractionGraph
protocols.relax.FastRelax: CMD: repack  -262.105  0.376263  0.376263  0.30745
protocols.relax.FastRelax: CMD: scale:fa_rep  -259.624  0.376263  0.376263  0.31955
protocols.relax.FastRelax: CMD: min  -266.183  0.308605  0.308605  0.31955
protocols.relax.FastRelax: CMD: coord_cst_weight  -266.183  0.308605  0.308605  0.31955
protocols.relax.FastRelax: CMD: scale:fa_rep  -234.643  0.308605  0.308605  0.55
core.pack.task: Packer task: initialize from command line() 
core.pack.pack_rotamers: built 960 rotamers at 75 positions.
core.pack.interaction_graph.interaction_graph_factory: Instantiating DensePDInteractionGraph
protocols.relax.FastRelax: CMD: repack  -234.758  0.308605  0.308605  0.55
protocols.relax.FastRelax: CMD: min  -247.902  0.291619  0.291619  0.55
protocols.relax.FastRelax: MRP: 5  -247.902  -248.35  0.289653  0.289653  
protocols.relax.FastRelax: CMD: accept_to_best  -247.902  0.291619  0.291619  0.55
protocols.relax.FastRelax: CMD: endrepeat  -247.902  0.291619  0.291619  0.55
protocols.relax.FastRelax: CMD: coord_cst_weight  -247.902  0.291619  0.291619  0.55
protocols.relax.FastRelax: CMD: scale:fa_rep  -289.588  0.291619  0.291619  0.022
core.pack.task: Packer task: initialize from command line() 
core.pack.pack_rotamers: built 1076 rotamers at 75 positions.
core.pack.interaction_graph.interaction_graph_factory: Instantiating DensePDInteractionGraph
protocols.relax.FastRelax: CMD: repack  -292.339  0.291619  0.291619  0.022
protocols.relax.FastRelax: CMD: scale:fa_rep  -291.391  0.291619  0.291619  0.02805
protocols.relax.FastRelax: CMD: min  -332.864  0.602443  0.602443  0.02805
protocols.relax.FastRelax: CMD: coord_cst_weight  -332.864  0.602443  0.602443  0.02805
protocols.relax.FastRelax: CMD: scale:fa_rep  -244.619  0.602443  0.602443  0.14575
core.pack.task: Packer task: initialize from command line() 
core.pack.pack_rotamers: built 1018 rotamers at 75 positions.
core.pack.interaction_graph.interaction_graph_factory: Instantiating DensePDInteractionGraph
protocols.relax.FastRelax: CMD: repack  -246.253  0.602443  0.602443  0.14575
protocols.relax.FastRelax: CMD: scale:fa_rep  -240.26  0.602443  0.602443  0.154
protocols.relax.FastRelax: CMD: min  -289.57  0.384728  0.384728  0.154
protocols.relax.FastRelax: CMD: coord_cst_weight  -289.57  0.384728  0.384728  0.154
protocols.relax.FastRelax: CMD: scale:fa_rep  -257.306  0.384728  0.384728  0.30745
core.pack.task: Packer task: initialize from command line() 
core.pack.pack_rotamers: built 1002 rotamers at 75 positions.
core.pack.interaction_graph.interaction_graph_factory: Instantiating DensePDInteractionGraph
protocols.relax.FastRelax: CMD: repack  -257.422  0.384728  0.384728  0.30745
protocols.relax.FastRelax: CMD: scale:fa_rep  -254.92  0.384728  0.384728  0.31955
protocols.relax.FastRelax: CMD: min  -267.793  0.290453  0.290453  0.31955
protocols.relax.FastRelax: CMD: coord_cst_weight  -267.793  0.290453  0.290453  0.31955
protocols.relax.FastRelax: CMD: scale:fa_rep  -240.2  0.290453  0.290453  0.55
core.pack.task: Packer task: initialize from command line() 
core.pack.pack_rotamers: built 959 rotamers at 75 positions.
core.pack.interaction_graph.interaction_graph_factory: Instantiating DensePDInteractionGraph
protocols.relax.FastRelax: CMD: repack  -240.2  0.290453  0.290453  0.55
protocols.relax.FastRelax: CMD: min  -248.356  0.284259  0.284259  0.55
protocols.relax.FastRelax: MRP: 6  -248.356  -248.356  0.284259  0.284259  
protocols.relax.FastRelax: CMD: accept_to_best  -248.356  0.284259  0.284259  0.55
protocols.relax.FastRelax: CMD: endrepeat  -248.356  0.284259  0.284259  0.55
protocols.relax.FastRelax: CMD: coord_cst_weight  -248.356  0.284259  0.284259  0.55
protocols.relax.FastRelax: CMD: scale:fa_rep  -290.065  0.284259  0.284259  0.022
core.pack.task: Packer task: initialize from command line() 
core.pack.pack_rotamers: built 1087 rotamers at 75 positions.
core.pack.interaction_graph.interaction_graph_factory: Instantiating DensePDInteractionGraph
protocols.relax.FastRelax: CMD: repack  -291.841  0.284259  0.284259  0.022
protocols.relax.FastRelax: CMD: scale:fa_rep  -290.897  0.284259  0.284259  0.02805
protocols.relax.FastRelax: CMD: min  -336.944  0.631113  0.631113  0.02805
protocols.relax.FastRelax: CMD: coord_cst_weight  -336.944  0.631113  0.631113  0.02805
protocols.relax.FastRelax: CMD: scale:fa_rep  -242.385  0.631113  0.631113  0.14575
core.pack.task: Packer task: initialize from command line() 
core.pack.pack_rotamers: built 1010 rotamers at 75 positions.
core.pack.interaction_graph.interaction_graph_factory: Instantiating DensePDInteractionGraph
protocols.relax.FastRelax: CMD: repack  -243.767  0.631113  0.631113  0.14575
protocols.relax.FastRelax: CMD: scale:fa_rep  -237.375  0.631113  0.631113  0.154
protocols.relax.FastRelax: CMD: min  -292.369  0.377711  0.377711  0.154
protocols.relax.FastRelax: CMD: coord_cst_weight  -292.369  0.377711  0.377711  0.154
protocols.relax.FastRelax: CMD: scale:fa_rep  -259.645  0.377711  0.377711  0.30745
core.pack.task: Packer task: initialize from command line() 
core.pack.pack_rotamers: built 993 rotamers at 75 positions.
core.pack.interaction_graph.interaction_graph_factory: Instantiating DensePDInteractionGraph
protocols.relax.FastRelax: CMD: repack  -259.645  0.377711  0.377711  0.30745
protocols.relax.FastRelax: CMD: scale:fa_rep  -257.065  0.377711  0.377711  0.31955
protocols.relax.FastRelax: CMD: min  -264.086  0.307389  0.307389  0.31955
protocols.relax.FastRelax: CMD: coord_cst_weight  -264.086  0.307389  0.307389  0.31955
protocols.relax.FastRelax: CMD: scale:fa_rep  -231.501  0.307389  0.307389  0.55
core.pack.task: Packer task: initialize from command line() 
core.pack.pack_rotamers: built 947 rotamers at 75 positions.
core.pack.interaction_graph.interaction_graph_factory: Instantiating DensePDInteractionGraph
protocols.relax.FastRelax: CMD: repack  -231.501  0.307389  0.307389  0.55
protocols.relax.FastRelax: CMD: min  -248.448  0.285099  0.285099  0.55
protocols.relax.FastRelax: MRP: 7  -248.448  -248.448  0.285099  0.285099  
protocols.relax.FastRelax: CMD: accept_to_best  -248.448  0.285099  0.285099  0.55
protocols.relax.FastRelax: CMD: endrepeat  -248.448  0.285099  0.285099  0.55
protocols.relax.FastRelax: CMD: coord_cst_weight  -248.448  0.285099  0.285099  0.55
protocols.relax.FastRelax: CMD: scale:fa_rep  -290.209  0.285099  0.285099  0.022
core.pack.task: Packer task: initialize from command line() 
core.pack.pack_rotamers: built 1087 rotamers at 75 positions.
core.pack.interaction_graph.interaction_graph_factory: Instantiating DensePDInteractionGraph
protocols.relax.FastRelax: CMD: repack  -291.727  0.285099  0.285099  0.022
protocols.relax.FastRelax: CMD: scale:fa_rep  -290.441  0.285099  0.285099  0.02805
protocols.relax.FastRelax: CMD: min  -331.996  0.58472  0.58472  0.02805
protocols.relax.FastRelax: CMD: coord_cst_weight  -331.996  0.58472  0.58472  0.02805
protocols.relax.FastRelax: CMD: scale:fa_rep  -240.369  0.58472  0.58472  0.14575
core.pack.task: Packer task: initialize from command line() 
core.pack.pack_rotamers: built 1017 rotamers at 75 positions.
core.pack.interaction_graph.interaction_graph_factory: Instantiating DensePDInteractionGraph
protocols.relax.FastRelax: CMD: repack  -249.184  0.58472  0.58472  0.14575
protocols.relax.FastRelax: CMD: scale:fa_rep  -243.643  0.58472  0.58472  0.154
protocols.relax.FastRelax: CMD: min  -289.841  0.342052  0.342052  0.154
protocols.relax.FastRelax: CMD: coord_cst_weight  -289.841  0.342052  0.342052  0.154
protocols.relax.FastRelax: CMD: scale:fa_rep  -259.035  0.342052  0.342052  0.30745
core.pack.task: Packer task: initialize from command line() 
core.pack.pack_rotamers: built 998 rotamers at 75 positions.
core.pack.interaction_graph.interaction_graph_factory: Instantiating DensePDInteractionGraph
protocols.relax.FastRelax: CMD: repack  -259.037  0.342052  0.342052  0.30745
protocols.relax.FastRelax: CMD: scale:fa_rep  -256.609  0.342052  0.342052  0.31955
protocols.relax.FastRelax: CMD: min  -266.15  0.289218  0.289218  0.31955
protocols.relax.FastRelax: CMD: coord_cst_weight  -266.15  0.289218  0.289218  0.31955
protocols.relax.FastRelax: CMD: scale:fa_rep  -237.449  0.289218  0.289218  0.55
core.pack.task: Packer task: initialize from command line() 
core.pack.pack_rotamers: built 966 rotamers at 75 positions.
core.pack.interaction_graph.interaction_graph_factory: Instantiating DensePDInteractionGraph
protocols.relax.FastRelax: CMD: repack  -237.449  0.289218  0.289218  0.55
protocols.relax.FastRelax: CMD: min  -248.574  0.258613  0.258613  0.55
protocols.relax.FastRelax: MRP: 8  -248.574  -248.574  0.258613  0.258613  
protocols.relax.FastRelax: CMD: accept_to_best  -248.574  0.258613  0.258613  0.55
protocols.relax.FastRelax: CMD: endrepeat  -248.574  0.258613  0.258613  0.55
protocols.relax.FastRelax: CMD: coord_cst_weight  -248.574  0.258613  0.258613  0.55
protocols.relax.FastRelax: CMD: scale:fa_rep  -289.737  0.258613  0.258613  0.022
core.pack.task: Packer task: initialize from command line() 
core.pack.pack_rotamers: built 1086 rotamers at 75 positions.
core.pack.interaction_graph.interaction_graph_factory: Instantiating DensePDInteractionGraph
protocols.relax.FastRelax: CMD: repack  -291.365  0.258613  0.258613  0.022
protocols.relax.FastRelax: CMD: scale:fa_rep  -289.187  0.258613  0.258613  0.02805
protocols.relax.FastRelax: CMD: min  -327.188  0.546609  0.546609  0.02805
protocols.relax.FastRelax: CMD: coord_cst_weight  -327.188  0.546609  0.546609  0.02805
protocols.relax.FastRelax: CMD: scale:fa_rep  -241.291  0.546609  0.546609  0.14575
core.pack.task: Packer task: initialize from command line() 
core.pack.pack_rotamers: built 1009 rotamers at 75 positions.
core.pack.interaction_graph.interaction_graph_factory: Instantiating DensePDInteractionGraph
protocols.relax.FastRelax: CMD: repack  -250.418  0.546609  0.546609  0.14575
protocols.relax.FastRelax: CMD: scale:fa_rep  -245.326  0.546609  0.546609  0.154
protocols.relax.FastRelax: CMD: min  -289.345  0.371213  0.371213  0.154
protocols.relax.FastRelax: CMD: coord_cst_weight  -289.345  0.371213  0.371213  0.154
protocols.relax.FastRelax: CMD: scale:fa_rep  -258.741  0.371213  0.371213  0.30745
core.pack.task: Packer task: initialize from command line() 
core.pack.pack_rotamers: built 995 rotamers at 75 positions.
core.pack.interaction_graph.interaction_graph_factory: Instantiating DensePDInteractionGraph
protocols.relax.FastRelax: CMD: repack  -258.741  0.371213  0.371213  0.30745
protocols.relax.FastRelax: CMD: scale:fa_rep  -256.328  0.371213  0.371213  0.31955
protocols.relax.FastRelax: CMD: min  -266.169  0.298649  0.298649  0.31955
protocols.relax.FastRelax: CMD: coord_cst_weight  -266.169  0.298649  0.298649  0.31955
protocols.relax.FastRelax: CMD: scale:fa_rep  -238.54  0.298649  0.298649  0.55
core.pack.task: Packer task: initialize from command line() 
core.pack.pack_rotamers: built 959 rotamers at 75 positions.
core.pack.interaction_graph.interaction_graph_factory: Instantiating DensePDInteractionGraph
protocols.relax.FastRelax: CMD: repack  -238.54  0.298649  0.298649  0.55
protocols.relax.FastRelax: CMD: min  -247.974  0.286236  0.286236  0.55
protocols.relax.FastRelax: MRP: 9  -247.974  -248.574  0.258613  0.258613  
protocols.relax.FastRelax: CMD: accept_to_best  -247.974  0.286236  0.286236  0.55
protocols.relax.FastRelax: CMD: endrepeat  -247.974  0.286236  0.286236  0.55
protocols::checkpoint: Deleting checkpoints of FastRelax
protocols.rosetta_scripts.ParsedProtocol: setting status to success
protocols.jd2.JobDistributor: flags_relax_v3_no_cart_nstruct_10_structure_0010 reported success in 25 seconds
protocols.jd2.JobDistributor: no more batches to process... 
protocols.jd2.JobDistributor: 10 jobs considered, 10 jobs attempted in 260 seconds
basic.citation_manager.CitationManager: 
The following Rosetta modules were used during this run of Rosetta, and should be cited:

rosetta_scripts Application's citation(s):
Fleishman SJ, Leaver-Fay A, Corn JE, Strauch E-M, Khare SD, Koga N, Ashworth J, Murphy P, Richter F, Lemmon G, Meiler J, and Baker D.  (2011).  RosettaScripts: A Scripting Language Interface to the Rosetta Macromolecular Modeling Suite.  PLoS ONE 6(6):e20161.  doi: 10.1371/journal.pone.0020161.

FastRelax Mover's citation(s):
*Tyka MD, *Keedy DA, André I, Dimaio F, Song Y, Richardson DC, Richardson JS, and Baker D.  (2011).  Alternate states of proteins revealed by detailed energy landscape mapping.  J Mol Biol 405(2):607-18.  doi: 10.1016/j.jmb.2010.11.008.  (*Co-primary authors.)

Khatib F, Cooper S, Tyka MD, Xu K, Makedon I, Popovic Z, Baker D, and Players F.  (2011).  Algorithm discovery by protein folding game players.  Proc Natl Acad Sci USA 108(47):18949-53.  doi: 10.1073/pnas.1115898108.

Maguire JB, Haddox HK, Strickland D, Halabiya SF, Coventry B, Griffin JR, Pulavarti SVSRK, Cummins M, Thieker DF, Klavins E, Szyperski T, DiMaio F, Baker D, and Kuhlman B.  (2021).  Perturbing the energy landscape for improved packing during computational protein design.  Proteins 89(4):436-449.  doi: 10.1002/prot.26030.


